Id,MSSubClass,MSZoning,LotFrontage,LotArea,Street,Alley,LotShape,LandContour,Utilities,LotConfig,LandSlope,Neighborhood,Condition1,Condition2,BldgType,HouseStyle,OverallQual,OverallCond,YearBuilt,YearRemodAdd,RoofStyle,RoofMatl,Exterior1st,Exterior2nd,MasVnrType,MasVnrArea,ExterQual,ExterCond,Foundation,BsmtQual,BsmtCond,BsmtExposure,BsmtFinType1,BsmtFinSF1,BsmtFinType2,BsmtFinSF2,BsmtUnfSF,TotalBsmtSF,Heating,HeatingQC,CentralAir,Electrical,1stFlrSF,2ndFlrSF,LowQualFinSF,GrLivArea,BsmtFullBath,BsmtHalfBath,FullBath,HalfBath,BedroomAbvGr,KitchenAbvGr,KitchenQual,TotRmsAbvGrd,Functional,Fireplaces,FireplaceQu,GarageType,GarageYrBlt,GarageFinish,GarageCars,GarageArea,GarageQual,GarageCond,PavedDrive,WoodDeckSF,OpenPorchSF,EnclosedPorch,3SsnPorch,ScreenPorch,PoolArea,PoolQC,Fence,MiscFeature,MiscVal,MoSold,YrSold,SaleType,SaleCondition,SalePrice,GrLivArea_LotArea_ratio,TotalSF,TotalBath,Age,MSZoning_encoded,Street_encoded,Alley_encoded,LotShape_encoded,LandContour_encoded
1,60,RL,65.0,8450,Pave,Grvl,Reg,Lvl,AllPub,Inside,Gtl,CollgCr,Norm,Norm,1Fam,2Story,7,5,2003,2003,Gable,CompShg,VinylSd,VinylSd,BrkFace,196.0,Gd,TA,PConc,Gd,TA,No,GLQ,706,Unf,0,150,856,GasA,Ex,Y,SBrkr,856,854,0,1710,1,0,2,1,3,1,Gd,8,Typ,0,Gd,Attchd,2003.0,RFn,2,548,TA,TA,Y,0,61,0,0,0,0,Gd,MnPrv,Shed,0,2,2008,WD,Normal,208500,0.20234291799787008,1710,2.5,21,0,0,0,0,0
2,20,RL,80.0,9600,Pave,Grvl,Reg,Lvl,AllPub,FR2,Gtl,Veenker,Feedr,Norm,1Fam,1Story,6,8,1976,1976,Gable,CompShg,MetalSd,MetalSd,BrkFace,0.0,TA,TA,CBlock,Gd,TA,Gd,ALQ,978,Unf,0,284,1262,GasA,Ex,Y,SBrkr,1262,0,0,1262,0,1,2,0,3,1,TA,6,Typ,1,TA,Attchd,1976.0,RFn,2,460,TA,TA,Y,298,0,0,0,0,0,Gd,MnPrv,Shed,0,5,2007,WD,Normal,181500,0.1314446411832101,1262,2.0,48,0,0,0,0,0
3,60,RL,68.0,11250,Pave,Grvl,IR1,Lvl,AllPub,Inside,Gtl,CollgCr,Norm,Norm,1Fam,2Story,7,5,2001,2002,Gable,CompShg,VinylSd,VinylSd,BrkFace,162.0,Gd,TA,PConc,Gd,TA,Mn,GLQ,486,Unf,0,434,920,GasA,Ex,Y,SBrkr,920,866,0,1786,1,0,2,1,3,1,Gd,6,Typ,1,TA,Attchd,2001.0,RFn,2,608,TA,TA,Y,0,42,0,0,0,0,Gd,MnPrv,Shed,0,9,2008,WD,Normal,223500,0.15874144520487068,1786,2.5,23,0,0,0,1,0
4,70,RL,60.0,9550,Pave,Grvl,IR1,Lvl,AllPub,Corner,Gtl,Crawfor,Norm,Norm,1Fam,2Story,7,5,1915,1970,Gable,CompShg,Wd Sdng,Wd Shng,BrkFace,0.0,TA,TA,BrkTil,TA,Gd,No,ALQ,216,Unf,0,540,756,GasA,Gd,Y,SBrkr,961,756,0,1717,1,0,1,0,3,1,Gd,7,Typ,1,Gd,Detchd,1998.0,Unf,3,642,TA,TA,Y,0,35,272,0,0,0,Gd,MnPrv,Shed,0,2,2006,WD,Abnorml,140000,0.179771751649042,1717,1.0,109,0,0,0,1,0
5,60,RL,84.0,14260,Pave,Grvl,IR1,Lvl,AllPub,FR2,Gtl,NoRidge,Norm,Norm,1Fam,2Story,8,5,2000,2000,Gable,CompShg,VinylSd,VinylSd,BrkFace,350.0,Gd,TA,PConc,Gd,TA,Av,GLQ,655,Unf,0,490,1145,GasA,Ex,Y,SBrkr,1145,1053,0,2198,1,0,2,1,4,1,Gd,9,Typ,1,TA,Attchd,2000.0,RFn,3,836,TA,TA,Y,192,84,0,0,0,0,Gd,MnPrv,Shed,0,12,2008,WD,Normal,250000,0.1541266390856181,2198,2.5,24,0,0,0,1,0
6,50,RL,85.0,14115,Pave,Grvl,IR1,Lvl,AllPub,Inside,Gtl,Mitchel,Norm,Norm,1Fam,1.5Fin,5,5,1993,1995,Gable,CompShg,VinylSd,VinylSd,BrkFace,0.0,TA,TA,Wood,Gd,TA,No,GLQ,732,Unf,0,64,796,GasA,Ex,Y,SBrkr,796,566,0,1362,1,0,1,1,1,1,TA,5,Typ,0,Gd,Attchd,1993.0,Unf,2,480,TA,TA,Y,40,30,0,320,0,0,Gd,MnPrv,Shed,700,10,2009,WD,Normal,143000,0.09648625672995183,1362,1.5,31,0,0,0,1,0
7,20,RL,75.0,10084,Pave,Grvl,Reg,Lvl,AllPub,Inside,Gtl,Somerst,Norm,Norm,1Fam,1Story,8,5,2004,2005,Gable,CompShg,VinylSd,VinylSd,Stone,186.0,Gd,TA,PConc,Ex,TA,Av,GLQ,1369,Unf,0,317,1686,GasA,Ex,Y,SBrkr,1694,0,0,1694,1,0,2,0,3,1,Gd,7,Typ,1,Gd,Attchd,2004.0,RFn,2,636,TA,TA,Y,255,57,0,0,0,0,Gd,MnPrv,Shed,0,8,2007,WD,Normal,307000,0.16797223599405056,1694,2.0,20,0,0,0,0,0
8,60,RL,69.0,10382,Pave,Grvl,IR1,Lvl,AllPub,Corner,Gtl,NWAmes,PosN,Norm,1Fam,2Story,7,6,1973,1973,Gable,CompShg,HdBoard,HdBoard,Stone,240.0,TA,TA,CBlock,Gd,TA,Mn,ALQ,859,BLQ,32,216,1107,GasA,Ex,Y,SBrkr,1107,983,0,2090,1,0,2,1,3,1,TA,7,Typ,2,TA,Attchd,1973.0,RFn,2,484,TA,TA,Y,235,204,228,0,0,0,Gd,MnPrv,Shed,350,11,2009,WD,Normal,200000,0.20129057112587884,2090,2.5,51,0,0,0,1,0
9,50,RM,51.0,6120,Pave,Grvl,Reg,Lvl,AllPub,Inside,Gtl,OldTown,Artery,Norm,1Fam,1.5Fin,7,5,1931,1950,Gable,CompShg,BrkFace,Wd Shng,BrkFace,0.0,TA,TA,BrkTil,TA,TA,No,Unf,0,Unf,0,952,952,GasA,Gd,Y,FuseF,1022,752,0,1774,0,0,2,0,2,2,TA,8,Min1,2,TA,Detchd,1931.0,Unf,2,468,Fa,TA,Y,90,0,205,0,0,0,Gd,MnPrv,Shed,0,4,2008,WD,Abnorml,129900,0.2898219245221369,1774,2.0,93,1,0,0,0,0
10,190,RL,50.0,7420,Pave,Grvl,Reg,Lvl,AllPub,Corner,Gtl,BrkSide,Artery,Artery,2fmCon,1.5Unf,5,6,1939,1950,Gable,CompShg,MetalSd,MetalSd,BrkFace,0.0,TA,TA,BrkTil,TA,TA,No,GLQ,851,Unf,0,140,991,GasA,Ex,Y,SBrkr,1077,0,0,1077,1,0,1,0,2,2,TA,5,Typ,2,TA,Attchd,1939.0,RFn,1,205,Gd,TA,Y,0,4,0,0,0,0,Gd,MnPrv,Shed,0,1,2008,WD,Normal,118000,0.14512868885594934,1077,1.0,85,0,0,0,0,0
11,20,RL,70.0,11200,Pave,Grvl,Reg,Lvl,AllPub,Inside,Gtl,Sawyer,Norm,Norm,1Fam,1Story,5,5,1965,1965,Hip,CompShg,HdBoard,HdBoard,BrkFace,0.0,TA,TA,CBlock,TA,TA,No,Rec,906,Unf,0,134,1040,GasA,Ex,Y,SBrkr,1040,0,0,1040,1,0,1,0,3,1,TA,5,Typ,0,Gd,Detchd,1965.0,Unf,1,384,TA,TA,Y,0,0,0,0,0,0,Gd,MnPrv,Shed,0,2,2008,WD,Normal,129500,0.09284885278100169,1040,1.0,59,0,0,0,0,0
12,60,RL,85.0,11924,Pave,Grvl,IR1,Lvl,AllPub,Inside,Gtl,NridgHt,Norm,Norm,1Fam,2Story,9,5,2005,2006,Hip,CompShg,WdShing,Wd Shng,Stone,286.0,Ex,TA,PConc,Ex,TA,No,GLQ,998,Unf,0,177,1175,GasA,Ex,Y,SBrkr,1182,1142,0,2324,1,0,3,0,4,1,Ex,11,Typ,2,Gd,BuiltIn,2005.0,Fin,3,736,TA,TA,Y,147,21,0,0,0,0,Gd,MnPrv,Shed,0,7,2006,New,Partial,345000,0.1948846960167715,2324,3.0,19,0,0,0,1,0
13,20,RL,69.0,12968,Pave,Grvl,IR2,Lvl,AllPub,Inside,Gtl,Sawyer,Norm,Norm,1Fam,1Story,5,6,1962,1962,Hip,CompShg,HdBoard,Plywood,BrkFace,0.0,TA,TA,CBlock,TA,TA,No,ALQ,737,Unf,0,175,912,GasA,TA,Y,SBrkr,912,0,0,912,1,0,1,0,2,1,TA,4,Typ,0,Gd,Detchd,1962.0,Unf,1,352,TA,TA,Y,140,0,0,0,176,0,Gd,MnPrv,Shed,0,9,2008,WD,Normal,144000,0.07032153597039094,912,1.0,62,0,0,0,2,0
14,20,RL,91.0,10652,Pave,Grvl,IR1,Lvl,AllPub,Inside,Gtl,CollgCr,Norm,Norm,1Fam,1Story,7,5,2006,2007,Gable,CompShg,VinylSd,VinylSd,Stone,306.0,Gd,TA,PConc,Gd,TA,Av,Unf,0,Unf,0,1494,1494,GasA,Ex,Y,SBrkr,1494,0,0,1494,0,0,2,0,3,1,Gd,7,Typ,1,Gd,Attchd,2006.0,RFn,3,840,TA,TA,Y,160,33,0,0,0,0,Gd,MnPrv,Shed,0,8,2007,New,Partial,279500,0.14024218529991553,1494,2.0,18,0,0,0,1,0
15,20,RL,69.0,10920,Pave,Grvl,IR1,Lvl,AllPub,Corner,Gtl,NAmes,Norm,Norm,1Fam,1Story,6,5,1960,1960,Hip,CompShg,MetalSd,MetalSd,BrkFace,212.0,TA,TA,CBlock,TA,TA,No,BLQ,733,Unf,0,520,1253,GasA,TA,Y,SBrkr,1253,0,0,1253,1,0,1,1,2,1,TA,5,Typ,1,Fa,Attchd,1960.0,RFn,1,352,TA,TA,Y,0,213,176,0,0,0,Gd,GdWo,Shed,0,5,2008,WD,Normal,157000,0.11473308305100266,1253,1.5,64,0,0,0,1,0
16,45,RM,51.0,6120,Pave,Grvl,Reg,Lvl,AllPub,Corner,Gtl,BrkSide,Norm,Norm,1Fam,1.5Unf,7,8,1929,2001,Gable,CompShg,Wd Sdng,Wd Sdng,BrkFace,0.0,TA,TA,BrkTil,TA,TA,No,Unf,0,Unf,0,832,832,GasA,Ex,Y,FuseA,854,0,0,854,0,0,1,0,2,1,TA,5,Typ,0,Gd,Detchd,1991.0,Unf,2,576,TA,TA,Y,48,112,0,0,0,0,Gd,GdPrv,Shed,0,7,2007,WD,Normal,132000,0.13951968632576375,854,1.0,95,1,0,0,0,0
17,20,RL,69.0,11241,Pave,Grvl,IR1,Lvl,AllPub,CulDSac,Gtl,NAmes,Norm,Norm,1Fam,1Story,6,7,1970,1970,Gable,CompShg,Wd Sdng,Wd Sdng,BrkFace,180.0,TA,TA,CBlock,TA,TA,No,ALQ,578,Unf,0,426,1004,GasA,Ex,Y,SBrkr,1004,0,0,1004,1,0,1,0,2,1,TA,5,Typ,1,TA,Attchd,1970.0,Fin,2,480,TA,TA,Y,0,0,0,0,0,0,Gd,MnPrv,Shed,700,3,2010,WD,Normal,149000,0.08930795232165095,1004,1.0,54,0,0,0,1,0
18,90,RL,72.0,10791,Pave,Grvl,Reg,Lvl,AllPub,Inside,Gtl,Sawyer,Norm,Norm,Duplex,1Story,4,5,1967,1967,Gable,CompShg,MetalSd,MetalSd,BrkFace,0.0,TA,TA,Slab,TA,TA,No,Unf,0,Unf,0,0,0,GasA,TA,Y,SBrkr,1296,0,0,1296,0,0,2,0,2,2,TA,6,Typ,0,Gd,CarPort,1967.0,Unf,2,516,TA,TA,Y,0,0,0,0,0,0,Gd,MnPrv,Shed,500,10,2006,WD,Normal,90000,0.12008895478131949,1296,2.0,57,0,0,0,0,0
19,20,RL,66.0,13695,Pave,Grvl,Reg,Lvl,AllPub,Inside,Gtl,SawyerW,RRAe,Norm,1Fam,1Story,5,5,2004,2004,Gable,CompShg,VinylSd,VinylSd,BrkFace,0.0,TA,TA,PConc,TA,TA,No,GLQ,646,Unf,0,468,1114,GasA,Ex,Y,SBrkr,1114,0,0,1114,1,0,1,1,3,1,Gd,6,Typ,0,Gd,Detchd,2004.0,Unf,2,576,TA,TA,Y,0,102,0,0,0,0,Gd,MnPrv,Shed,0,6,2008,WD,Normal,159000,0.0813376168224299,1114,1.5,20,0,0,0,0,0
20,20,RL,70.0,7560,Pave,Grvl,Reg,Lvl,AllPub,Inside,Gtl,NAmes,Norm,Norm,1Fam,1Story,5,6,1958,1965,Hip,CompShg,BrkFace,Plywood,BrkFace,0.0,TA,TA,CBlock,TA,TA,No,LwQ,504,Unf,0,525,1029,GasA,TA,Y,SBrkr,1339,0,0,1339,0,0,1,0,3,1,TA,6,Min1,0,Gd,Attchd,1958.0,Unf,1,294,TA,TA,Y,0,0,0,0,0,0,Gd,MnPrv,Shed,0,5,2009,COD,Abnorml,139000,0.17709297711942865,1339,1.0,66,0,0,0,0,0
21,60,RL,101.0,14215,Pave,Grvl,IR1,Lvl,AllPub,Corner,Gtl,NridgHt,Norm,Norm,1Fam,2Story,8,5,2005,2006,Gable,CompShg,VinylSd,VinylSd,BrkFace,380.0,Gd,TA,PConc,Ex,TA,Av,Unf,0,Unf,0,1158,1158,GasA,Ex,Y,SBrkr,1158,1218,0,2376,0,0,3,1,4,1,Gd,9,Typ,1,Gd,BuiltIn,2005.0,RFn,3,853,TA,TA,Y,240,154,0,0,0,0,Gd,MnPrv,Shed,0,11,2006,New,Partial,325300,0.1671356218345526,2376,3.5,19,0,0,0,1,0
22,45,RM,57.0,7449,Pave,Grvl,Reg,Bnk,AllPub,Inside,Gtl,IDOTRR,Norm,Norm,1Fam,1.5Unf,7,7,1930,1950,Gable,CompShg,Wd Sdng,Wd Sdng,BrkFace,0.0,TA,TA,PConc,TA,TA,No,Unf,0,Unf,0,637,637,GasA,Ex,Y,FuseF,1108,0,0,1108,0,0,1,0,3,1,Gd,6,Typ,1,Gd,Attchd,1930.0,Unf,1,280,TA,TA,N,0,0,205,0,0,0,Gd,GdPrv,Shed,0,6,2007,WD,Normal,139400,0.1487248322147651,1108,1.0,94,1,0,0,0,1
23,20,RL,75.0,9742,Pave,Grvl,Reg,Lvl,AllPub,Inside,Gtl,CollgCr,Norm,Norm,1Fam,1Story,8,5,2002,2002,Hip,CompShg,VinylSd,VinylSd,BrkFace,281.0,Gd,TA,PConc,Gd,TA,No,Unf,0,Unf,0,1777,1777,GasA,Ex,Y,SBrkr,1795,0,0,1795,0,0,2,0,3,1,Gd,7,Typ,1,Gd,Attchd,2002.0,RFn,2,534,TA,TA,Y,171,159,0,0,0,0,Gd,MnPrv,Shed,0,9,2008,WD,Normal,230000,0.18423483526634507,1795,2.0,22,0,0,0,0,0
24,120,RM,44.0,4224,Pave,Grvl,Reg,Lvl,AllPub,Inside,Gtl,MeadowV,Norm,Norm,TwnhsE,1Story,5,7,1976,1976,Gable,CompShg,CemntBd,CmentBd,BrkFace,0.0,TA,TA,PConc,Gd,TA,No,GLQ,840,Unf,0,200,1040,GasA,TA,Y,SBrkr,1060,0,0,1060,1,0,1,0,3,1,TA,6,Typ,1,TA,Attchd,1976.0,Unf,2,572,TA,TA,Y,100,110,0,0,0,0,Gd,MnPrv,Shed,0,6,2007,WD,Normal,129900,0.25088757396449707,1060,1.0,48,1,0,0,0,0
25,20,RL,69.0,8246,Pave,Grvl,IR1,Lvl,AllPub,Inside,Gtl,Sawyer,Norm,Norm,1Fam,1Story,5,8,1968,2001,Gable,CompShg,Plywood,Plywood,BrkFace,0.0,TA,Gd,CBlock,TA,TA,Mn,Rec,188,ALQ,668,204,1060,GasA,Ex,Y,SBrkr,1060,0,0,1060,1,0,1,0,3,1,Gd,6,Typ,1,TA,Attchd,1968.0,Unf,1,270,TA,TA,Y,406,90,0,0,0,0,Gd,MnPrv,Shed,0,5,2010,WD,Normal,154000,0.12853158724384625,1060,1.0,56,0,0,0,1,0
26,20,RL,110.0,14230,Pave,Grvl,Reg,Lvl,AllPub,Corner,Gtl,NridgHt,Norm,Norm,1Fam,1Story,8,5,2007,2007,Gable,CompShg,VinylSd,VinylSd,Stone,640.0,Gd,TA,PConc,Gd,TA,No,Unf,0,Unf,0,1566,1566,GasA,Ex,Y,SBrkr,1600,0,0,1600,0,0,2,0,3,1,Gd,7,Typ,1,Gd,Attchd,2007.0,RFn,3,890,TA,TA,Y,0,56,0,0,0,0,Gd,MnPrv,Shed,0,7,2009,WD,Normal,256300,0.11243060923336379,1600,2.0,17,0,0,0,0,0
27,20,RL,60.0,7200,Pave,Grvl,Reg,Lvl,AllPub,Corner,Gtl,NAmes,Norm,Norm,1Fam,1Story,5,7,1951,2000,Gable,CompShg,Wd Sdng,Wd Sdng,BrkFace,0.0,TA,TA,CBlock,TA,TA,Mn,BLQ,234,Rec,486,180,900,GasA,TA,Y,SBrkr,900,0,0,900,0,1,1,0,3,1,Gd,5,Typ,0,Gd,Detchd,2005.0,Unf,2,576,TA,TA,Y,222,32,0,0,0,0,Gd,MnPrv,Shed,0,5,2010,WD,Normal,134800,0.12498264129981947,900,1.0,73,0,0,0,0,0
28,20,RL,98.0,11478,Pave,Grvl,Reg,Lvl,AllPub,Inside,Gtl,NridgHt,Norm,Norm,1Fam,1Story,8,5,2007,2008,Gable,CompShg,VinylSd,VinylSd,Stone,200.0,Gd,TA,PConc,Ex,TA,No,GLQ,1218,Unf,0,486,1704,GasA,Ex,Y,SBrkr,1704,0,0,1704,1,0,2,0,3,1,Gd,7,Typ,1,Gd,Attchd,2008.0,RFn,3,772,TA,TA,Y,0,50,0,0,0,0,Gd,MnPrv,Shed,0,5,2010,WD,Normal,306000,0.14844498649708163,1704,2.0,17,0,0,0,0,0
29,20,RL,47.0,16321,Pave,Grvl,IR1,Lvl,AllPub,CulDSac,Gtl,NAmes,Norm,Norm,1Fam,1Story,5,6,1957,1997,Gable,CompShg,MetalSd,MetalSd,BrkFace,0.0,TA,TA,CBlock,TA,TA,Gd,BLQ,1277,Unf,0,207,1484,GasA,TA,Y,SBrkr,1600,0,0,1600,1,0,1,0,2,1,TA,6,Typ,2,Gd,Attchd,1957.0,RFn,1,319,TA,TA,Y,288,258,0,0,0,0,Gd,MnPrv,Shed,0,12,2006,WD,Normal,207500,0.09802720254870727,1600,1.0,67,0,0,0,1,0
30,30,RM,60.0,6324,Pave,Grvl,IR1,Lvl,AllPub,Inside,Gtl,BrkSide,Feedr,RRNn,1Fam,1Story,4,6,1927,1950,Gable,CompShg,MetalSd,MetalSd,BrkFace,0.0,TA,TA,BrkTil,TA,TA,No,Unf,0,Unf,0,520,520,GasA,Fa,N,SBrkr,520,0,0,520,0,0,1,0,1,1,Fa,4,Typ,0,Gd,Detchd,1920.0,Unf,1,240,Fa,TA,Y,49,0,87,0,0,0,Gd,MnPrv,Shed,0,5,2008,WD,Normal,68500,0.08221343873517786,520,1.0,97,1,0,0,1,0
31,70,C (all),50.0,8500,Pave,Pave,Reg,Lvl,AllPub,Inside,Gtl,IDOTRR,Feedr,Norm,1Fam,2Story,4,4,1920,1950,Gambrel,CompShg,BrkFace,BrkFace,BrkFace,0.0,TA,Fa,BrkTil,TA,TA,No,Unf,0,Unf,0,649,649,GasA,TA,N,SBrkr,649,668,0,1317,0,0,1,0,3,1,TA,6,Typ,0,Gd,Detchd,1920.0,Unf,1,250,TA,Fa,N,0,54,172,0,0,0,Gd,MnPrv,Shed,0,7,2008,WD,Normal,40000,0.1549229502411481,1317,1.0,104,2,0,1,0,0
32,20,RL,69.0,8544,Pave,Grvl,IR1,Lvl,AllPub,CulDSac,Gtl,Sawyer,Norm,Norm,1Fam,1Story,5,6,1966,2006,Gable,CompShg,HdBoard,HdBoard,BrkFace,0.0,TA,TA,CBlock,TA,TA,No,Unf,0,Unf,0,1228,1228,GasA,Gd,Y,SBrkr,1228,0,0,1228,0,0,1,1,3,1,Gd,6,Typ,0,Gd,Attchd,1966.0,Unf,1,271,TA,TA,Y,0,65,0,0,0,0,Gd,MnPrv,Shed,0,6,2008,WD,Normal,149350,0.14370977179637215,1228,1.5,58,0,0,0,1,0
33,20,RL,85.0,11049,Pave,Grvl,Reg,Lvl,AllPub,Corner,Gtl,CollgCr,Norm,Norm,1Fam,1Story,8,5,2007,2007,Gable,CompShg,VinylSd,VinylSd,BrkFace,0.0,Gd,TA,PConc,Ex,TA,Av,Unf,0,Unf,0,1234,1234,GasA,Ex,Y,SBrkr,1234,0,0,1234,0,0,2,0,3,1,Gd,7,Typ,0,Gd,Attchd,2007.0,RFn,2,484,TA,TA,Y,0,30,0,0,0,0,Gd,MnPrv,Shed,0,1,2008,WD,Normal,179900,0.11167420814479638,1234,2.0,17,0,0,0,0,0
34,20,RL,70.0,10552,Pave,Grvl,IR1,Lvl,AllPub,Inside,Gtl,NAmes,Norm,Norm,1Fam,1Story,5,5,1959,1959,Hip,CompShg,BrkFace,BrkFace,BrkFace,0.0,TA,TA,CBlock,TA,TA,No,Rec,1018,Unf,0,380,1398,GasA,Gd,Y,SBrkr,1700,0,0,1700,0,1,1,1,4,1,Gd,6,Typ,1,Gd,Attchd,1959.0,RFn,2,447,TA,TA,Y,0,38,0,0,0,0,Gd,MnPrv,Shed,0,4,2010,WD,Normal,165500,0.16109163271107743,1700,1.5,65,0,0,0,1,0
35,120,RL,60.0,7313,Pave,Grvl,Reg,Lvl,AllPub,Inside,Gtl,NridgHt,Norm,Norm,TwnhsE,1Story,9,5,2005,2005,Hip,CompShg,MetalSd,MetalSd,BrkFace,246.0,Ex,TA,PConc,Ex,TA,No,GLQ,1153,Unf,0,408,1561,GasA,Ex,Y,SBrkr,1561,0,0,1561,1,0,2,0,2,1,Ex,6,Typ,1,Gd,Attchd,2005.0,Fin,2,556,TA,TA,Y,203,47,0,0,0,0,Gd,MnPrv,Shed,0,8,2007,WD,Normal,277500,0.213426305715067,1561,2.0,19,0,0,0,0,0
36,60,RL,108.0,13418,Pave,Grvl,Reg,Lvl,AllPub,Inside,Gtl,NridgHt,Norm,Norm,1Fam,2Story,8,5,2004,2005,Gable,CompShg,VinylSd,VinylSd,Stone,132.0,Gd,TA,PConc,Ex,TA,Av,Unf,0,Unf,0,1117,1117,GasA,Ex,Y,SBrkr,1132,1320,0,2452,0,0,3,1,4,1,Gd,9,Typ,1,Gd,BuiltIn,2004.0,Fin,3,691,TA,TA,Y,113,32,0,0,0,0,Gd,MnPrv,Shed,0,9,2006,WD,Normal,309000,0.18272598554288697,2452,3.5,20,0,0,0,0,0
37,20,RL,112.0,10859,Pave,Grvl,Reg,Lvl,AllPub,Corner,Gtl,CollgCr,Norm,Norm,1Fam,1Story,5,5,1994,1995,Gable,CompShg,VinylSd,VinylSd,BrkFace,0.0,TA,TA,PConc,Gd,TA,No,Unf,0,Unf,0,1097,1097,GasA,Ex,Y,SBrkr,1097,0,0,1097,0,0,1,1,3,1,TA,6,Typ,0,Gd,Attchd,1995.0,Unf,2,672,TA,TA,Y,392,64,0,0,0,0,Gd,MnPrv,Shed,0,6,2009,WD,Normal,145000,0.10101289134438306,1097,1.5,30,0,0,0,0,0
38,20,RL,74.0,8532,Pave,Grvl,Reg,Lvl,AllPub,Inside,Gtl,NAmes,Norm,Norm,1Fam,1Story,5,6,1954,1990,Hip,CompShg,Wd Sdng,Wd Sdng,BrkFace,650.0,TA,TA,CBlock,TA,TA,No,Rec,1213,Unf,0,84,1297,GasA,Gd,Y,SBrkr,1297,0,0,1297,0,1,1,0,3,1,TA,5,Typ,1,TA,Attchd,1954.0,Fin,2,498,TA,TA,Y,0,0,0,0,0,0,Gd,MnPrv,Shed,0,10,2009,WD,Normal,153000,0.15199812492675496,1297,1.0,70,0,0,0,0,0
39,20,RL,68.0,7922,Pave,Grvl,Reg,Lvl,AllPub,Inside,Gtl,NAmes,Norm,Norm,1Fam,1Story,5,7,1953,2007,Gable,CompShg,VinylSd,VinylSd,BrkFace,0.0,TA,Gd,CBlock,TA,TA,No,GLQ,731,Unf,0,326,1057,GasA,TA,Y,SBrkr,1057,0,0,1057,1,0,1,0,3,1,Gd,5,Typ,0,Gd,Detchd,1953.0,Unf,1,246,TA,TA,Y,0,52,0,0,0,0,Gd,MnPrv,Shed,0,1,2010,WD,Abnorml,109000,0.13340906222390508,1057,1.0,71,0,0,0,0,0
40,90,RL,65.0,6040,Pave,Grvl,Reg,Lvl,AllPub,Inside,Gtl,Edwards,Norm,Norm,Duplex,1Story,4,5,1955,1955,Gable,CompShg,AsbShng,Plywood,BrkFace,0.0,TA,TA,PConc,TA,TA,No,Unf,0,Unf,0,0,0,GasA,TA,N,FuseP,1152,0,0,1152,0,0,2,0,2,2,Fa,6,Typ,0,Gd,Attchd,1980.0,Unf,0,0,TA,TA,N,0,0,0,0,0,0,Gd,MnPrv,Shed,0,6,2008,WD,AdjLand,82000,0.19069690448601226,1152,2.0,69,0,0,0,0,0
41,20,RL,84.0,8658,Pave,Grvl,Reg,Lvl,AllPub,Inside,Gtl,NAmes,Norm,Norm,1Fam,1Story,6,5,1965,1965,Gable,CompShg,Wd Sdng,Wd Sdng,BrkFace,101.0,TA,TA,CBlock,TA,TA,No,Rec,643,Unf,0,445,1088,GasA,Ex,Y,SBrkr,1324,0,0,1324,0,0,2,0,3,1,TA,6,Typ,1,TA,Attchd,1965.0,RFn,2,440,TA,TA,Y,0,138,0,0,0,0,Gd,GdWo,Shed,0,12,2006,WD,Abnorml,160000,0.15290449243561613,1324,2.0,59,0,0,0,0,0
42,20,RL,115.0,16905,Pave,Grvl,Reg,Lvl,AllPub,Inside,Gtl,Timber,Norm,Norm,1Fam,1Story,5,6,1959,1959,Gable,CompShg,VinylSd,VinylSd,BrkFace,0.0,TA,Gd,CBlock,TA,TA,Gd,BLQ,967,Unf,0,383,1350,GasA,Gd,Y,SBrkr,1328,0,0,1328,0,1,1,1,2,1,TA,5,Typ,2,Gd,Attchd,1959.0,RFn,1,308,TA,TA,P,0,104,0,0,0,0,Gd,MnPrv,Shed,0,7,2007,WD,Normal,170000,0.07855199337513309,1328,1.5,65,0,0,0,0,0
43,85,RL,69.0,9180,Pave,Grvl,IR1,Lvl,AllPub,CulDSac,Gtl,SawyerW,Norm,Norm,1Fam,SFoyer,5,7,1983,1983,Gable,CompShg,HdBoard,HdBoard,BrkFace,0.0,TA,TA,CBlock,Gd,TA,Av,ALQ,747,LwQ,93,0,840,GasA,Gd,Y,SBrkr,884,0,0,884,1,0,1,0,2,1,Gd,5,Typ,0,Gd,Attchd,1983.0,RFn,2,504,TA,Gd,Y,240,0,0,0,0,0,Gd,MnPrv,Shed,0,12,2007,WD,Normal,144000,0.09628580764622591,884,1.0,41,0,0,0,1,0
44,20,RL,69.0,9200,Pave,Grvl,IR1,Lvl,AllPub,CulDSac,Gtl,CollgCr,Norm,Norm,1Fam,1Story,5,6,1975,1980,Hip,CompShg,VinylSd,VinylSd,BrkFace,0.0,TA,TA,CBlock,Gd,TA,Av,LwQ,280,BLQ,491,167,938,GasA,TA,Y,SBrkr,938,0,0,938,1,0,1,0,3,1,TA,5,Typ,0,Gd,Detchd,1977.0,Unf,1,308,TA,TA,Y,145,0,0,0,0,0,Gd,MnPrv,Shed,0,7,2008,WD,Normal,130250,0.10194544071296598,938,1.0,49,0,0,0,1,0
45,20,RL,70.0,7945,Pave,Grvl,Reg,Lvl,AllPub,Inside,Gtl,NAmes,Norm,Norm,1Fam,1Story,5,6,1959,1959,Gable,CompShg,BrkFace,Wd Sdng,BrkFace,0.0,TA,TA,CBlock,TA,TA,No,ALQ,179,BLQ,506,465,1150,GasA,Ex,Y,FuseA,1150,0,0,1150,1,0,1,0,3,1,TA,6,Typ,0,Gd,Attchd,1959.0,RFn,1,300,TA,TA,Y,0,0,0,0,0,0,Gd,MnPrv,Shed,0,5,2006,WD,Normal,141000,0.14472690661968285,1150,1.0,65,0,0,0,0,0
46,120,RL,61.0,7658,Pave,Grvl,Reg,Lvl,AllPub,Inside,Gtl,NridgHt,Norm,Norm,TwnhsE,1Story,9,5,2005,2005,Hip,CompShg,MetalSd,MetalSd,BrkFace,412.0,Ex,TA,PConc,Ex,TA,No,GLQ,456,Unf,0,1296,1752,GasA,Ex,Y,SBrkr,1752,0,0,1752,1,0,2,0,2,1,Ex,6,Typ,1,Gd,Attchd,2005.0,RFn,2,576,TA,TA,Y,196,82,0,0,0,0,Gd,MnPrv,Shed,0,2,2010,WD,Normal,319900,0.22875048962005484,1752,2.0,19,0,0,0,0,0
47,50,RL,48.0,12822,Pave,Grvl,IR1,Lvl,AllPub,CulDSac,Gtl,Mitchel,Norm,Norm,1Fam,1.5Fin,7,5,2003,2003,Gable,CompShg,VinylSd,VinylSd,BrkFace,0.0,Gd,TA,PConc,Ex,TA,No,GLQ,1351,Unf,0,83,1434,GasA,Ex,Y,SBrkr,1518,631,0,2149,1,0,1,1,1,1,Gd,6,Typ,1,Ex,Attchd,2003.0,RFn,2,670,TA,TA,Y,168,43,0,0,198,0,Gd,MnPrv,Shed,0,8,2009,WD,Abnorml,239686,0.16758948763939796,2149,1.5,21,0,0,0,1,0
48,20,FV,84.0,11096,Pave,Grvl,Reg,Lvl,AllPub,Inside,Gtl,Somerst,Norm,Norm,1Fam,1Story,8,5,2006,2006,Gable,CompShg,VinylSd,VinylSd,BrkFace,0.0,Gd,TA,PConc,Gd,TA,Av,GLQ,24,Unf,0,1632,1656,GasA,Ex,Y,SBrkr,1656,0,0,1656,0,0,2,0,3,1,Gd,7,Typ,0,Gd,Attchd,2006.0,RFn,3,826,TA,TA,Y,0,146,0,0,0,0,Gd,MnPrv,Shed,0,7,2007,WD,Normal,249700,0.1492295214922952,1656,2.0,18,3,0,0,0,0
49,190,RM,33.0,4456,Pave,Grvl,Reg,Lvl,AllPub,Inside,Gtl,OldTown,Norm,Norm,2fmCon,2Story,4,5,1920,2008,Gable,CompShg,MetalSd,MetalSd,BrkFace,0.0,TA,TA,BrkTil,TA,TA,No,Unf,0,Unf,0,736,736,GasA,Gd,Y,SBrkr,736,716,0,1452,0,0,2,0,2,3,TA,8,Typ,0,Gd,Attchd,1980.0,Unf,0,0,TA,TA,N,0,0,102,0,0,0,Gd,MnPrv,Shed,0,6,2009,New,Partial,113000,0.32577967242539824,1452,2.0,104,1,0,0,0,0
50,20,RL,66.0,7742,Pave,Grvl,Reg,Lvl,AllPub,Inside,Gtl,Sawyer,Norm,Norm,1Fam,1Story,5,7,1966,1966,Gable,CompShg,HdBoard,HdBoard,BrkFace,0.0,TA,TA,CBlock,TA,TA,No,BLQ,763,Unf,0,192,955,GasA,Ex,Y,SBrkr,955,0,0,955,1,0,1,0,3,1,TA,6,Typ,0,Gd,Attchd,1966.0,Unf,1,386,TA,TA,Y,0,0,0,0,0,0,Gd,MnPrv,Shed,0,1,2007,WD,Normal,127000,0.12333720780059408,955,1.0,58,0,0,0,0,0
51,60,RL,69.0,13869,Pave,Grvl,IR2,Lvl,AllPub,Corner,Gtl,Gilbert,Norm,Norm,1Fam,2Story,6,6,1997,1997,Gable,CompShg,VinylSd,VinylSd,BrkFace,0.0,TA,TA,PConc,Gd,TA,Av,GLQ,182,Unf,0,612,794,GasA,Gd,Y,SBrkr,794,676,0,1470,0,1,2,0,3,1,TA,6,Typ,0,Gd,Attchd,1997.0,Fin,2,388,TA,TA,Y,0,75,0,0,0,0,Gd,MnPrv,Shed,0,7,2007,WD,Normal,177000,0.10598413842826243,1470,2.0,27,0,0,0,2,0
52,50,RM,52.0,6240,Pave,Grvl,Reg,Lvl,AllPub,Inside,Gtl,BrkSide,Norm,Norm,1Fam,1.5Fin,6,6,1934,1950,Gable,CompShg,Wd Sdng,Wd Sdng,BrkFace,0.0,TA,TA,PConc,TA,TA,No,Unf,0,Unf,0,816,816,GasA,TA,Y,SBrkr,816,0,360,1176,0,0,1,0,3,1,TA,6,Typ,1,Gd,Detchd,1985.0,Unf,2,528,TA,TA,Y,112,0,0,0,0,0,Gd,MnPrv,Shed,400,9,2006,WD,Normal,114500,0.18843134113122897,816,1.0,90,1,0,0,0,0
53,90,RM,110.0,8472,Grvl,Grvl,IR2,Bnk,AllPub,Corner,Mod,IDOTRR,RRNn,Norm,Duplex,1Story,5,5,1963,1963,Gable,CompShg,Wd Sdng,Wd Sdng,BrkFace,0.0,Fa,TA,CBlock,Gd,TA,Gd,LwQ,104,GLQ,712,0,816,GasA,TA,N,SBrkr,816,0,0,816,1,0,1,0,2,1,TA,5,Typ,0,Gd,CarPort,1963.0,Unf,2,516,TA,TA,Y,106,0,0,0,0,0,Gd,MnPrv,Shed,0,5,2010,WD,Normal,110000,0.09630591289979937,816,1.0,61,1,1,0,2,1
54,20,RL,68.0,50271,Pave,Grvl,IR1,Low,AllPub,Inside,Gtl,Veenker,Norm,Norm,1Fam,1Story,9,5,1981,1987,Gable,WdShngl,WdShing,Wd Shng,BrkFace,0.0,Gd,TA,CBlock,Ex,TA,Gd,GLQ,1810,Unf,0,32,1842,GasA,Gd,Y,SBrkr,1842,0,0,1842,2,0,0,1,0,1,Gd,5,Typ,1,Gd,Attchd,1981.0,Fin,3,894,TA,TA,Y,857,72,0,0,0,0,Gd,MnPrv,Shed,0,11,2006,WD,Normal,385000,0.036640674729471676,1842,0.5,43,0,0,0,1,2
55,80,RL,60.0,7134,Pave,Grvl,Reg,Bnk,AllPub,Inside,Mod,NAmes,Norm,Norm,1Fam,SLvl,5,5,1955,1955,Gable,CompShg,MetalSd,MetalSd,BrkFace,0.0,TA,TA,CBlock,TA,TA,No,ALQ,384,Unf,0,0,384,GasA,TA,Y,SBrkr,1360,0,0,1360,0,0,1,0,3,1,TA,6,Min1,1,TA,Detchd,1962.0,Unf,2,572,TA,TA,Y,0,50,0,0,0,0,Gd,MnPrv,Shed,0,2,2007,WD,Normal,130000,0.19060967063770148,1360,1.0,69,0,0,0,0,1
56,20,RL,100.0,10175,Pave,Grvl,IR1,Lvl,AllPub,Inside,Gtl,NAmes,Norm,Norm,1Fam,1Story,6,5,1964,1964,Gable,CompShg,HdBoard,Plywood,BrkFace,272.0,TA,TA,CBlock,TA,TA,No,BLQ,490,Unf,0,935,1425,GasA,Gd,Y,SBrkr,1425,0,0,1425,0,0,2,0,3,1,TA,7,Typ,1,Gd,Attchd,1964.0,RFn,2,576,TA,TA,Y,0,0,0,407,0,0,Gd,MnPrv,Shed,0,7,2008,WD,Normal,180500,0.14003537735849056,1425,2.0,60,0,0,0,1,0
57,160,FV,24.0,2645,Pave,Pave,Reg,Lvl,AllPub,Inside,Gtl,Somerst,Norm,Norm,Twnhs,2Story,8,5,1999,2000,Gable,CompShg,MetalSd,MetalSd,BrkFace,456.0,Gd,TA,PConc,Gd,TA,No,GLQ,649,Unf,0,321,970,GasA,Ex,Y,SBrkr,983,756,0,1739,1,0,2,1,3,1,Gd,7,Typ,0,Gd,Attchd,1999.0,Fin,2,480,TA,TA,Y,115,0,0,0,0,0,Gd,MnPrv,Shed,0,8,2009,WD,Abnorml,172500,0.6572184429327287,1739,2.5,25,3,0,1,0,0
58,60,RL,89.0,11645,Pave,Grvl,IR1,Lvl,AllPub,Corner,Gtl,CollgCr,Norm,Norm,1Fam,2Story,7,5,2004,2004,Gable,CompShg,VinylSd,VinylSd,BrkFace,0.0,Gd,TA,PConc,Gd,TA,No,Unf,0,Unf,0,860,860,GasA,Ex,Y,SBrkr,860,860,0,1720,0,0,2,1,3,1,Gd,7,Typ,0,Gd,Attchd,2004.0,RFn,2,565,TA,TA,Y,0,70,0,0,0,0,Gd,MnPrv,Shed,0,8,2006,WD,Normal,196500,0.14769019405804568,1720,2.5,20,0,0,0,1,0
59,60,RL,66.0,13682,Pave,Grvl,IR2,HLS,AllPub,CulDSac,Gtl,StoneBr,Norm,Norm,1Fam,2Story,10,5,2006,2006,Hip,CompShg,VinylSd,VinylSd,BrkFace,1031.0,Ex,TA,PConc,Ex,TA,Gd,Unf,0,Unf,0,1410,1410,GasA,Ex,Y,SBrkr,1426,1519,0,2945,0,0,3,1,3,1,Gd,10,Typ,1,Gd,BuiltIn,2006.0,Fin,3,641,TA,TA,Y,192,0,37,0,0,0,Gd,MnPrv,Shed,0,10,2006,New,Partial,438780,0.21523057808960022,2945,3.5,18,0,0,0,2,3
60,20,RL,60.0,7200,Pave,Grvl,Reg,Bnk,AllPub,Inside,Gtl,CollgCr,Norm,Norm,1Fam,1Story,5,7,1972,1972,Gable,CompShg,HdBoard,HdBoard,BrkFace,0.0,TA,TA,CBlock,TA,TA,Av,ALQ,632,Unf,0,148,780,GasA,Ex,Y,SBrkr,780,0,0,780,0,0,1,0,2,1,TA,4,Typ,0,Gd,Detchd,1973.0,Unf,1,352,TA,TA,Y,196,0,0,0,0,0,Gd,MnPrv,Shed,0,1,2008,WD,Normal,124900,0.1083182891265102,780,1.0,52,0,0,0,0,1
61,20,RL,63.0,13072,Pave,Grvl,Reg,Lvl,AllPub,Inside,Gtl,SawyerW,RRAe,Norm,1Fam,1Story,6,5,2004,2004,Gable,CompShg,VinylSd,VinylSd,BrkFace,0.0,TA,TA,PConc,Gd,TA,No,ALQ,941,Unf,0,217,1158,GasA,Ex,Y,SBrkr,1158,0,0,1158,1,0,1,1,3,1,Gd,5,Typ,0,Gd,Detchd,2006.0,Unf,2,576,TA,TA,Y,0,50,0,0,0,0,Gd,MnPrv,Shed,0,5,2006,New,Partial,158000,0.08857951503097988,1158,1.5,20,0,0,0,0,0
62,75,RM,60.0,7200,Pave,Grvl,Reg,Lvl,AllPub,Inside,Gtl,IDOTRR,Norm,Norm,1Fam,2.5Unf,5,7,1920,1996,Gable,CompShg,MetalSd,MetalSd,BrkFace,0.0,TA,TA,BrkTil,TA,Fa,No,Unf,0,Unf,0,530,530,GasA,TA,N,SBrkr,581,530,0,1111,0,0,1,0,3,1,Fa,6,Typ,0,Gd,Detchd,1935.0,Unf,1,288,TA,TA,N,0,0,144,0,0,0,Gd,MnPrv,Shed,0,3,2007,WD,Normal,101000,0.15428412720455492,1111,1.0,104,1,0,0,0,0
63,120,RL,44.0,6442,Pave,Grvl,IR1,Lvl,AllPub,Inside,Gtl,NridgHt,Norm,Norm,TwnhsE,1Story,8,5,2006,2006,Gable,CompShg,VinylSd,VinylSd,Stone,178.0,Gd,TA,PConc,Gd,Gd,Mn,GLQ,24,Unf,0,1346,1370,GasA,Ex,Y,SBrkr,1370,0,0,1370,0,0,2,0,2,1,Gd,6,Typ,1,Gd,Attchd,2006.0,RFn,2,484,TA,TA,Y,120,49,0,0,0,0,Gd,MnPrv,Shed,0,10,2007,WD,Normal,202500,0.21263386621139221,1370,2.0,18,0,0,0,1,0
64,70,RM,50.0,10300,Pave,Grvl,IR1,Bnk,AllPub,Inside,Gtl,OldTown,RRAn,Feedr,1Fam,2Story,7,6,1921,1950,Gable,CompShg,Stucco,Stucco,BrkFace,0.0,TA,TA,BrkTil,TA,TA,No,Unf,0,Unf,0,576,576,GasA,Gd,Y,SBrkr,902,808,0,1710,0,0,2,0,3,1,TA,9,Typ,0,Gd,Detchd,1990.0,Unf,2,480,TA,TA,Y,12,11,64,0,0,0,Gd,GdPrv,Shed,0,4,2010,WD,Normal,140000,0.1660033006504223,1710,2.0,103,1,0,0,1,1
65,60,RL,69.0,9375,Pave,Grvl,Reg,Lvl,AllPub,Inside,Gtl,CollgCr,Norm,Norm,1Fam,2Story,7,5,1997,1998,Gable,CompShg,VinylSd,VinylSd,BrkFace,573.0,TA,TA,PConc,Gd,TA,No,GLQ,739,Unf,0,318,1057,GasA,Ex,Y,SBrkr,1057,977,0,2034,1,0,2,1,3,1,Gd,8,Typ,0,Gd,Attchd,1998.0,RFn,2,645,TA,TA,Y,576,36,0,0,0,0,Gd,GdPrv,Shed,0,2,2009,WD,Normal,219500,0.21693686006825938,2034,2.5,27,0,0,0,0,0
66,60,RL,76.0,9591,Pave,Grvl,Reg,Lvl,AllPub,Inside,Gtl,NridgHt,Norm,Norm,1Fam,2Story,8,5,2004,2005,Gable,CompShg,VinylSd,VinylSd,BrkFace,344.0,Gd,TA,PConc,Ex,TA,Av,Unf,0,Unf,0,1143,1143,GasA,Ex,Y,SBrkr,1143,1330,0,2473,0,0,2,1,4,1,Gd,9,Typ,1,Gd,BuiltIn,2004.0,RFn,3,852,TA,TA,Y,192,151,0,0,0,0,Gd,MnPrv,Shed,0,10,2007,WD,Normal,317000,0.25781901584653877,2473,2.5,20,0,0,0,0,0
67,20,RL,69.0,19900,Pave,Grvl,Reg,Lvl,AllPub,Inside,Gtl,NAmes,PosA,Norm,1Fam,1Story,7,5,1970,1989,Gable,CompShg,Plywood,Plywood,BrkFace,287.0,TA,TA,CBlock,Gd,TA,Gd,GLQ,912,Unf,0,1035,1947,GasA,TA,Y,SBrkr,2207,0,0,2207,1,0,2,0,3,1,TA,7,Min1,1,Gd,Attchd,1970.0,RFn,2,576,TA,TA,Y,301,0,0,0,0,0,Gd,MnPrv,Shed,0,7,2010,WD,Normal,180000,0.11089894980151752,2207,2.0,54,0,0,0,0,0
68,20,RL,72.0,10665,Pave,Grvl,IR1,Lvl,AllPub,Inside,Gtl,CollgCr,Norm,Norm,1Fam,1Story,7,5,2003,2003,Gable,CompShg,VinylSd,VinylSd,BrkFace,167.0,Gd,TA,PConc,Gd,TA,Av,GLQ,1013,Unf,0,440,1453,GasA,Ex,Y,SBrkr,1479,0,0,1479,1,0,2,0,3,1,Gd,7,Typ,0,Gd,Attchd,2003.0,RFn,2,558,TA,TA,Y,144,29,0,0,0,0,Gd,MnPrv,Shed,0,6,2007,WD,Normal,226000,0.13866491655728483,1479,2.0,21,0,0,0,1,0
69,30,RM,47.0,4608,Pave,Grvl,Reg,Lvl,AllPub,Corner,Gtl,OldTown,Artery,Norm,1Fam,1Story,4,6,1945,1950,Gable,CompShg,MetalSd,MetalSd,BrkFace,0.0,TA,Gd,CBlock,TA,TA,No,Unf,0,Unf,0,747,747,GasA,TA,Y,SBrkr,747,0,0,747,0,0,1,0,2,1,TA,4,Typ,0,Gd,Attchd,1945.0,Unf,1,220,TA,TA,Y,0,0,0,0,0,0,Gd,MnPrv,Shed,0,6,2010,WD,Normal,80000,0.162074202646995,747,1.0,79,1,0,0,0,0
70,50,RL,81.0,15593,Pave,Grvl,Reg,Lvl,AllPub,Corner,Gtl,ClearCr,Norm,Norm,1Fam,1.5Fin,7,4,1953,1953,Gable,CompShg,BrkFace,AsbShng,BrkFace,0.0,Gd,TA,CBlock,TA,TA,No,BLQ,603,Unf,0,701,1304,GasW,TA,Y,SBrkr,1304,983,0,2287,0,0,2,0,3,1,TA,7,Typ,1,TA,Attchd,1953.0,Fin,2,667,TA,TA,Y,0,21,114,0,0,0,Gd,MnPrv,Shed,0,7,2006,WD,Normal,225000,0.14665897139925613,2287,2.0,71,0,0,0,0,0
71,20,RL,95.0,13651,Pave,Grvl,IR1,Lvl,AllPub,Inside,Gtl,NAmes,Norm,Norm,1Fam,1Story,7,6,1973,1973,Gable,CompShg,Plywood,Plywood,BrkFace,1115.0,TA,Gd,CBlock,Gd,TA,Gd,ALQ,1880,Unf,0,343,2223,GasA,Ex,Y,SBrkr,2223,0,0,2223,1,0,2,0,3,1,TA,8,Typ,2,Gd,Attchd,1973.0,Fin,2,516,TA,TA,Y,300,0,0,0,0,0,Gd,MnPrv,Shed,0,2,2007,WD,Normal,244000,0.1628332845004395,2223,2.0,51,0,0,0,1,0
72,20,RL,69.0,7599,Pave,Grvl,Reg,Lvl,AllPub,Corner,Gtl,Mitchel,Norm,Norm,1Fam,1Story,4,6,1982,2006,Gable,CompShg,HdBoard,Plywood,BrkFace,0.0,TA,TA,CBlock,TA,TA,No,ALQ,565,Unf,0,280,845,GasA,TA,Y,SBrkr,845,0,0,845,1,0,1,0,2,1,TA,4,Typ,0,Gd,Detchd,1987.0,Unf,2,360,TA,TA,Y,0,0,0,0,0,0,Gd,MnPrv,Shed,0,6,2007,WD,Normal,129500,0.11118421052631579,845,1.0,42,0,0,0,0,0
73,60,RL,74.0,10141,Pave,Grvl,IR1,Lvl,AllPub,Corner,Gtl,Gilbert,Norm,Norm,1Fam,2Story,7,5,1998,1998,Gable,CompShg,VinylSd,VinylSd,BrkFace,40.0,TA,TA,PConc,Gd,TA,No,Unf,0,Unf,0,832,832,GasA,Gd,Y,SBrkr,885,833,0,1718,0,0,2,1,3,1,TA,7,Typ,1,TA,Attchd,1998.0,Fin,2,427,TA,TA,Y,0,94,0,0,291,0,Gd,MnPrv,Shed,0,12,2009,WD,Normal,185000,0.16939459672648394,1718,2.5,26,0,0,0,1,0
74,20,RL,85.0,10200,Pave,Grvl,Reg,Lvl,AllPub,Inside,Gtl,NAmes,Norm,Norm,1Fam,1Story,5,7,1954,2003,Gable,CompShg,Wd Sdng,Wd Sdng,BrkFace,104.0,TA,TA,CBlock,TA,TA,No,ALQ,320,BLQ,362,404,1086,GasA,Gd,Y,SBrkr,1086,0,0,1086,1,0,1,0,3,1,TA,6,Typ,0,Gd,Attchd,1989.0,Unf,2,490,TA,TA,Y,0,0,0,0,0,0,Gd,GdWo,Shed,0,5,2010,WD,Normal,144900,0.10646015096559161,1086,1.0,70,0,0,0,0,0
75,50,RM,60.0,5790,Pave,Grvl,Reg,Lvl,AllPub,Corner,Gtl,OldTown,Norm,Norm,1Fam,2Story,3,6,1915,1950,Gambrel,CompShg,VinylSd,VinylSd,BrkFace,0.0,Gd,Gd,CBlock,Fa,TA,No,Unf,0,Unf,0,840,840,GasA,Gd,N,SBrkr,840,765,0,1605,0,0,2,0,3,2,TA,8,Typ,0,Gd,Detchd,1915.0,Unf,1,379,TA,TA,Y,0,0,202,0,0,0,Gd,MnPrv,Shed,0,5,2010,WD,Normal,107400,0.2771542048005526,1605,2.0,109,1,0,0,0,0
76,180,RM,21.0,1596,Pave,Grvl,Reg,Lvl,AllPub,Inside,Gtl,MeadowV,Norm,Norm,Twnhs,SLvl,4,5,1973,1973,Gable,CompShg,CemntBd,CmentBd,BrkFace,0.0,TA,TA,CBlock,Gd,TA,Gd,GLQ,462,Unf,0,0,462,GasA,TA,Y,SBrkr,526,462,0,988,1,0,1,0,2,1,TA,5,Typ,0,Gd,BuiltIn,1973.0,Unf,1,297,TA,TA,Y,120,101,0,0,0,0,Gd,GdWo,Shed,0,11,2009,WD,Normal,91000,0.6186599874765185,988,1.0,51,1,0,0,0,0
77,20,RL,69.0,8475,Pave,Grvl,IR1,Lvl,AllPub,Inside,Gtl,NAmes,Norm,Norm,1Fam,1Story,4,7,1956,1956,Gable,CompShg,VinylSd,VinylSd,BrkFace,0.0,TA,TA,CBlock,TA,TA,No,ALQ,228,Unf,0,724,952,GasA,Ex,Y,FuseA,952,0,0,952,0,0,1,0,2,1,TA,4,Typ,0,Gd,Detchd,1956.0,Unf,1,283,TA,TA,Y,0,0,0,0,0,0,Gd,MnPrv,Shed,0,4,2008,WD,Normal,135750,0.1123171307220387,952,1.0,68,0,0,0,1,0
78,50,RM,50.0,8635,Pave,Grvl,Reg,Lvl,AllPub,Inside,Gtl,BrkSide,Norm,Norm,1Fam,1.5Fin,5,5,1948,2001,Gable,CompShg,Wd Sdng,Wd Sdng,BrkFace,0.0,TA,TA,CBlock,TA,TA,No,BLQ,336,GLQ,41,295,672,GasA,TA,Y,SBrkr,1072,213,0,1285,1,0,1,0,2,1,TA,6,Min1,0,Gd,Detchd,1948.0,Unf,1,240,TA,TA,Y,0,0,0,0,0,0,Gd,MnPrv,Shed,0,1,2008,WD,Normal,127000,0.14879573876794813,1285,1.0,76,1,0,0,0,0
79,90,RL,72.0,10778,Pave,Grvl,Reg,Lvl,AllPub,Inside,Gtl,Sawyer,Norm,Norm,Duplex,1Story,4,5,1968,1968,Hip,CompShg,HdBoard,HdBoard,BrkFace,0.0,TA,TA,CBlock,TA,TA,No,Unf,0,Unf,0,1768,1768,GasA,TA,N,SBrkr,1768,0,0,1768,0,0,2,0,4,2,TA,8,Typ,0,Gd,Attchd,1980.0,Unf,0,0,TA,TA,Y,0,0,0,0,0,0,Gd,MnPrv,Shed,0,4,2010,WD,Normal,136500,0.1640226366082197,1768,2.0,56,0,0,0,0,0
80,50,RM,60.0,10440,Pave,Grvl,Reg,Lvl,AllPub,Corner,Gtl,OldTown,Norm,Norm,1Fam,2Story,5,6,1910,1981,Gable,CompShg,Wd Sdng,Wd Sdng,BrkFace,0.0,TA,TA,PConc,TA,TA,No,Unf,0,Unf,0,440,440,GasA,Gd,Y,SBrkr,682,548,0,1230,0,0,1,1,2,1,TA,5,Typ,0,Gd,Detchd,1966.0,Unf,2,440,TA,TA,Y,74,0,128,0,0,0,Gd,MnPrv,Shed,0,5,2009,WD,Normal,110000,0.11780480796858539,1230,1.5,114,1,0,0,0,0
81,60,RL,100.0,13000,Pave,Grvl,Reg,Lvl,AllPub,Corner,Gtl,NAmes,Norm,Norm,1Fam,2Story,6,6,1968,1968,Gable,CompShg,VinylSd,VinylSd,BrkFace,576.0,TA,Gd,CBlock,Gd,TA,No,Rec,448,Unf,0,448,896,GasA,TA,Y,SBrkr,1182,960,0,2142,0,0,2,1,4,1,Gd,8,Typ,1,Gd,Attchd,1968.0,Fin,1,509,TA,TA,Y,0,72,0,0,252,0,Gd,MnPrv,Shed,0,6,2009,WD,Normal,193500,0.16475655718790863,2142,2.5,56,0,0,0,0,0
82,120,RM,32.0,4500,Pave,Grvl,Reg,Lvl,AllPub,FR2,Gtl,Mitchel,Norm,Norm,TwnhsE,1Story,6,5,1998,1998,Hip,CompShg,VinylSd,VinylSd,BrkFace,443.0,TA,Gd,PConc,Ex,Gd,No,GLQ,1201,Unf,0,36,1237,GasA,Ex,Y,SBrkr,1337,0,0,1337,1,0,2,0,2,1,TA,5,Typ,0,Gd,Attchd,1998.0,Fin,2,405,TA,TA,Y,0,199,0,0,0,0,Gd,MnPrv,Shed,0,3,2006,WD,Normal,153500,0.29704510108864696,1337,2.0,26,1,0,0,0,0
83,20,RL,78.0,10206,Pave,Grvl,Reg,Lvl,AllPub,Inside,Gtl,Somerst,Norm,Norm,1Fam,1Story,8,5,2007,2007,Gable,CompShg,VinylSd,VinylSd,Stone,468.0,TA,TA,PConc,Gd,TA,No,GLQ,33,Unf,0,1530,1563,GasA,Ex,Y,SBrkr,1563,0,0,1563,0,0,2,0,3,1,Gd,6,Typ,1,Gd,Attchd,2007.0,RFn,3,758,TA,TA,Y,144,99,0,0,0,0,Gd,MnPrv,Shed,0,10,2008,WD,Normal,245000,0.15313020476143824,1563,2.0,17,0,0,0,0,0
84,20,RL,80.0,8892,Pave,Grvl,IR1,Lvl,AllPub,Inside,Gtl,NAmes,Norm,Norm,1Fam,1Story,5,5,1960,1960,Gable,CompShg,MetalSd,MetalSd,BrkCmn,66.0,TA,TA,CBlock,TA,TA,No,Unf,0,Unf,0,1065,1065,GasA,Gd,Y,SBrkr,1065,0,0,1065,0,0,1,1,3,1,TA,6,Typ,0,Gd,Detchd,1974.0,Unf,2,461,TA,TA,Y,74,0,0,0,0,0,Gd,MnPrv,Shed,0,7,2007,COD,Normal,126500,0.11975711233554481,1065,1.5,64,0,0,0,1,0
85,80,RL,69.0,8530,Pave,Grvl,IR1,Lvl,AllPub,Inside,Gtl,Gilbert,Norm,Norm,1Fam,SLvl,7,5,1995,1996,Gable,CompShg,HdBoard,HdBoard,BrkFace,22.0,TA,TA,PConc,Gd,TA,No,Unf,0,Unf,0,384,384,GasA,Gd,Y,SBrkr,804,670,0,1474,0,0,2,1,3,1,TA,7,Typ,1,TA,BuiltIn,1995.0,Fin,2,400,TA,TA,Y,120,72,0,0,0,0,Gd,MnPrv,Shed,700,5,2009,WD,Normal,168500,0.1727816199742117,1474,2.5,29,0,0,0,1,0
86,60,RL,121.0,16059,Pave,Grvl,Reg,Lvl,AllPub,Corner,Gtl,NoRidge,Norm,Norm,1Fam,2Story,8,5,1991,1992,Hip,CompShg,HdBoard,HdBoard,BrkFace,284.0,Gd,TA,CBlock,Gd,TA,No,Unf,0,Unf,0,1288,1288,GasA,Ex,Y,SBrkr,1301,1116,0,2417,0,0,2,1,4,1,Gd,9,Typ,1,TA,Attchd,1991.0,Unf,2,462,TA,TA,Y,127,82,0,0,0,0,Gd,MnPrv,Shed,0,4,2006,WD,Normal,260000,0.15049813200498133,2417,2.5,33,0,0,0,0,0
87,60,RL,122.0,11911,Pave,Grvl,IR2,Lvl,AllPub,Inside,Gtl,Gilbert,Norm,Norm,1Fam,2Story,6,5,2005,2005,Gable,CompShg,VinylSd,VinylSd,BrkFace,0.0,Gd,TA,PConc,Gd,TA,Av,Unf,0,Unf,0,684,684,GasA,Ex,Y,SBrkr,684,876,0,1560,0,0,2,1,3,1,Gd,6,Typ,1,Gd,BuiltIn,2005.0,Fin,2,400,TA,TA,Y,100,38,0,0,0,0,Gd,MnPrv,Shed,0,3,2009,WD,Normal,174000,0.13096037609133646,1560,2.5,19,0,0,0,2,0
88,160,FV,40.0,3951,Pave,Pave,Reg,Lvl,AllPub,Corner,Gtl,Somerst,Norm,Norm,TwnhsE,2Story,6,5,2009,2009,Gable,CompShg,VinylSd,VinylSd,Stone,76.0,Gd,TA,PConc,Gd,TA,Av,Unf,0,Unf,0,612,612,GasA,Ex,Y,SBrkr,612,612,0,1224,0,0,2,1,2,1,Gd,4,Typ,0,Gd,Detchd,2009.0,RFn,2,528,TA,TA,Y,0,234,0,0,0,0,Gd,MnPrv,Shed,0,6,2009,New,Partial,164500,0.3097165991902834,1224,2.5,15,3,0,1,0,0
89,50,C (all),105.0,8470,Pave,Grvl,IR1,Lvl,AllPub,Corner,Gtl,IDOTRR,Feedr,Feedr,1Fam,1.5Fin,3,2,1915,1982,Hip,CompShg,Plywood,Plywood,BrkFace,0.0,Fa,Fa,CBlock,TA,Fa,No,Unf,0,Unf,0,1013,1013,GasA,TA,N,SBrkr,1013,0,513,1526,0,0,1,0,2,1,Fa,6,Typ,0,Gd,Attchd,1980.0,Unf,0,0,TA,TA,N,0,0,156,0,0,0,Gd,MnPrv,Shed,0,10,2009,ConLD,Abnorml,85000,0.1801440207767678,1013,1.0,109,2,0,0,1,0
90,20,RL,60.0,8070,Pave,Grvl,Reg,Lvl,AllPub,Inside,Gtl,CollgCr,Norm,Norm,1Fam,1Story,4,5,1994,1995,Gable,CompShg,VinylSd,VinylSd,BrkFace,0.0,TA,TA,PConc,Gd,TA,No,GLQ,588,Unf,0,402,990,GasA,Ex,Y,SBrkr,990,0,0,990,1,0,1,0,3,1,TA,5,Typ,0,Gd,Attchd,1980.0,Unf,0,0,TA,TA,Y,0,0,0,0,0,0,Gd,MnPrv,Shed,0,8,2007,WD,Normal,123600,0.12266138025027877,990,1.0,30,0,0,0,0,0
91,20,RL,60.0,7200,Pave,Grvl,Reg,Lvl,AllPub,Inside,Gtl,NAmes,Norm,Norm,1Fam,1Story,4,5,1950,1950,Gable,CompShg,BrkFace,Wd Sdng,BrkFace,0.0,TA,TA,Slab,TA,TA,No,Unf,0,Unf,0,0,0,GasA,TA,Y,FuseA,1040,0,0,1040,0,0,1,0,2,1,TA,4,Typ,0,Gd,Detchd,1950.0,Unf,2,420,TA,TA,Y,0,29,0,0,0,0,Gd,MnPrv,Shed,0,7,2006,WD,Normal,109900,0.1444243855020136,1040,1.0,74,0,0,0,0,0
92,20,RL,85.0,8500,Pave,Grvl,Reg,Lvl,AllPub,Inside,Gtl,NAmes,Norm,Norm,1Fam,1Story,5,3,1961,1961,Hip,CompShg,HdBoard,HdBoard,BrkCmn,203.0,TA,TA,CBlock,TA,TA,No,Rec,600,Unf,0,635,1235,GasA,TA,Y,SBrkr,1235,0,0,1235,0,0,1,0,2,1,TA,6,Typ,0,Gd,Attchd,1961.0,Unf,2,480,TA,TA,Y,0,0,0,0,0,0,Gd,GdWo,Shed,0,12,2006,WD,Abnorml,98600,0.14527702623220798,1235,1.0,63,0,0,0,0,0
93,30,RL,80.0,13360,Pave,Grvl,IR1,HLS,AllPub,Inside,Gtl,Crawfor,Norm,Norm,1Fam,1Story,5,7,1921,2006,Gable,CompShg,Wd Sdng,Wd Sdng,BrkFace,0.0,TA,Gd,BrkTil,Gd,TA,No,ALQ,713,Unf,0,163,876,GasA,Ex,Y,SBrkr,964,0,0,964,1,0,1,0,2,1,TA,5,Typ,0,Gd,Detchd,1921.0,Unf,2,432,TA,TA,Y,0,0,44,0,0,0,Gd,MnPrv,Shed,0,8,2009,WD,Normal,163500,0.07215028815208442,964,1.0,103,0,0,0,1,3
94,190,C (all),60.0,7200,Pave,Grvl,Reg,Lvl,AllPub,Corner,Gtl,OldTown,Norm,Norm,2fmCon,2.5Unf,6,6,1910,1998,Hip,CompShg,MetalSd,MetalSd,BrkFace,0.0,TA,TA,BrkTil,TA,Fa,Mn,Rec,1046,Unf,0,168,1214,GasW,Ex,N,SBrkr,1260,1031,0,2291,0,1,2,0,4,2,TA,9,Typ,1,Gd,Detchd,1900.0,Unf,2,506,TA,TA,Y,0,0,0,0,99,0,Gd,MnPrv,Shed,0,11,2007,WD,Normal,133900,0.3181502569087627,2291,2.0,114,2,0,0,0,0
95,60,RL,69.0,9337,Pave,Grvl,IR1,Lvl,AllPub,Inside,Gtl,CollgCr,Norm,Norm,1Fam,2Story,6,5,1997,1997,Gable,CompShg,VinylSd,VinylSd,BrkFace,0.0,TA,Gd,PConc,Gd,TA,No,GLQ,648,Unf,0,176,824,GasA,Ex,Y,SBrkr,905,881,0,1786,1,0,2,1,3,1,Gd,7,Typ,0,Gd,Attchd,1997.0,RFn,2,684,TA,TA,Y,0,162,0,0,0,0,Gd,MnPrv,Shed,0,5,2007,WD,Normal,204750,0.19126151210109232,1786,2.5,27,0,0,0,1,0
96,60,RL,69.0,9765,Pave,Grvl,IR2,Lvl,AllPub,Corner,Gtl,Gilbert,Norm,Norm,1Fam,2Story,6,8,1993,1993,Gable,CompShg,VinylSd,VinylSd,BrkFace,68.0,Ex,Gd,PConc,Gd,Gd,No,ALQ,310,Unf,0,370,680,GasA,Gd,Y,SBrkr,680,790,0,1470,0,0,2,1,3,1,TA,6,Typ,1,TA,BuiltIn,1993.0,Fin,2,420,TA,TA,Y,232,63,0,0,0,0,Gd,MnPrv,Shed,480,4,2009,WD,Normal,185000,0.15052221994675405,1470,2.5,31,0,0,0,2,0
97,20,RL,78.0,10264,Pave,Grvl,IR1,Lvl,AllPub,Inside,Gtl,CollgCr,Norm,Norm,1Fam,1Story,7,5,1999,1999,Gable,CompShg,VinylSd,VinylSd,BrkFace,183.0,Gd,TA,PConc,Gd,TA,Av,ALQ,1162,Unf,0,426,1588,GasA,Ex,Y,SBrkr,1588,0,0,1588,0,0,2,0,3,1,Gd,6,Typ,0,Gd,Attchd,1999.0,RFn,2,472,TA,TA,Y,158,29,0,0,0,0,Gd,MnPrv,Shed,0,8,2006,WD,Normal,214000,0.15470043838285436,1588,2.0,25,0,0,0,1,0
98,20,RL,73.0,10921,Pave,Grvl,Reg,HLS,AllPub,Inside,Gtl,Edwards,Norm,Norm,1Fam,1Story,4,5,1965,1965,Hip,CompShg,HdBoard,HdBoard,BrkFace,48.0,TA,TA,CBlock,TA,TA,No,Rec,520,Unf,0,440,960,GasA,TA,Y,FuseF,960,0,0,960,1,0,1,0,3,1,TA,6,Typ,0,Gd,Attchd,1965.0,Fin,1,432,TA,TA,P,120,0,0,0,0,0,Gd,MnPrv,Shed,0,5,2007,WD,Normal,94750,0.08789598974546786,960,1.0,59,0,0,0,0,3
99,30,RL,85.0,10625,Pave,Grvl,Reg,Lvl,AllPub,Corner,Gtl,Edwards,Norm,Norm,1Fam,1Story,5,5,1920,1950,Gable,CompShg,Wd Sdng,Wd Sdng,BrkFace,0.0,TA,TA,BrkTil,TA,TA,No,ALQ,108,Unf,0,350,458,GasA,Fa,N,SBrkr,835,0,0,835,0,0,1,0,2,1,TA,5,Typ,0,Gd,Basment,1920.0,Unf,1,366,Fa,TA,Y,0,0,77,0,0,0,Gd,MnPrv,Shed,400,5,2010,COD,Abnorml,83000,0.07858083945040467,835,1.0,104,0,0,0,0,0
100,20,RL,77.0,9320,Pave,Grvl,IR1,Lvl,AllPub,Inside,Gtl,NAmes,Norm,Norm,1Fam,1Story,4,5,1959,1959,Gable,CompShg,Plywood,Plywood,BrkFace,0.0,TA,TA,CBlock,TA,TA,No,ALQ,569,Unf,0,381,950,GasA,Fa,Y,SBrkr,1225,0,0,1225,1,0,1,1,3,1,TA,6,Typ,0,Gd,Attchd,1980.0,Unf,0,0,TA,TA,Y,352,0,0,0,0,0,Gd,MnPrv,Shed,400,1,2010,WD,Normal,128950,0.13142366698852054,1225,1.5,65,0,0,0,1,0
101,20,RL,69.0,10603,Pave,Grvl,IR1,Lvl,AllPub,Inside,Gtl,NWAmes,Norm,Norm,1Fam,1Story,6,7,1977,2001,Gable,CompShg,Plywood,Plywood,BrkFace,28.0,TA,TA,PConc,TA,TA,Mn,ALQ,1200,Unf,0,410,1610,GasA,Gd,Y,SBrkr,1610,0,0,1610,1,0,2,0,3,1,Gd,6,Typ,2,TA,Attchd,1977.0,RFn,2,480,TA,TA,Y,168,68,0,0,0,0,Gd,MnPrv,Shed,0,2,2010,WD,Normal,205000,0.15182949830252734,1610,2.0,47,0,0,0,1,0
102,60,RL,77.0,9206,Pave,Grvl,Reg,Lvl,AllPub,Inside,Gtl,SawyerW,Norm,Norm,1Fam,2Story,6,5,1985,1985,Gable,CompShg,HdBoard,HdBoard,BrkFace,336.0,Gd,TA,CBlock,Gd,TA,No,Unf,0,Unf,0,741,741,GasA,TA,Y,SBrkr,977,755,0,1732,0,0,2,1,3,1,Gd,7,Typ,1,TA,Attchd,1985.0,Fin,2,476,TA,TA,Y,192,46,0,0,0,0,Gd,MnPrv,Shed,0,6,2010,WD,Normal,178000,0.18811773650483327,1732,2.5,39,0,0,0,0,0
103,90,RL,64.0,7018,Pave,Grvl,Reg,Bnk,AllPub,Inside,Gtl,SawyerW,Norm,Norm,Duplex,1Story,5,5,1979,1979,Gable,CompShg,HdBoard,HdBoard,BrkFace,0.0,TA,Fa,Slab,TA,TA,No,Unf,0,Unf,0,0,0,GasA,TA,Y,SBrkr,1535,0,0,1535,0,0,2,0,4,2,TA,8,Typ,0,Gd,Attchd,1979.0,Unf,2,410,TA,TA,Y,0,0,0,0,0,0,Gd,MnPrv,Shed,0,6,2009,WD,Alloca,118964,0.21869212138481264,1535,2.0,45,0,0,0,0,1
104,20,RL,94.0,10402,Pave,Grvl,IR1,Lvl,AllPub,Corner,Gtl,CollgCr,Norm,Norm,1Fam,1Story,7,5,2009,2009,Gable,CompShg,VinylSd,VinylSd,BrkFace,0.0,TA,TA,PConc,Gd,TA,No,Unf,0,Unf,0,1226,1226,GasA,Ex,Y,SBrkr,1226,0,0,1226,0,0,2,0,3,1,Gd,6,Typ,0,Gd,Attchd,2009.0,RFn,3,740,TA,TA,Y,0,36,0,0,0,0,Gd,MnPrv,Shed,0,5,2010,WD,Normal,198900,0.11785062001345765,1226,2.0,15,0,0,0,1,0
105,50,RM,69.0,7758,Pave,Grvl,Reg,Lvl,AllPub,Corner,Gtl,IDOTRR,Norm,Norm,1Fam,1.5Fin,7,4,1931,1950,Gable,CompShg,Stucco,Stucco,BrkFace,600.0,TA,Fa,PConc,TA,TA,No,LwQ,224,Unf,0,816,1040,GasA,Ex,Y,FuseF,1226,592,0,1818,0,0,1,1,4,1,TA,7,Typ,2,TA,Detchd,1951.0,Unf,1,240,TA,TA,Y,0,0,0,0,184,0,Gd,MnPrv,Shed,0,6,2007,WD,Normal,169500,0.2343085449155819,1818,1.5,93,1,0,0,0,0
106,60,FV,75.0,9375,Pave,Grvl,Reg,Lvl,AllPub,Inside,Gtl,Somerst,Norm,Norm,1Fam,2Story,8,5,2003,2004,Hip,CompShg,VinylSd,VinylSd,BrkFace,768.0,Gd,TA,PConc,Ex,TA,No,Unf,0,Unf,0,1053,1053,GasA,Ex,Y,SBrkr,1053,939,0,1992,0,0,2,1,3,1,Gd,9,Typ,1,Gd,Attchd,2003.0,RFn,2,648,TA,TA,Y,140,45,0,0,0,0,Gd,MnPrv,Shed,0,8,2008,WD,Normal,250000,0.21245733788395904,1992,2.5,21,3,0,0,0,0
107,30,RM,60.0,10800,Pave,Grvl,Reg,Lvl,AllPub,Inside,Gtl,OldTown,Norm,Norm,1Fam,1Story,4,7,1885,1995,Mansard,CompShg,VinylSd,VinylSd,BrkFace,0.0,TA,TA,BrkTil,Fa,TA,No,Unf,0,Unf,0,641,641,GasA,Gd,Y,SBrkr,1047,0,0,1047,0,0,1,0,2,1,TA,6,Typ,0,Gd,Detchd,1954.0,Unf,1,273,Fa,Fa,N,0,0,0,0,0,0,Gd,MnPrv,Shed,450,8,2007,WD,Normal,100000,0.09693546893806129,1047,1.0,139,1,0,0,0,0
108,20,RM,50.0,6000,Pave,Grvl,Reg,Lvl,AllPub,Inside,Gtl,OldTown,Norm,Norm,1Fam,1Story,5,5,1948,1950,Gable,CompShg,VinylSd,VinylSd,BrkFace,0.0,TA,TA,CBlock,TA,TA,No,ALQ,104,BLQ,169,516,789,GasA,Ex,Y,SBrkr,789,0,0,789,0,0,1,0,2,1,TA,5,Typ,0,Gd,Detchd,1948.0,Unf,1,250,TA,TA,Y,0,0,0,0,0,0,Gd,MnPrv,Shed,0,4,2008,WD,Partial,115000,0.13147808698550242,789,1.0,76,1,0,0,0,0
109,50,RM,85.0,8500,Pave,Grvl,Reg,Lvl,AllPub,Corner,Gtl,IDOTRR,Artery,Norm,1Fam,1.5Fin,5,7,1919,2005,Gable,CompShg,CemntBd,CmentBd,BrkFace,0.0,TA,TA,CBlock,TA,TA,No,Unf,0,Unf,0,793,793,GasW,TA,N,FuseF,997,520,0,1517,0,0,2,0,3,1,Fa,7,Typ,0,Gd,Attchd,1980.0,Unf,0,0,TA,TA,N,0,0,144,0,0,0,Gd,MnPrv,Shed,0,8,2007,WD,Normal,115000,0.1784495941653923,1517,2.0,105,1,0,0,0,0
110,20,RL,105.0,11751,Pave,Grvl,IR1,Lvl,AllPub,Inside,Gtl,NWAmes,Norm,Norm,1Fam,1Story,6,6,1977,1977,Hip,CompShg,Plywood,Plywood,BrkFace,480.0,TA,TA,CBlock,Gd,TA,No,BLQ,705,Unf,0,1139,1844,GasA,Ex,Y,SBrkr,1844,0,0,1844,0,0,2,0,3,1,TA,7,Typ,1,TA,Attchd,1977.0,RFn,2,546,TA,TA,Y,0,122,0,0,0,0,Gd,MnPrv,Shed,0,1,2010,COD,Normal,190000,0.15690946221919674,1844,2.0,47,0,0,0,1,0
111,50,RL,75.0,9525,Pave,Grvl,Reg,Lvl,AllPub,Inside,Gtl,Edwards,Norm,Norm,1Fam,1.5Fin,6,4,1954,1972,Gable,CompShg,Wd Sdng,Wd Sdng,BrkFace,0.0,TA,TA,CBlock,TA,Fa,No,Rec,444,Unf,0,550,994,GasA,Gd,Y,SBrkr,1216,639,0,1855,0,0,2,0,4,1,TA,7,Typ,0,Gd,Attchd,1954.0,Unf,1,325,TA,TA,Y,182,0,0,0,0,0,Gd,MnPrv,Shed,0,10,2006,WD,Normal,136900,0.19473021205122823,1855,2.0,70,0,0,0,0,0
112,80,RL,69.0,7750,Pave,Grvl,IR1,Lvl,AllPub,Inside,Gtl,Gilbert,Norm,Norm,1Fam,SLvl,7,5,2000,2000,Gable,CompShg,VinylSd,VinylSd,BrkFace,0.0,TA,TA,PConc,Gd,TA,No,GLQ,250,Unf,0,134,384,GasA,Ex,Y,SBrkr,774,656,0,1430,0,0,2,1,3,1,TA,7,Typ,1,TA,BuiltIn,2000.0,Fin,2,400,TA,TA,Y,180,0,0,0,0,0,Gd,MnPrv,Shed,0,4,2010,WD,Normal,180000,0.1844923235711521,1430,2.5,24,0,0,0,1,0
113,60,RL,77.0,9965,Pave,Grvl,Reg,Lvl,AllPub,Inside,Gtl,CollgCr,Norm,Norm,1Fam,2Story,7,5,2007,2007,Gable,CompShg,VinylSd,VinylSd,Stone,220.0,Gd,TA,PConc,Ex,TA,Av,GLQ,984,Unf,0,280,1264,GasA,Ex,Y,SBrkr,1282,1414,0,2696,1,0,2,1,4,1,Ex,10,Typ,1,Gd,BuiltIn,2007.0,Fin,3,792,TA,TA,Y,120,184,0,0,168,0,Gd,MnPrv,Shed,0,10,2007,New,Partial,383970,0.27051976720850895,2696,2.5,17,0,0,0,0,0
114,20,RL,69.0,21000,Pave,Grvl,Reg,Bnk,AllPub,Corner,Gtl,Crawfor,Norm,Norm,1Fam,1Story,6,5,1953,1953,Hip,CompShg,Wd Sdng,Wd Sdng,BrkFace,184.0,TA,Gd,CBlock,Gd,TA,Mn,ALQ,35,Rec,869,905,1809,GasA,TA,Y,SBrkr,2259,0,0,2259,1,0,2,0,3,1,Gd,7,Typ,2,Gd,Basment,1953.0,Unf,2,450,TA,TA,Y,166,120,192,0,0,0,Gd,MnPrv,Shed,0,10,2007,COD,Abnorml,217000,0.10756630636636351,2259,2.0,71,0,0,0,0,1
115,70,RL,61.0,7259,Pave,Grvl,IR1,Lvl,AllPub,Inside,Mod,Crawfor,Norm,Norm,1Fam,2Story,6,8,1945,2002,Gambrel,CompShg,Wd Sdng,Wd Sdng,BrkFace,0.0,TA,TA,CBlock,TA,TA,No,ALQ,774,LwQ,150,104,1028,GasA,Ex,Y,SBrkr,1436,884,0,2320,1,0,2,1,3,1,Gd,9,Typ,1,TA,Detchd,1945.0,Unf,1,180,TA,TA,Y,224,0,0,0,0,0,Gd,MnPrv,Shed,0,7,2007,WD,Normal,259500,0.31955922865013775,2320,2.5,79,0,0,0,1,0
116,160,FV,34.0,3230,Pave,Pave,Reg,Lvl,AllPub,Corner,Gtl,Somerst,Norm,Norm,TwnhsE,2Story,6,5,1999,1999,Gable,CompShg,MetalSd,MetalSd,BrkFace,1129.0,TA,TA,PConc,Gd,TA,No,GLQ,419,Unf,0,310,729,GasA,Gd,Y,SBrkr,729,729,0,1458,0,0,2,1,2,1,TA,5,Typ,1,Fa,Detchd,1999.0,Unf,2,440,TA,TA,Y,0,32,0,0,0,0,Gd,MnPrv,Shed,0,6,2007,WD,Normal,176000,0.45125348189415043,1458,2.5,25,3,0,1,0,0
117,20,RL,69.0,11616,Pave,Grvl,Reg,Lvl,AllPub,Inside,Gtl,Sawyer,Norm,Norm,1Fam,1Story,5,5,1962,1962,Gable,CompShg,Wd Sdng,Wd Sdng,BrkFace,116.0,TA,TA,CBlock,TA,TA,No,LwQ,170,BLQ,670,252,1092,GasA,TA,Y,SBrkr,1092,0,0,1092,0,1,1,0,3,1,TA,6,Typ,1,Po,Attchd,1962.0,Unf,1,288,TA,TA,Y,0,20,144,0,0,0,Gd,MnPrv,Shed,0,9,2009,WD,Normal,139000,0.09400017216148747,1092,1.0,62,0,0,0,0,0
118,20,RL,74.0,8536,Pave,Grvl,Reg,Lvl,AllPub,Corner,Gtl,Edwards,Norm,Norm,1Fam,1Story,5,5,2006,2007,Gable,CompShg,VinylSd,VinylSd,BrkFace,0.0,TA,TA,PConc,Gd,TA,No,Unf,0,Unf,0,1125,1125,GasA,Gd,Y,SBrkr,1125,0,0,1125,0,0,1,1,2,1,TA,5,Typ,0,Gd,Attchd,2007.0,Unf,2,430,TA,TA,Y,80,64,0,0,0,0,Gd,MnPrv,Shed,0,4,2007,New,Partial,155000,0.13177931357619774,1125,1.5,18,0,0,0,0,0
119,60,RL,90.0,12376,Pave,Grvl,Reg,Lvl,AllPub,Corner,Gtl,SawyerW,Norm,Norm,1Fam,2Story,7,5,1990,1990,Hip,CompShg,Plywood,Plywood,BrkFace,0.0,TA,TA,PConc,Gd,TA,Mn,GLQ,1470,Unf,0,203,1673,GasA,Gd,Y,SBrkr,1699,1523,0,3222,1,0,3,0,5,1,Gd,11,Typ,2,TA,Attchd,1990.0,Unf,3,594,TA,TA,Y,367,0,0,0,0,0,Gd,MnPrv,Shed,0,5,2010,WD,Normal,320000,0.2603215641916458,3222,3.0,34,0,0,0,0,0
120,60,RL,65.0,8461,Pave,Grvl,Reg,Lvl,AllPub,Inside,Gtl,CollgCr,Norm,Norm,1Fam,2Story,6,5,2005,2006,Gable,CompShg,VinylSd,VinylSd,BrkFace,0.0,Gd,TA,PConc,Gd,TA,No,Unf,0,Unf,0,728,728,GasA,Ex,Y,SBrkr,728,728,0,1456,0,0,2,1,3,1,Gd,8,Typ,1,Gd,Attchd,2005.0,Fin,2,390,TA,TA,Y,0,24,0,0,0,0,Gd,MnPrv,Shed,0,7,2006,New,Partial,163990,0.1720633419995273,1456,2.5,19,0,0,0,0,0
121,80,RL,69.0,21453,Pave,Grvl,IR1,Low,AllPub,CulDSac,Sev,ClearCr,Norm,Norm,1Fam,SLvl,6,5,1969,1969,Flat,Metal,Plywood,Plywood,BrkFace,0.0,TA,TA,CBlock,TA,TA,Gd,ALQ,938,Unf,0,0,938,GasA,Ex,Y,SBrkr,988,0,0,988,1,0,1,0,1,1,TA,4,Typ,2,TA,Attchd,1969.0,Unf,2,540,TA,TA,Y,0,130,0,130,0,0,Gd,MnPrv,Shed,0,10,2006,WD,Normal,180000,0.04605201827165097,988,1.0,55,0,0,0,1,2
122,50,RM,50.0,6060,Pave,Grvl,Reg,Lvl,AllPub,Inside,Gtl,IDOTRR,Norm,Norm,1Fam,1.5Fin,4,5,1939,1950,Gable,CompShg,AsbShng,AsbShng,BrkFace,0.0,TA,TA,PConc,TA,TA,No,Unf,0,Unf,0,732,732,GasA,Gd,Y,SBrkr,772,351,0,1123,0,0,1,0,3,1,TA,4,Typ,0,Gd,Detchd,1979.0,Unf,1,264,TA,TA,P,0,0,140,0,0,0,Gd,MnPrv,Shed,0,6,2007,WD,Normal,100000,0.1852829566078205,1123,1.0,85,1,0,0,0,0
123,20,RL,75.0,9464,Pave,Grvl,Reg,Lvl,AllPub,Corner,Gtl,NAmes,Norm,Norm,1Fam,1Story,6,7,1958,1958,Hip,CompShg,MetalSd,MetalSd,BrkFace,135.0,TA,Gd,CBlock,TA,TA,No,BLQ,570,Unf,0,510,1080,GasA,Gd,Y,SBrkr,1080,0,0,1080,0,0,1,0,3,1,TA,5,Typ,0,Gd,Attchd,1958.0,Unf,1,288,TA,TA,Y,0,0,0,0,130,0,Gd,MnPrv,Shed,0,6,2008,WD,Normal,136000,0.11410459587955626,1080,1.0,66,0,0,0,0,0
124,120,RL,55.0,7892,Pave,Grvl,Reg,Lvl,AllPub,Inside,Gtl,SawyerW,Norm,Norm,TwnhsE,1Story,6,5,1993,1993,Gable,CompShg,Plywood,Plywood,BrkFace,0.0,Gd,TA,PConc,Gd,TA,No,GLQ,300,Unf,0,899,1199,GasA,Ex,Y,SBrkr,1199,0,0,1199,0,0,2,0,2,1,Gd,5,Typ,0,Gd,Attchd,1993.0,RFn,2,530,TA,TA,Y,0,63,0,0,0,0,Gd,MnPrv,Shed,0,3,2008,WD,Normal,153900,0.1519067528189535,1199,2.0,31,0,0,0,0,0
125,20,RL,48.0,17043,Pave,Grvl,IR1,Lvl,AllPub,CulDSac,Gtl,NWAmes,Norm,Norm,1Fam,1Story,6,5,1979,1998,Gable,CompShg,HdBoard,HdBoard,BrkFace,0.0,TA,Gd,CBlock,Gd,Fa,No,Unf,0,Unf,0,1362,1362,GasA,TA,Y,SBrkr,1586,0,0,1586,0,0,2,0,3,1,TA,7,Typ,1,TA,Attchd,1979.0,Unf,2,435,TA,TA,Y,192,0,0,0,0,0,Gd,MnPrv,Shed,0,1,2009,WD,Normal,181000,0.09305327387937104,1586,2.0,45,0,0,0,1,0
126,190,RM,60.0,6780,Pave,Grvl,Reg,Lvl,AllPub,Inside,Gtl,IDOTRR,Norm,Norm,2fmCon,1.5Fin,6,8,1935,1982,Gable,CompShg,Wd Sdng,Wd Sdng,BrkFace,0.0,TA,Fa,CBlock,TA,TA,Av,GLQ,490,Unf,0,30,520,GasA,Gd,N,SBrkr,520,0,234,754,1,0,1,0,2,1,TA,5,Typ,0,Gd,Attchd,1980.0,Unf,0,0,TA,TA,N,53,0,0,0,0,0,Gd,MnPrv,Shed,0,6,2006,WD,Normal,84500,0.1111930393747235,520,1.0,89,1,0,0,0,0
127,120,RL,69.0,4928,Pave,Grvl,IR1,Lvl,AllPub,Inside,Gtl,NPkVill,Norm,Norm,TwnhsE,1Story,6,5,1976,1976,Gable,CompShg,Plywood,Plywood,BrkFace,0.0,TA,TA,CBlock,Gd,TA,No,ALQ,120,Unf,0,958,1078,GasA,TA,Y,SBrkr,958,0,0,958,0,0,2,0,2,1,TA,5,Typ,1,TA,Attchd,1977.0,RFn,2,440,TA,TA,Y,0,205,0,0,0,0,Gd,MnPrv,Shed,0,2,2007,WD,Normal,128000,0.19435991073240008,958,2.0,48,0,0,0,1,0
128,45,RM,55.0,4388,Pave,Grvl,IR1,Bnk,AllPub,Inside,Gtl,OldTown,Feedr,Norm,1Fam,1.5Unf,5,7,1930,1950,Gable,CompShg,WdShing,Wd Sdng,BrkFace,0.0,TA,Gd,BrkTil,TA,TA,No,LwQ,116,Unf,0,556,672,GasA,Ex,Y,SBrkr,840,0,0,840,0,0,1,0,3,1,TA,5,Typ,1,TA,Attchd,1980.0,Unf,0,0,TA,TA,N,0,0,0,0,0,0,Gd,MnPrv,Shed,0,6,2007,WD,Normal,87000,0.19138755980861244,840,1.0,94,1,0,0,1,1
129,60,RL,69.0,7590,Pave,Grvl,Reg,Lvl,AllPub,Inside,Gtl,NAmes,PosN,Norm,1Fam,2Story,6,5,1966,1966,Gable,CompShg,VinylSd,VinylSd,BrkFace,266.0,TA,TA,CBlock,TA,TA,No,BLQ,512,Unf,0,148,660,GasA,TA,Y,SBrkr,660,688,0,1348,0,0,1,1,3,1,TA,6,Typ,1,Fa,Attchd,1966.0,RFn,2,453,TA,TA,Y,188,108,0,0,0,0,Gd,MnPrv,Shed,0,7,2006,WD,Normal,155000,0.17757871163219602,1348,1.5,58,0,0,0,0,0
130,20,RL,69.0,8973,Pave,Grvl,Reg,Lvl,AllPub,Inside,Gtl,NAmes,Norm,Norm,1Fam,1Story,5,7,1958,1991,Gable,CompShg,Plywood,Plywood,BrkFace,85.0,TA,TA,CBlock,TA,TA,No,Rec,567,BLQ,28,413,1008,GasA,TA,Y,FuseA,1053,0,0,1053,0,1,1,1,3,1,Ex,6,Typ,0,Gd,2Types,1998.0,RFn,2,750,TA,TA,Y,0,80,0,180,0,0,Gd,MnWw,Shed,0,7,2006,WD,Abnorml,150000,0.11733897927345666,1053,1.5,66,0,0,0,0,0
131,60,RL,88.0,14200,Pave,Grvl,Reg,Lvl,AllPub,Corner,Gtl,NAmes,Norm,Norm,1Fam,2Story,7,6,1966,1966,Gable,CompShg,MetalSd,MetalSd,BrkFace,309.0,TA,TA,CBlock,TA,TA,No,Rec,445,Unf,0,479,924,GasA,Ex,Y,SBrkr,1216,941,0,2157,0,0,2,1,4,1,Gd,8,Typ,2,Gd,Attchd,1966.0,Fin,2,487,TA,TA,Y,105,66,0,0,0,0,Gd,GdPrv,Shed,0,5,2006,WD,Normal,226000,0.15189071192169565,2157,2.5,58,0,0,0,0,0
132,60,RL,69.0,12224,Pave,Grvl,IR1,Lvl,AllPub,Corner,Gtl,Gilbert,Norm,Norm,1Fam,2Story,6,5,2000,2000,Gable,CompShg,VinylSd,VinylSd,BrkFace,40.0,Gd,TA,PConc,Gd,TA,No,GLQ,695,Unf,0,297,992,GasA,Ex,Y,SBrkr,1022,1032,0,2054,1,0,2,1,3,1,Gd,7,Typ,1,TA,BuiltIn,2000.0,RFn,2,390,TA,TA,Y,24,48,0,0,0,0,Gd,MnPrv,Shed,0,7,2009,WD,Normal,244000,0.1680163599182004,2054,2.5,24,0,0,0,1,0
133,20,RL,75.0,7388,Pave,Grvl,Reg,Lvl,AllPub,Corner,Gtl,NAmes,Norm,Norm,1Fam,1Story,5,6,1959,2002,Gable,CompShg,MetalSd,MetalSd,BrkFace,0.0,TA,TA,CBlock,TA,TA,No,Rec,405,Unf,0,658,1063,GasA,Gd,Y,SBrkr,1327,0,0,1327,1,0,1,0,3,1,Gd,7,Typ,0,Gd,Detchd,1974.0,Unf,2,624,TA,TA,Y,0,0,0,0,0,0,Gd,MnPrv,Shed,0,7,2007,WD,Normal,150750,0.17959128434158886,1327,1.0,65,0,0,0,0,0
134,20,RL,69.0,6853,Pave,Grvl,IR1,Lvl,AllPub,Inside,Gtl,Timber,Norm,Norm,1Fam,1Story,8,5,2001,2002,Gable,CompShg,VinylSd,VinylSd,BrkFace,136.0,Gd,TA,PConc,Ex,TA,No,GLQ,1005,Unf,0,262,1267,GasA,Ex,Y,SBrkr,1296,0,0,1296,1,0,2,0,2,1,Gd,6,Typ,0,Gd,Attchd,2001.0,Fin,2,471,TA,TA,Y,192,25,0,0,0,0,Gd,MnPrv,Shed,0,6,2009,WD,Normal,220000,0.18908666472133062,1296,2.0,23,0,0,0,1,0
135,20,RL,78.0,10335,Pave,Grvl,IR1,Lvl,AllPub,Inside,Gtl,Sawyer,Norm,Norm,1Fam,1Story,5,6,1968,1993,Gable,CompShg,Plywood,Plywood,BrkFace,0.0,TA,TA,CBlock,TA,TA,No,Rec,570,Unf,0,891,1461,GasA,Gd,Y,SBrkr,1721,0,0,1721,0,0,2,1,3,1,TA,7,Min1,1,TA,Attchd,1968.0,RFn,2,440,TA,TA,Y,0,96,180,0,0,0,Gd,MnPrv,Shed,0,7,2006,WD,Normal,180000,0.16650541795665635,1721,2.5,56,0,0,0,1,0
136,20,RL,80.0,10400,Pave,Grvl,Reg,Lvl,AllPub,Inside,Gtl,NWAmes,Norm,Norm,1Fam,1Story,7,6,1970,1970,Hip,CompShg,Plywood,Plywood,BrkFace,288.0,TA,TA,PConc,TA,TA,No,Unf,0,Unf,0,1304,1304,GasA,Gd,Y,SBrkr,1682,0,0,1682,0,0,2,0,3,1,TA,7,Typ,1,Gd,Attchd,1970.0,Unf,2,530,TA,TA,Y,98,0,0,0,0,0,Gd,MnPrv,Shed,0,5,2008,WD,Normal,174000,0.16171521969041439,1682,2.0,54,0,0,0,0,0
137,20,RL,69.0,10355,Pave,Grvl,IR1,Lvl,AllPub,Corner,Gtl,NAmes,Norm,Norm,1Fam,1Story,5,5,1967,1967,Gable,CompShg,MetalSd,MetalSd,BrkFace,196.0,TA,TA,CBlock,TA,TA,No,BLQ,695,Unf,0,519,1214,GasA,TA,Y,SBrkr,1214,0,0,1214,0,0,2,0,3,1,TA,5,Typ,1,Fa,Attchd,1967.0,RFn,1,318,TA,TA,Y,0,111,0,0,0,0,Gd,MnPrv,Shed,0,7,2007,WD,Normal,143000,0.11722672846658942,1214,2.0,57,0,0,0,1,0
138,90,RL,82.0,11070,Pave,Grvl,Reg,Lvl,AllPub,Inside,Gtl,Mitchel,Norm,Norm,Duplex,1Story,7,5,1988,1989,Gable,CompShg,VinylSd,VinylSd,BrkFace,70.0,TA,TA,CBlock,TA,TA,No,Unf,0,Unf,0,1907,1907,GasA,Gd,Y,SBrkr,1959,0,0,1959,0,0,3,0,5,2,TA,9,Typ,0,Gd,2Types,1989.0,Unf,3,766,TA,TA,Y,0,0,0,0,0,0,Gd,MnPrv,Shed,0,7,2006,WD,Family,171000,0.17694878511426249,1959,3.0,36,0,0,0,0,0
139,60,RL,73.0,9066,Pave,Grvl,IR1,Lvl,AllPub,Inside,Gtl,CollgCr,Norm,Norm,1Fam,2Story,8,5,1999,2000,Gable,CompShg,VinylSd,VinylSd,BrkFace,320.0,Gd,TA,PConc,Gd,TA,Mn,GLQ,668,Unf,0,336,1004,GasA,Ex,Y,SBrkr,1004,848,0,1852,0,0,2,1,3,1,Gd,7,Typ,2,TA,Attchd,1999.0,Fin,3,660,TA,TA,Y,224,106,0,0,0,0,Gd,GdPrv,Shed,0,12,2008,WD,Normal,230000,0.20425719642660195,1852,2.5,25,0,0,0,1,0
140,60,RL,65.0,15426,Pave,Grvl,IR1,Lvl,AllPub,Inside,Gtl,CollgCr,Norm,Norm,1Fam,2Story,6,5,1997,1997,Gable,CompShg,VinylSd,VinylSd,BrkFace,0.0,TA,TA,PConc,Gd,TA,No,GLQ,821,Unf,0,107,928,GasA,Ex,Y,SBrkr,928,836,0,1764,1,0,2,1,3,1,Gd,7,Typ,0,Gd,Attchd,1997.0,RFn,2,470,TA,TA,Y,276,99,0,0,0,0,Gd,MnPrv,Shed,0,8,2009,WD,Normal,231500,0.11434497958125364,1764,2.5,27,0,0,0,1,0
141,20,RL,70.0,10500,Pave,Grvl,Reg,Lvl,AllPub,FR2,Gtl,NAmes,Norm,Norm,1Fam,1Story,4,5,1971,1971,Gable,CompShg,HdBoard,HdBoard,BrkFace,0.0,TA,TA,CBlock,TA,TA,No,ALQ,432,Unf,0,432,864,GasA,TA,Y,SBrkr,864,0,0,864,0,0,1,0,3,1,TA,5,Typ,1,Po,Attchd,1980.0,Unf,0,0,TA,TA,Y,0,0,0,0,0,0,Gd,MnPrv,Shed,0,4,2010,ConLI,Normal,115000,0.08227787829730501,864,1.0,53,0,0,0,0,0
142,20,RL,78.0,11645,Pave,Grvl,Reg,Lvl,AllPub,Inside,Gtl,CollgCr,Norm,Norm,1Fam,1Story,7,5,2005,2005,Gable,CompShg,VinylSd,VinylSd,BrkFace,0.0,Gd,TA,PConc,Gd,TA,Av,GLQ,1300,Unf,0,434,1734,GasA,Ex,Y,SBrkr,1734,0,0,1734,1,0,2,0,3,1,Gd,7,Typ,0,Gd,Attchd,2005.0,Fin,2,660,TA,TA,Y,160,24,0,0,0,0,Gd,MnPrv,Shed,0,1,2006,WD,Normal,260000,0.14889232354456466,1734,2.0,19,0,0,0,0,0
143,50,RL,71.0,8520,Pave,Grvl,Reg,Lvl,AllPub,Corner,Gtl,NAmes,Artery,Norm,1Fam,1.5Fin,5,4,1952,1952,Gable,CompShg,BrkFace,Wd Sdng,BrkFace,0.0,TA,Fa,CBlock,TA,TA,No,Rec,507,Unf,0,403,910,GasA,Fa,Y,SBrkr,910,475,0,1385,0,0,2,0,4,1,TA,6,Typ,0,Gd,Detchd,2000.0,Unf,2,720,TA,TA,Y,0,0,0,0,0,0,Gd,MnPrv,Shed,0,6,2010,WD,Normal,166000,0.16253960802722686,1385,2.0,72,0,0,0,0,0
144,20,RL,78.0,10335,Pave,Grvl,IR1,Lvl,AllPub,Inside,Gtl,CollgCr,Norm,Norm,1Fam,1Story,7,5,1999,1999,Gable,CompShg,VinylSd,VinylSd,BrkFace,183.0,Gd,TA,PConc,Gd,TA,Gd,GLQ,679,Unf,0,811,1490,GasA,Ex,Y,SBrkr,1501,0,0,1501,1,0,2,0,3,1,Gd,6,Typ,0,Gd,Attchd,1999.0,RFn,2,577,TA,TA,Y,144,29,0,0,0,0,Gd,MnPrv,Shed,0,6,2009,WD,Normal,204000,0.14522058823529413,1501,2.0,25,0,0,0,1,0
145,90,RM,70.0,9100,Pave,Grvl,Reg,Lvl,AllPub,Inside,Gtl,Sawyer,RRAe,Norm,Duplex,1Story,5,5,1963,1963,Gable,CompShg,HdBoard,HdBoard,BrkFace,336.0,TA,TA,CBlock,TA,TA,No,Rec,1332,Unf,0,396,1728,GasA,TA,Y,SBrkr,1728,0,0,1728,1,0,2,0,6,2,TA,10,Typ,0,Gd,Detchd,1963.0,Unf,2,504,TA,TA,Y,0,0,0,0,0,0,Gd,MnPrv,Shed,0,11,2006,ConLI,Abnorml,125000,0.18986924513789694,1728,2.0,61,1,0,0,0,0
146,160,RM,24.0,2522,Pave,Grvl,Reg,Lvl,AllPub,Inside,Gtl,Edwards,Norm,Norm,Twnhs,2Story,6,5,2004,2006,Gable,CompShg,VinylSd,VinylSd,Stone,50.0,Gd,TA,PConc,Gd,TA,No,Unf,0,Unf,0,970,970,GasA,Ex,Y,SBrkr,970,739,0,1709,0,0,2,0,3,1,Gd,7,Maj1,0,Gd,Detchd,2004.0,Unf,2,380,TA,TA,Y,0,40,0,0,0,0,Gd,MnPrv,Shed,0,4,2006,WD,Normal,130000,0.6773682124455014,1709,2.0,20,1,0,0,0,0
147,30,RM,51.0,6120,Pave,Grvl,Reg,Lvl,AllPub,Corner,Gtl,BrkSide,Norm,Norm,1Fam,1Story,5,7,1931,1993,Gable,CompShg,Wd Sdng,Wd Sdng,BrkFace,0.0,TA,TA,BrkTil,TA,TA,No,BLQ,209,Unf,0,506,715,GasA,TA,Y,FuseA,875,0,0,875,1,0,1,0,2,1,TA,5,Typ,0,Gd,Detchd,1931.0,Unf,1,180,Fa,TA,Y,48,0,0,0,0,0,Gd,MnPrv,Shed,0,11,2009,WD,Normal,105000,0.14295049828459402,875,1.0,93,1,0,0,0,0
148,60,RL,69.0,9505,Pave,Grvl,IR1,Lvl,AllPub,CulDSac,Gtl,Gilbert,Norm,Norm,1Fam,2Story,7,5,2001,2001,Gable,CompShg,VinylSd,VinylSd,BrkFace,180.0,Gd,TA,PConc,Gd,TA,No,Unf,0,Unf,0,884,884,GasA,Ex,Y,SBrkr,884,1151,0,2035,0,0,2,1,3,1,Gd,8,Typ,1,Gd,BuiltIn,2001.0,Fin,2,434,TA,TA,Y,144,48,0,0,0,0,Gd,MnPrv,Shed,0,5,2010,WD,Normal,222500,0.21407532084998948,2035,2.5,23,0,0,0,1,0
149,20,RL,63.0,7500,Pave,Grvl,Reg,Lvl,AllPub,Inside,Gtl,SawyerW,Norm,Norm,1Fam,1Story,7,5,2004,2005,Gable,CompShg,VinylSd,VinylSd,BrkFace,120.0,TA,TA,PConc,Gd,TA,No,GLQ,680,Unf,0,400,1080,GasA,Ex,Y,SBrkr,1080,0,0,1080,1,0,1,0,3,1,Gd,6,Typ,0,Gd,Attchd,1980.0,Unf,0,0,TA,TA,Y,0,0,0,0,0,0,Gd,MnPrv,Shed,0,4,2008,WD,Normal,141000,0.1439808025596587,1080,1.0,20,0,0,0,0,0
150,50,RM,69.0,6240,Pave,Grvl,Reg,Lvl,AllPub,Inside,Gtl,BrkSide,Norm,Norm,1Fam,1.5Fin,5,4,1936,1950,Gable,CompShg,MetalSd,MetalSd,BrkFace,0.0,TA,TA,BrkTil,Gd,TA,No,Unf,0,Unf,0,896,896,GasA,Gd,Y,FuseA,896,448,0,1344,0,0,1,0,3,1,TA,7,Typ,0,Gd,Detchd,1936.0,Unf,1,240,Fa,TA,Y,200,114,0,0,0,0,Gd,MnPrv,Shed,0,4,2006,WD,Normal,115000,0.21535010414997596,1344,1.0,88,1,0,0,0,0
151,20,RL,120.0,10356,Pave,Grvl,Reg,Lvl,AllPub,Corner,Gtl,CollgCr,Norm,Norm,1Fam,1Story,5,6,1975,1975,Gable,CompShg,HdBoard,HdBoard,BrkFace,0.0,TA,TA,CBlock,TA,TA,Av,BLQ,716,Unf,0,253,969,GasA,TA,Y,SBrkr,969,0,0,969,0,0,1,1,3,1,TA,5,Typ,0,Gd,Attchd,1975.0,Unf,2,440,TA,TA,Y,0,0,0,0,0,0,Gd,MnPrv,Shed,0,1,2007,WD,Normal,122000,0.09355991117118857,969,1.5,49,0,0,0,0,0
152,20,RL,107.0,13891,Pave,Grvl,Reg,Lvl,AllPub,Inside,Gtl,NridgHt,Norm,Norm,1Fam,1Story,8,5,2007,2008,Hip,CompShg,VinylSd,VinylSd,Stone,436.0,Gd,TA,PConc,Ex,TA,Gd,GLQ,1400,Unf,0,310,1710,GasA,Ex,Y,SBrkr,1710,0,0,1710,1,0,2,0,2,1,Gd,6,Typ,1,Gd,Attchd,2007.0,RFn,3,866,TA,TA,Y,0,102,0,0,0,0,Gd,MnPrv,Shed,0,1,2008,New,Partial,372402,0.12309242729628563,1710,2.0,17,0,0,0,0,0
153,60,RL,69.0,14803,Pave,Grvl,IR1,Lvl,AllPub,CulDSac,Gtl,NWAmes,Norm,Norm,1Fam,2Story,6,5,1971,1971,Gable,CompShg,HdBoard,HdBoard,BrkFace,252.0,TA,TA,CBlock,TA,TA,No,Rec,416,Unf,0,409,825,GasA,Gd,Y,SBrkr,1097,896,0,1993,0,0,2,1,4,1,TA,8,Typ,1,Gd,Attchd,1971.0,RFn,2,495,TA,TA,Y,0,66,0,0,0,0,Gd,GdWo,Shed,0,6,2006,WD,Normal,190000,0.13462577681707646,1993,2.5,53,0,0,0,1,0
154,20,RL,69.0,13500,Pave,Grvl,Reg,Lvl,AllPub,Inside,Gtl,ClearCr,Norm,Norm,1Fam,1Story,6,7,1960,1975,Flat,CompShg,BrkFace,Plywood,BrkFace,0.0,TA,TA,CBlock,Gd,TA,Gd,BLQ,429,ALQ,1080,93,1602,GasA,Gd,Y,SBrkr,1252,0,0,1252,1,0,1,0,1,1,TA,4,Typ,1,Gd,Attchd,1960.0,RFn,2,564,TA,TA,Y,409,0,0,0,0,0,Gd,MnPrv,Shed,0,3,2008,WD,Normal,235000,0.09273387156506925,1252,1.0,64,0,0,0,0,0
155,30,RM,84.0,11340,Pave,Grvl,Reg,Lvl,AllPub,Corner,Gtl,OldTown,Norm,Norm,1Fam,1Story,6,5,1923,1950,Gable,CompShg,Wd Sdng,Wd Sdng,BrkFace,0.0,TA,TA,BrkTil,TA,TA,No,Unf,0,Unf,0,1200,1200,GasA,TA,Y,FuseA,1200,0,0,1200,0,0,1,0,4,1,TA,7,Typ,0,Gd,Detchd,1923.0,Unf,1,312,Fa,Fa,Y,0,0,228,0,0,0,Gd,MnPrv,Shed,0,3,2006,WD,Family,125000,0.10581077506392735,1200,1.0,101,1,0,0,0,0
156,50,RL,60.0,9600,Pave,Grvl,Reg,Lvl,AllPub,Corner,Gtl,Edwards,Artery,Norm,1Fam,1.5Fin,6,5,1924,1950,Gable,CompShg,Wd Sdng,Wd Sdng,BrkFace,0.0,TA,TA,BrkTil,TA,TA,No,Unf,0,Unf,0,572,572,Grav,Fa,N,FuseF,572,524,0,1096,0,0,1,0,2,1,TA,5,Typ,0,Gd,Attchd,1980.0,Unf,0,0,TA,TA,N,0,8,128,0,0,0,Gd,MnPrv,Shed,0,4,2008,WD,Normal,79000,0.11415477554421415,1096,1.0,100,0,0,0,0,0
157,20,RL,60.0,7200,Pave,Grvl,Reg,Lvl,AllPub,Inside,Gtl,NAmes,Norm,Norm,1Fam,1Story,5,7,1950,1950,Hip,CompShg,Wd Sdng,Wd Sdng,BrkFace,0.0,TA,TA,CBlock,TA,TA,No,Unf,0,Unf,0,0,0,GasA,TA,Y,FuseF,1040,0,0,1040,0,0,1,0,2,1,TA,5,Typ,0,Gd,Detchd,1950.0,Unf,2,625,TA,TA,Y,0,0,0,0,0,0,Gd,MnPrv,Shed,0,6,2006,WD,Normal,109500,0.1444243855020136,1040,1.0,74,0,0,0,0,0
158,60,RL,92.0,12003,Pave,Grvl,Reg,Lvl,AllPub,Corner,Gtl,Timber,Norm,Norm,1Fam,2Story,8,5,2009,2010,Gable,CompShg,VinylSd,VinylSd,BrkFace,84.0,Gd,TA,PConc,Ex,TA,No,Unf,0,Unf,0,774,774,GasA,Ex,Y,SBrkr,774,1194,0,1968,0,0,2,1,4,1,Ex,8,Typ,1,Gd,BuiltIn,2009.0,Fin,3,680,TA,TA,Y,0,75,0,0,0,0,Gd,MnPrv,Shed,0,5,2010,New,Partial,269500,0.1639453515494835,1968,2.5,15,0,0,0,0,0
159,60,FV,100.0,12552,Pave,Grvl,Reg,Lvl,AllPub,Corner,Gtl,Somerst,Norm,Norm,1Fam,2Story,7,5,2004,2005,Gable,CompShg,VinylSd,VinylSd,BrkFace,0.0,Gd,TA,PConc,Gd,TA,No,GLQ,222,Unf,0,769,991,GasA,Ex,Y,SBrkr,991,956,0,1947,0,0,2,1,3,1,Gd,8,Typ,1,Gd,Attchd,2004.0,RFn,2,678,TA,TA,Y,0,136,0,0,0,0,Gd,GdWo,Shed,0,5,2010,WD,Normal,254900,0.15510236596829444,1947,2.5,20,3,0,0,0,0
160,60,RL,134.0,19378,Pave,Grvl,IR1,HLS,AllPub,Corner,Gtl,Gilbert,Norm,Norm,1Fam,2Story,7,5,2005,2006,Gable,CompShg,VinylSd,VinylSd,BrkFace,456.0,Gd,TA,PConc,Gd,TA,Mn,GLQ,57,Unf,0,1335,1392,GasA,Ex,Y,SBrkr,1392,1070,0,2462,1,0,2,1,4,1,Gd,9,Typ,1,Gd,Attchd,2006.0,RFn,2,576,TA,TA,Y,239,132,0,168,0,0,Gd,MnPrv,Shed,0,3,2006,New,Partial,320000,0.12704473915062697,2462,2.5,19,0,0,0,1,3
161,20,RL,69.0,11120,Pave,Grvl,IR1,Lvl,AllPub,CulDSac,Gtl,Veenker,Norm,Norm,1Fam,1Story,6,6,1984,1984,Gable,CompShg,Plywood,Plywood,BrkFace,0.0,TA,TA,PConc,Gd,TA,No,BLQ,660,Unf,0,572,1232,GasA,TA,Y,SBrkr,1232,0,0,1232,0,0,2,0,3,1,TA,6,Typ,0,Gd,Attchd,1984.0,Unf,2,516,TA,TA,Y,0,0,0,0,0,0,Gd,MnPrv,Shed,0,6,2008,WD,Normal,162500,0.11078140454995054,1232,2.0,40,0,0,0,1,0
162,60,RL,110.0,13688,Pave,Grvl,IR1,Lvl,AllPub,Inside,Gtl,NridgHt,Norm,Norm,1Fam,2Story,9,5,2003,2004,Gable,CompShg,VinylSd,VinylSd,BrkFace,664.0,Gd,TA,PConc,Ex,TA,Av,GLQ,1016,Unf,0,556,1572,GasA,Ex,Y,SBrkr,1572,1096,0,2668,1,0,2,1,3,1,Ex,10,Typ,2,Gd,BuiltIn,2003.0,Fin,3,726,TA,TA,Y,400,0,0,0,0,0,Gd,MnPrv,Shed,0,3,2008,WD,Normal,412500,0.19490101541383592,2668,2.5,21,0,0,0,1,0
163,20,RL,95.0,12182,Pave,Grvl,Reg,Lvl,AllPub,Corner,Gtl,NridgHt,Norm,Norm,1Fam,1Story,7,5,2005,2005,Gable,CompShg,VinylSd,VinylSd,BrkFace,226.0,Gd,TA,PConc,Gd,TA,Mn,BLQ,1201,Unf,0,340,1541,GasA,Ex,Y,SBrkr,1541,0,0,1541,0,0,2,0,3,1,Gd,7,Typ,1,Gd,Attchd,2005.0,RFn,2,532,TA,TA,Y,0,70,0,0,0,0,Gd,MnPrv,Shed,0,5,2010,New,Partial,220000,0.12648772880242962,1541,2.0,19,0,0,0,0,0
164,45,RL,55.0,5500,Pave,Grvl,Reg,Lvl,AllPub,Inside,Gtl,OldTown,Norm,Norm,1Fam,1.5Unf,4,6,1956,1956,Gable,CompShg,MetalSd,MetalSd,BrkFace,0.0,TA,TA,CBlock,TA,TA,No,Unf,0,Unf,0,882,882,GasA,Ex,Y,SBrkr,882,0,0,882,0,0,1,0,1,1,TA,4,Typ,0,Gd,Attchd,1980.0,Unf,0,0,TA,TA,Y,0,0,0,0,0,0,Gd,MnPrv,Shed,0,4,2007,WD,Normal,103200,0.1603344846391565,882,1.0,68,0,0,0,0,0
165,40,RM,40.0,5400,Pave,Pave,Reg,Lvl,AllPub,Corner,Gtl,OldTown,Norm,Norm,1Fam,1Story,6,7,1926,2004,Gable,CompShg,MetalSd,MetalSd,BrkFace,0.0,TA,Gd,BrkTil,TA,TA,Mn,LwQ,370,Unf,0,779,1149,GasA,Gd,Y,FuseA,1149,467,0,1616,0,0,2,0,3,1,Gd,5,Typ,0,Gd,Detchd,1926.0,Unf,1,216,TA,TA,Y,0,0,183,0,0,0,Gd,MnPrv,Shed,0,10,2007,WD,Normal,152000,0.29920385113867803,1616,2.0,98,1,0,1,0,0
166,190,RL,62.0,10106,Pave,Grvl,Reg,Lvl,AllPub,Inside,Gtl,Edwards,Norm,Norm,2fmCon,1.5Fin,5,7,1940,1999,Gable,CompShg,Wd Sdng,Wd Sdng,BrkFace,0.0,TA,Gd,BrkTil,TA,TA,No,ALQ,351,Rec,181,112,644,GasA,Gd,Y,SBrkr,808,547,0,1355,1,0,2,0,4,2,TA,6,Typ,0,Gd,Attchd,1980.0,Unf,0,0,TA,TA,Y,140,0,0,0,0,0,Gd,MnPrv,Shed,0,9,2008,WD,Normal,127500,0.1340654991589987,1355,2.0,84,0,0,0,0,0
167,20,RL,69.0,10708,Pave,Grvl,IR1,Lvl,AllPub,Inside,Gtl,ClearCr,Norm,Norm,1Fam,1Story,5,5,1955,1993,Hip,CompShg,Wd Sdng,Wd Sdng,BrkFace,0.0,Gd,TA,CBlock,TA,TA,No,LwQ,379,BLQ,768,470,1617,GasA,Ex,Y,FuseA,1867,0,0,1867,1,0,1,0,2,1,TA,7,Typ,3,Gd,Attchd,1955.0,Fin,1,303,TA,TA,Y,476,0,0,0,142,0,Gd,GdWo,Shed,0,11,2009,COD,Normal,190000,0.17433934074143245,1867,1.0,69,0,0,0,1,0
168,60,RL,86.0,10562,Pave,Grvl,Reg,Lvl,AllPub,Inside,Gtl,NridgHt,Norm,Norm,1Fam,2Story,8,5,2007,2007,Gable,CompShg,VinylSd,VinylSd,Stone,300.0,Gd,TA,PConc,Ex,TA,No,GLQ,1288,Unf,0,294,1582,GasA,Ex,Y,SBrkr,1610,551,0,2161,1,0,1,1,3,1,Ex,8,Typ,1,Gd,Attchd,2007.0,Fin,3,789,TA,TA,Y,178,120,0,0,0,0,Gd,MnPrv,Shed,0,11,2007,New,Partial,325624,0.20458203161980498,2161,1.5,17,0,0,0,0,0
169,60,RL,62.0,8244,Pave,Grvl,IR1,Lvl,AllPub,Inside,Gtl,Gilbert,Norm,Norm,1Fam,2Story,7,5,2004,2004,Gable,CompShg,VinylSd,VinylSd,BrkFace,0.0,Gd,TA,PConc,Gd,TA,No,Unf,0,Unf,0,840,840,GasA,Ex,Y,SBrkr,840,880,0,1720,0,0,2,1,3,1,Gd,7,Typ,1,Gd,Attchd,2004.0,Fin,2,440,TA,TA,Y,100,48,0,0,0,0,Gd,MnPrv,Shed,0,5,2007,WD,Normal,183500,0.20861127956337175,1720,2.5,20,0,0,0,1,0
170,20,RL,69.0,16669,Pave,Grvl,IR1,Lvl,AllPub,Corner,Gtl,Timber,Norm,Norm,1Fam,1Story,8,6,1981,1981,Hip,WdShake,Plywood,Plywood,BrkFace,653.0,Gd,TA,CBlock,Gd,TA,No,Unf,0,Unf,0,1686,1686,GasA,TA,Y,SBrkr,1707,0,0,1707,0,0,2,1,2,1,TA,6,Typ,1,TA,Attchd,1981.0,RFn,2,511,TA,TA,Y,574,64,0,0,0,0,Gd,MnPrv,Shed,0,1,2006,WD,Normal,228000,0.1023995200959808,1707,2.5,43,0,0,0,1,0
171,50,RM,69.0,12358,Pave,Grvl,IR1,Lvl,AllPub,Inside,Gtl,OldTown,Feedr,Norm,1Fam,1.5Fin,5,6,1941,1950,Gable,CompShg,MetalSd,MetalSd,BrkFace,0.0,TA,TA,CBlock,TA,TA,No,Rec,360,Unf,0,360,720,GasA,TA,Y,SBrkr,854,0,528,1382,0,0,1,1,2,1,TA,7,Typ,0,Gd,Detchd,1991.0,Unf,2,660,TA,TA,Y,237,0,0,0,0,0,Gd,MnPrv,Shed,0,5,2007,WD,Normal,128500,0.11182134476899426,854,1.5,83,1,0,0,1,0
172,20,RL,141.0,31770,Pave,Grvl,IR1,Lvl,AllPub,Corner,Gtl,NAmes,Norm,Norm,1Fam,1Story,6,5,1960,1960,Hip,CompShg,BrkFace,Plywood,Stone,112.0,TA,TA,CBlock,TA,Gd,Gd,BLQ,639,Unf,0,441,1080,GasA,Fa,Y,SBrkr,1656,0,0,1656,1,0,1,0,3,1,TA,7,Typ,2,Gd,Attchd,1960.0,Fin,2,528,TA,TA,P,210,62,0,0,0,0,Gd,MnPrv,Shed,0,5,2010,WD,Normal,215000,0.052123005256365866,1656,1.0,64,0,0,0,1,0
173,160,RL,44.0,5306,Pave,Grvl,IR1,Lvl,AllPub,Inside,Gtl,StoneBr,Norm,Norm,TwnhsE,2Story,7,7,1987,1987,Gable,CompShg,HdBoard,HdBoard,BrkFace,0.0,Gd,Gd,PConc,Gd,Gd,No,GLQ,495,Rec,215,354,1064,GasA,Gd,Y,SBrkr,1064,703,0,1767,1,0,2,0,2,1,Gd,5,Typ,1,TA,Attchd,1987.0,RFn,2,504,Gd,TA,Y,441,35,0,0,0,0,Gd,MnPrv,Shed,0,6,2006,WD,Normal,239000,0.33295647258338046,1767,2.0,37,0,0,0,1,0
174,20,RL,80.0,10197,Pave,Grvl,IR1,Lvl,AllPub,Inside,Gtl,NAmes,Norm,Norm,1Fam,1Story,6,5,1961,1961,Gable,CompShg,WdShing,Wd Shng,BrkCmn,491.0,TA,TA,CBlock,TA,TA,No,ALQ,288,Rec,374,700,1362,GasA,TA,Y,SBrkr,1362,0,0,1362,1,0,1,1,3,1,TA,6,Typ,1,TA,Attchd,1961.0,Unf,2,504,TA,TA,Y,0,20,0,0,0,0,Gd,MnPrv,Shed,0,6,2008,COD,Normal,163000,0.1335555991370857,1362,1.5,63,0,0,0,1,0
175,20,RL,47.0,12416,Pave,Grvl,IR1,Lvl,AllPub,Inside,Gtl,Timber,Norm,Norm,1Fam,1Story,6,5,1986,1986,Gable,CompShg,VinylSd,Plywood,Stone,132.0,TA,TA,CBlock,Gd,Fa,No,ALQ,1398,LwQ,208,0,1606,GasA,TA,Y,SBrkr,1651,0,0,1651,1,0,2,0,3,1,TA,7,Min2,1,TA,Attchd,1986.0,Fin,2,616,TA,TA,Y,192,0,0,0,0,0,Gd,MnPrv,Shed,0,11,2008,WD,Normal,184000,0.13296287347990657,1651,2.0,38,0,0,0,1,0
176,20,RL,84.0,12615,Pave,Grvl,Reg,Lvl,AllPub,Corner,Gtl,Edwards,Norm,Norm,1Fam,1Story,6,7,1950,2001,Gable,CompShg,WdShing,Wd Shng,BrkFace,0.0,TA,TA,CBlock,TA,Gd,Av,ALQ,477,Unf,0,725,1202,GasA,TA,Y,SBrkr,2158,0,0,2158,1,0,2,0,4,1,Gd,7,Typ,1,Gd,Attchd,1950.0,Unf,2,576,TA,TA,Y,0,29,39,0,0,0,Gd,MnPrv,Shed,0,6,2007,WD,Normal,243000,0.17105263157894737,2158,2.0,74,0,0,0,0,0
177,60,RL,97.0,10029,Pave,Grvl,IR1,Lvl,AllPub,Corner,Gtl,ClearCr,Norm,Norm,1Fam,2Story,6,5,1988,1989,Gable,CompShg,Plywood,Plywood,BrkFace,268.0,Gd,TA,PConc,Gd,TA,No,GLQ,831,Unf,0,320,1151,GasA,TA,Y,SBrkr,1164,896,0,2060,0,1,2,1,4,1,TA,8,Typ,1,TA,Attchd,1988.0,Unf,2,521,TA,TA,Y,0,228,0,0,192,0,Gd,MnPrv,Shed,0,9,2007,WD,Normal,211000,0.2053838484546361,2060,2.5,36,0,0,0,1,0
178,50,RL,69.0,13650,Pave,Grvl,Reg,Lvl,AllPub,Inside,Gtl,Sawyer,Norm,Norm,1Fam,1.5Fin,5,5,1958,1958,Gable,CompShg,MetalSd,MetalSd,BrkFace,0.0,Gd,Gd,CBlock,TA,TA,No,ALQ,57,BLQ,441,554,1052,GasA,Ex,Y,SBrkr,1252,668,0,1920,1,0,2,0,4,1,Gd,8,Typ,1,Gd,Attchd,1958.0,Unf,2,451,TA,TA,Y,0,0,0,0,0,0,Gd,MnPrv,Shed,0,7,2006,WD,Normal,172500,0.14064903670060802,1920,2.0,66,0,0,0,0,0
179,20,RL,63.0,17423,Pave,Grvl,IR1,Lvl,AllPub,CulDSac,Gtl,StoneBr,Norm,Norm,1Fam,1Story,9,5,2008,2009,Hip,CompShg,VinylSd,VinylSd,Stone,748.0,Ex,TA,PConc,Ex,TA,No,GLQ,1904,Unf,0,312,2216,GasA,Ex,Y,SBrkr,2234,0,0,2234,1,0,2,0,1,1,Ex,9,Typ,1,Gd,Attchd,2009.0,Fin,3,1166,TA,TA,Y,0,60,0,0,0,0,Gd,MnPrv,Shed,0,7,2009,New,Partial,501837,0.1282139577594123,2234,2.0,16,0,0,0,1,0
180,30,RM,60.0,8520,Pave,Grvl,Reg,Lvl,AllPub,Inside,Gtl,OldTown,Norm,Norm,1Fam,1Story,5,6,1923,2006,Gable,CompShg,Wd Sdng,Wd Sdng,BrkFace,0.0,Gd,TA,CBlock,TA,TA,No,Unf,0,Unf,0,968,968,GasA,TA,Y,SBrkr,968,0,0,968,0,0,1,0,2,1,TA,5,Typ,0,Gd,Detchd,1935.0,Unf,2,480,Fa,TA,N,0,0,184,0,0,0,Gd,MnPrv,Shed,0,7,2007,WD,Normal,100000,0.11360168994249502,968,1.0,101,1,0,0,0,0
181,160,FV,69.0,2117,Pave,Grvl,Reg,Lvl,AllPub,Inside,Gtl,Somerst,Norm,Norm,Twnhs,2Story,6,5,2000,2000,Gable,CompShg,MetalSd,MetalSd,BrkFace,456.0,Gd,TA,PConc,Gd,TA,No,GLQ,436,Unf,0,320,756,GasA,Ex,Y,SBrkr,769,756,0,1525,0,0,2,1,3,1,Gd,5,Typ,1,TA,Detchd,2000.0,Unf,2,440,TA,TA,Y,0,0,0,0,0,0,Gd,MnPrv,Shed,0,6,2007,WD,Normal,177000,0.7200188857412654,1525,2.5,24,3,0,0,0,0
182,70,RL,54.0,7588,Pave,Grvl,Reg,Lvl,AllPub,Inside,Gtl,Crawfor,Norm,Norm,1Fam,2Story,7,6,1920,1950,Gable,CompShg,Stucco,Stucco,BrkFace,0.0,TA,TA,BrkTil,Fa,TA,No,LwQ,352,Unf,0,441,793,GasA,Gd,Y,SBrkr,901,901,0,1802,0,0,1,1,4,1,TA,9,Typ,1,Gd,Detchd,1920.0,Unf,1,216,Fa,TA,Y,0,0,40,0,0,0,Gd,MnPrv,Shed,0,7,2006,WD,Normal,200100,0.2374489392541837,1802,1.5,104,0,0,0,0,0
183,20,RL,60.0,9060,Pave,Grvl,Reg,Lvl,AllPub,Inside,Gtl,Edwards,Artery,Norm,1Fam,1Story,5,6,1957,2006,Hip,CompShg,Wd Sdng,Wd Sdng,BrkFace,98.0,TA,TA,PConc,TA,TA,No,Unf,0,Unf,0,0,0,GasA,Ex,Y,SBrkr,1340,0,0,1340,0,0,1,0,3,1,TA,7,Typ,1,Gd,Attchd,1957.0,RFn,1,252,TA,TA,Y,116,0,0,180,0,0,Gd,MnPrv,Shed,0,6,2007,WD,Normal,120000,0.14788654673877055,1340,1.0,67,0,0,0,0,0
184,50,RM,63.0,11426,Pave,Grvl,Reg,Lvl,AllPub,Inside,Gtl,OldTown,Norm,Norm,1Fam,1.5Fin,7,5,2003,2003,Gable,CompShg,VinylSd,VinylSd,BrkFace,0.0,TA,TA,PConc,Gd,TA,No,Unf,0,Unf,0,1362,1362,GasA,Ex,Y,SBrkr,1362,720,0,2082,0,0,2,1,3,1,Gd,6,Mod,0,Gd,Detchd,2003.0,Unf,2,484,TA,TA,N,280,238,0,0,0,0,Gd,MnPrv,Shed,0,6,2008,WD,Normal,200000,0.18220005250721974,2082,2.5,21,1,0,0,0,0
185,50,RL,92.0,7438,Pave,Grvl,IR1,Lvl,AllPub,Inside,Gtl,BrkSide,RRAn,Feedr,1Fam,1.5Fin,5,8,1908,1991,Gable,CompShg,AsbShng,Plywood,BrkFace,0.0,TA,TA,PConc,Fa,TA,No,Unf,0,Unf,0,504,504,GasA,Gd,Y,SBrkr,936,316,0,1252,0,0,1,0,3,1,TA,5,Typ,0,Gd,Attchd,1986.0,Unf,2,576,TA,TA,Y,104,0,0,0,0,0,Gd,MnPrv,Shed,0,6,2006,WD,Normal,127000,0.16830219115472508,1252,1.0,116,0,0,0,1,0
186,75,RM,90.0,22950,Pave,Grvl,IR2,Lvl,AllPub,Inside,Gtl,OldTown,Artery,Norm,1Fam,2.5Fin,10,9,1892,1993,Gable,WdShngl,Wd Sdng,Wd Sdng,BrkFace,0.0,Gd,Gd,BrkTil,TA,TA,Mn,Unf,0,Unf,0,1107,1107,GasA,Ex,Y,SBrkr,1518,1518,572,3608,0,0,2,1,4,1,Ex,12,Typ,2,TA,Detchd,1993.0,Unf,3,840,Ex,TA,Y,0,260,0,0,410,0,Gd,GdPrv,Shed,0,6,2006,WD,Normal,475000,0.15720447910766416,3036,2.5,132,1,0,0,2,0
187,80,RL,69.0,9947,Pave,Grvl,IR1,Lvl,AllPub,CulDSac,Gtl,Mitchel,Norm,Norm,1Fam,SLvl,7,5,1990,1991,Gable,CompShg,HdBoard,HdBoard,BrkFace,0.0,TA,TA,PConc,Gd,TA,Av,GLQ,611,Unf,0,577,1188,GasA,Ex,Y,SBrkr,1217,0,0,1217,1,0,2,0,3,1,Gd,6,Typ,0,Gd,Attchd,1990.0,Unf,2,497,TA,TA,Y,168,27,0,0,0,0,Gd,GdPrv,Shed,0,6,2009,WD,Normal,173000,0.12233614796944109,1217,2.0,34,0,0,0,1,0
188,50,RL,60.0,10410,Pave,Grvl,Reg,Lvl,AllPub,Inside,Gtl,OldTown,Norm,Norm,1Fam,1.5Fin,5,7,1916,1987,Gable,CompShg,HdBoard,HdBoard,BrkFace,0.0,TA,TA,CBlock,Fa,TA,No,Unf,0,Unf,0,660,660,GasA,Ex,Y,SBrkr,808,704,144,1656,0,0,2,1,3,1,TA,8,Min2,0,Gd,Detchd,1916.0,Unf,1,180,Fa,Fa,N,0,0,0,140,0,0,Gd,MnPrv,Shed,0,8,2009,WD,Normal,135000,0.1590625300163289,1512,2.5,108,0,0,0,0,0
189,90,RL,64.0,7018,Pave,Grvl,Reg,Bnk,AllPub,Inside,Gtl,SawyerW,Feedr,Norm,Duplex,SFoyer,5,5,1979,1979,Gable,CompShg,Plywood,Plywood,Stone,275.0,TA,TA,CBlock,Gd,TA,Av,GLQ,1086,Unf,0,0,1086,GasA,TA,Y,SBrkr,1224,0,0,1224,2,0,0,2,2,2,TA,6,Typ,2,TA,Detchd,1979.0,Unf,2,528,TA,TA,Y,120,0,0,0,0,0,Gd,MnPrv,Shed,0,6,2009,WD,Alloca,153337,0.17438381535831315,1224,1.0,45,0,0,0,0,1
190,120,RL,41.0,4923,Pave,Grvl,Reg,Lvl,AllPub,Inside,Gtl,StoneBr,Norm,Norm,TwnhsE,1Story,8,5,2001,2002,Gable,CompShg,CemntBd,CmentBd,BrkFace,0.0,Gd,TA,PConc,Ex,TA,Av,GLQ,1153,Unf,0,440,1593,GasA,Ex,Y,SBrkr,1593,0,0,1593,1,0,1,1,0,1,Ex,5,Typ,1,Gd,Attchd,2001.0,Fin,2,682,TA,TA,Y,0,120,0,0,224,0,Gd,MnPrv,Shed,0,8,2008,WD,Normal,286000,0.3235174654752234,1593,1.5,23,0,0,0,0,0
191,70,RL,70.0,10570,Pave,Grvl,Reg,Bnk,AllPub,Inside,Mod,Crawfor,Norm,Norm,1Fam,2Story,8,8,1932,1994,Hip,CompShg,BrkFace,BrkFace,BrkFace,0.0,Gd,TA,CBlock,Gd,Gd,No,Rec,297,Unf,0,556,853,GasA,TA,Y,SBrkr,1549,1178,0,2727,0,0,2,1,3,1,Gd,10,Maj1,2,TA,Detchd,1932.0,Unf,2,440,TA,TA,Y,0,74,0,0,0,0,Gd,MnPrv,Shed,0,12,2007,WD,Normal,315000,0.25796991769936617,2727,2.5,92,0,0,0,0,1
192,60,RL,69.0,7472,Pave,Grvl,IR1,Lvl,AllPub,CulDSac,Gtl,NAmes,Norm,Norm,1Fam,2Story,7,9,1972,2004,Gable,CompShg,HdBoard,HdBoard,BrkFace,138.0,TA,TA,CBlock,TA,TA,No,ALQ,626,Unf,0,99,725,GasA,Gd,Y,SBrkr,725,754,0,1479,1,0,1,1,4,1,Gd,7,Typ,0,Gd,Attchd,1972.0,Fin,2,484,TA,TA,Y,0,32,0,0,0,0,Gd,MnPrv,Shed,0,6,2007,WD,Normal,184000,0.1979124849458049,1479,1.5,52,0,0,0,1,0
193,20,RL,68.0,9017,Pave,Grvl,IR1,Lvl,AllPub,Inside,Gtl,CollgCr,Norm,Norm,1Fam,1Story,7,5,1999,1999,Gable,CompShg,VinylSd,VinylSd,BrkFace,0.0,Gd,TA,PConc,Gd,TA,Av,GLQ,560,Unf,0,871,1431,GasA,Ex,Y,SBrkr,1431,0,0,1431,1,0,2,0,3,1,Gd,6,Typ,0,Gd,Attchd,1999.0,Fin,2,666,TA,TA,Y,0,35,0,0,0,0,Gd,MnPrv,Shed,0,9,2009,WD,Normal,192000,0.15868263473053892,1431,2.0,25,0,0,0,1,0
194,160,RM,24.0,2522,Pave,Grvl,Reg,Lvl,AllPub,Inside,Gtl,Edwards,Norm,Norm,Twnhs,2Story,7,5,2004,2004,Gable,CompShg,VinylSd,VinylSd,Stone,50.0,Gd,TA,PConc,Gd,TA,No,Unf,0,Unf,0,970,970,GasA,Ex,Y,SBrkr,970,739,0,1709,0,0,2,0,3,1,Gd,7,Maj1,0,Gd,Detchd,2004.0,Unf,2,380,TA,TA,Y,0,40,0,0,0,0,Gd,MnPrv,Shed,0,5,2006,WD,Normal,130000,0.6773682124455014,1709,2.0,20,1,0,0,0,0
195,20,RL,60.0,7180,Pave,Grvl,IR1,Lvl,AllPub,Inside,Gtl,CollgCr,Norm,Norm,1Fam,1Story,5,7,1972,1972,Hip,CompShg,HdBoard,HdBoard,BrkFace,0.0,TA,TA,CBlock,TA,TA,Av,ALQ,390,Unf,0,474,864,GasA,TA,Y,SBrkr,864,0,0,864,0,0,1,0,3,1,TA,5,Typ,0,Gd,Detchd,1989.0,Unf,1,352,TA,TA,Y,0,0,0,0,0,0,Gd,MnPrv,Shed,0,5,2008,WD,Normal,127000,0.12031750452583205,864,1.0,52,0,0,0,1,0
196,160,RL,24.0,2280,Pave,Grvl,Reg,Lvl,AllPub,FR2,Gtl,NPkVill,Norm,Norm,Twnhs,2Story,6,6,1976,1976,Gable,CompShg,Plywood,Brk Cmn,BrkFace,0.0,TA,TA,CBlock,Gd,TA,No,ALQ,566,Unf,0,289,855,GasA,TA,Y,SBrkr,855,601,0,1456,0,0,2,1,3,1,TA,7,Typ,1,TA,Attchd,1976.0,Unf,2,440,TA,TA,Y,87,0,0,0,0,0,Gd,MnPrv,Shed,0,7,2009,WD,Normal,148500,0.6383165278386672,1456,2.5,48,0,0,0,0,0
197,20,RL,79.0,9416,Pave,Grvl,Reg,Lvl,AllPub,Inside,Gtl,Somerst,Norm,Norm,1Fam,1Story,7,5,2007,2007,Hip,CompShg,CemntBd,CmentBd,Stone,205.0,Ex,TA,PConc,Ex,TA,No,GLQ,1126,Unf,0,600,1726,GasA,Ex,Y,SBrkr,1726,0,0,1726,1,0,2,0,3,1,Ex,8,Typ,1,Gd,Attchd,2007.0,Fin,3,786,TA,TA,Y,171,138,0,0,266,0,Gd,MnPrv,Shed,0,9,2007,New,Partial,311872,0.18328554741425082,1726,2.0,17,0,0,0,0,0
198,75,RL,174.0,25419,Pave,Grvl,Reg,Lvl,AllPub,Corner,Gtl,NAmes,Artery,Norm,1Fam,2Story,8,4,1918,1990,Gable,CompShg,Stucco,Stucco,BrkFace,0.0,Gd,Gd,PConc,TA,TA,No,GLQ,1036,LwQ,184,140,1360,GasA,Gd,Y,SBrkr,1360,1360,392,3112,1,1,2,0,4,1,Gd,8,Typ,1,Ex,Detchd,1918.0,Unf,2,795,TA,TA,Y,0,16,552,0,0,512,Ex,GdPrv,Shed,0,3,2006,WD,Abnorml,235000,0.12242328874901652,2720,2.0,106,0,0,0,0,0
199,75,RM,92.0,5520,Pave,Grvl,Reg,Lvl,AllPub,Corner,Gtl,OldTown,Norm,Norm,1Fam,2.5Fin,6,6,1912,1950,Gable,CompShg,Wd Sdng,Wd Sdng,BrkFace,0.0,TA,TA,CBlock,TA,TA,No,Unf,0,Unf,0,755,755,GasA,Ex,Y,SBrkr,929,929,371,2229,0,0,1,0,5,1,TA,8,Typ,0,Gd,Attchd,1980.0,Unf,0,0,TA,TA,Y,0,198,30,0,0,0,Gd,MnPrv,Shed,0,7,2009,WD,Abnorml,104000,0.403731208114472,1858,1.0,112,1,0,0,0,0
200,20,RL,76.0,9591,Pave,Grvl,Reg,Lvl,AllPub,Inside,Gtl,NridgHt,Norm,Norm,1Fam,1Story,8,5,2004,2005,Hip,CompShg,VinylSd,VinylSd,BrkFace,262.0,Gd,TA,PConc,Ex,TA,Av,GLQ,1088,Unf,0,625,1713,GasA,Ex,Y,SBrkr,1713,0,0,1713,1,0,2,0,3,1,Ex,7,Typ,1,Gd,Attchd,2004.0,Fin,3,856,TA,TA,Y,0,26,0,0,170,0,Gd,MnPrv,Shed,0,1,2009,WD,Normal,274900,0.17858632193494578,1713,2.0,20,0,0,0,0,0
201,20,RM,80.0,8546,Pave,Grvl,Reg,Lvl,AllPub,Corner,Gtl,Edwards,Norm,Norm,1Fam,1Story,4,5,2003,2004,Gable,CompShg,VinylSd,VinylSd,BrkFace,0.0,TA,TA,PConc,Gd,TA,No,Unf,0,Unf,0,1121,1121,GasA,Ex,Y,SBrkr,1121,0,0,1121,0,0,2,0,2,1,TA,5,Typ,0,Gd,Attchd,2003.0,RFn,2,440,TA,TA,Y,132,64,0,0,0,0,Gd,MnPrv,Shed,0,3,2010,WD,Normal,140000,0.13115713115713115,1121,2.0,21,1,0,0,0,0
202,20,RL,75.0,10125,Pave,Grvl,Reg,Lvl,AllPub,Inside,Gtl,Mitchel,Norm,Norm,1Fam,1Story,6,6,1977,1977,Gable,CompShg,Plywood,Plywood,BrkFace,0.0,TA,TA,CBlock,TA,TA,No,ALQ,641,LwQ,279,276,1196,GasA,TA,Y,SBrkr,1279,0,0,1279,0,1,2,0,3,1,TA,6,Typ,2,Fa,Detchd,1980.0,Unf,2,473,TA,TA,Y,238,83,0,0,0,0,Gd,MnPrv,Shed,0,2,2008,WD,Normal,171500,0.12630851273948251,1279,2.0,47,0,0,0,0,0
203,50,RL,50.0,7000,Pave,Grvl,Reg,Lvl,AllPub,Corner,Gtl,OldTown,Artery,Norm,1Fam,1.5Fin,6,6,1924,1950,Gable,CompShg,MetalSd,MetalSd,BrkFace,0.0,TA,Gd,BrkTil,Fa,TA,No,LwQ,617,Unf,0,0,617,GasA,Gd,Y,SBrkr,865,445,0,1310,0,0,2,0,2,1,TA,6,Min1,0,Gd,Attchd,1924.0,Unf,1,398,TA,TA,Y,0,0,126,0,0,0,Gd,MnPrv,Shed,0,5,2006,COD,Normal,112000,0.18711612626767604,1310,2.0,100,0,0,0,0,0
204,120,RM,69.0,4438,Pave,Grvl,Reg,Lvl,AllPub,Inside,Gtl,CollgCr,Norm,Norm,TwnhsE,1Story,6,5,2004,2004,Gable,CompShg,VinylSd,VinylSd,BrkFace,205.0,Gd,TA,PConc,Gd,TA,Av,GLQ,662,Unf,0,186,848,GasA,Ex,Y,SBrkr,848,0,0,848,1,0,1,0,1,1,Gd,3,Typ,1,Gd,Attchd,2004.0,RFn,2,420,TA,TA,Y,149,0,0,0,0,0,Gd,MnPrv,Shed,0,1,2008,WD,Normal,149000,0.19103401667042127,848,1.0,20,1,0,0,0,0
205,50,RM,50.0,3500,Pave,Grvl,Reg,Lvl,AllPub,Inside,Gtl,OldTown,Norm,Norm,1Fam,1.5Fin,5,7,1947,1950,Gable,CompShg,AsbShng,AsbShng,BrkFace,0.0,TA,TA,CBlock,TA,TA,No,LwQ,312,Unf,0,408,720,GasA,TA,Y,SBrkr,720,564,0,1284,0,0,1,1,2,1,TA,5,Typ,0,Gd,Detchd,1948.0,Unf,1,240,TA,TA,Y,0,35,0,0,0,0,Gd,MnWw,Shed,0,4,2009,WD,Normal,110000,0.3667523564695801,1284,1.5,77,1,0,0,0,0
206,20,RL,99.0,11851,Pave,Grvl,Reg,Lvl,AllPub,Corner,Gtl,Gilbert,Norm,Norm,1Fam,1Story,7,5,1990,1990,Gable,CompShg,HdBoard,HdBoard,BrkFace,0.0,TA,TA,PConc,Gd,TA,No,Unf,0,Unf,0,1424,1424,GasA,Ex,Y,SBrkr,1442,0,0,1442,0,0,2,0,3,1,TA,5,Typ,0,Gd,Attchd,1990.0,RFn,2,500,TA,TA,Y,0,34,0,508,0,0,Gd,MnPrv,Shed,0,5,2009,WD,Normal,180500,0.1216672291596355,1442,2.0,34,0,0,0,0,0
207,20,RL,40.0,13673,Pave,Grvl,IR1,Lvl,AllPub,CulDSac,Gtl,Sawyer,RRAe,Norm,1Fam,1Story,5,5,1962,1962,Gable,CompShg,HdBoard,HdBoard,BrkFace,0.0,TA,Gd,CBlock,TA,TA,No,Unf,0,Unf,0,1140,1140,GasA,TA,Y,SBrkr,1696,0,0,1696,0,0,1,1,3,1,TA,8,Min2,1,TA,Attchd,1962.0,RFn,1,349,TA,TA,Y,0,30,0,0,0,0,Gd,MnPrv,Shed,0,3,2007,WD,Normal,143900,0.12403100775193798,1696,1.5,62,0,0,0,1,0
208,20,RL,69.0,12493,Pave,Grvl,IR1,Lvl,AllPub,Inside,Gtl,NAmes,Norm,Norm,1Fam,1Story,4,5,1960,1960,Gable,CompShg,Wd Sdng,Wd Sdng,BrkFace,0.0,TA,TA,PConc,TA,TA,No,ALQ,419,Rec,306,375,1100,GasA,TA,Y,SBrkr,1100,0,0,1100,1,0,1,0,3,1,TA,6,Typ,1,Po,Attchd,1960.0,RFn,1,312,TA,TA,Y,355,0,0,0,0,0,Gd,GdWo,Shed,0,4,2008,WD,Normal,141000,0.08804226028493677,1100,1.0,64,0,0,0,1,0
209,60,RL,69.0,14364,Pave,Grvl,IR1,Low,AllPub,Inside,Mod,SawyerW,Norm,Norm,1Fam,2Story,7,5,1988,1989,Gable,CompShg,Plywood,Plywood,BrkFace,128.0,Gd,TA,CBlock,Gd,TA,Gd,GLQ,1065,Unf,0,92,1157,GasA,Ex,Y,SBrkr,1180,882,0,2062,1,0,2,1,3,1,TA,7,Typ,1,Gd,Attchd,1988.0,Fin,2,454,TA,TA,Y,60,55,0,0,154,0,Gd,MnPrv,Shed,0,4,2007,WD,Normal,277000,0.14354333449356074,2062,2.5,36,0,0,0,1,2
210,20,RL,75.0,8250,Pave,Grvl,Reg,Lvl,AllPub,Inside,Gtl,NAmes,Norm,Norm,1Fam,1Story,6,7,1964,1964,Hip,CompShg,HdBoard,HdBoard,Stone,260.0,TA,TA,CBlock,Gd,TA,No,Rec,787,Unf,0,305,1092,GasA,Ex,Y,SBrkr,1092,0,0,1092,1,0,1,0,3,1,TA,6,Typ,0,Gd,Attchd,1964.0,RFn,2,504,TA,Gd,Y,0,0,0,0,0,0,Gd,MnPrv,Shed,0,7,2008,WD,Normal,145000,0.1323475942310023,1092,1.0,60,0,0,0,0,0
211,30,RL,67.0,5604,Pave,Grvl,Reg,Lvl,AllPub,Inside,Gtl,Edwards,Norm,Norm,1Fam,1Story,5,6,1925,1950,Gable,CompShg,Stucco,Stucco,BrkFace,0.0,TA,TA,CBlock,TA,TA,No,Rec,468,Unf,0,396,864,GasA,TA,N,FuseA,864,0,0,864,1,0,1,0,2,1,TA,5,Typ,0,Gd,Attchd,1980.0,Unf,0,0,TA,TA,Y,0,0,96,0,0,0,Gd,MnPrv,Shed,0,4,2008,WD,Normal,98000,0.15414808206958072,864,1.0,99,0,0,0,0,0
212,20,RL,83.0,10420,Pave,Grvl,Reg,Lvl,AllPub,Corner,Gtl,Edwards,Norm,Norm,1Fam,1Story,6,5,2009,2009,Gable,CompShg,VinylSd,VinylSd,BrkFace,0.0,TA,TA,PConc,Gd,TA,Mn,GLQ,36,Unf,0,1176,1212,GasA,Ex,Y,SBrkr,1212,0,0,1212,0,0,2,0,3,1,Gd,6,Typ,0,Gd,Attchd,2009.0,RFn,2,460,TA,TA,Y,100,22,0,0,0,0,Gd,MnPrv,Shed,0,3,2010,WD,Normal,186000,0.11630361769503886,1212,2.0,15,0,0,0,0,0
213,60,FV,72.0,8640,Pave,Grvl,Reg,Lvl,AllPub,Inside,Gtl,Somerst,Norm,Norm,1Fam,2Story,7,5,2009,2009,Gable,CompShg,VinylSd,VinylSd,BrkFace,0.0,TA,TA,PConc,Gd,TA,No,GLQ,822,Unf,0,78,900,GasA,Ex,Y,SBrkr,932,920,0,1852,1,0,2,1,3,1,Gd,7,Typ,1,TA,Attchd,2009.0,RFn,2,644,TA,TA,Y,168,108,0,0,0,0,Gd,MnPrv,Shed,0,7,2009,New,Partial,252678,0.21432704548084713,1852,2.5,15,3,0,0,0,0
214,20,RL,43.0,13568,Pave,Grvl,IR2,Lvl,AllPub,CulDSac,Gtl,CollgCr,Norm,Norm,1Fam,1Story,5,5,1995,1995,Gable,CompShg,VinylSd,VinylSd,BrkFace,0.0,TA,TA,PConc,Gd,TA,No,ALQ,716,Unf,0,274,990,GasA,Ex,Y,SBrkr,990,0,0,990,0,1,1,0,3,1,TA,5,Typ,0,Gd,Attchd,1996.0,Unf,2,576,TA,TA,Y,224,0,0,0,0,0,Gd,MnPrv,Shed,0,7,2006,WD,Normal,156000,0.07296042449701526,990,1.0,29,0,0,0,2,0
215,60,RL,69.0,10900,Pave,Grvl,IR1,Lvl,AllPub,FR2,Gtl,CollgCr,Norm,Norm,1Fam,2Story,6,7,1977,1977,Gable,CompShg,HdBoard,HdBoard,BrkFace,153.0,TA,TA,CBlock,Gd,TA,No,GLQ,378,Unf,0,311,689,GasA,Ex,Y,SBrkr,689,703,0,1392,0,0,1,1,3,1,TA,6,Typ,0,Gd,Attchd,1977.0,Fin,1,299,TA,TA,Y,0,36,0,0,0,0,Gd,MnPrv,Shed,450,3,2010,WD,Normal,161750,0.12769470690762316,1392,1.5,47,0,0,0,1,0
216,20,RL,72.0,10011,Pave,Grvl,IR1,Lvl,AllPub,Inside,Gtl,NAmes,Norm,Norm,1Fam,1Story,5,6,1957,1996,Gable,CompShg,HdBoard,HdBoard,BrkFace,64.0,TA,TA,CBlock,TA,TA,No,BLQ,360,Unf,0,710,1070,GasA,TA,Y,SBrkr,1236,0,0,1236,0,1,1,0,2,1,Gd,6,Min1,1,Fa,Attchd,1957.0,Unf,1,447,TA,TA,Y,0,0,0,0,0,0,Gd,MnPrv,Shed,0,5,2006,WD,Normal,134450,0.12345185777067519,1236,1.0,67,0,0,0,1,0
217,20,RL,65.0,8450,Pave,Grvl,Reg,Lvl,AllPub,Inside,Gtl,CollgCr,Norm,Norm,1Fam,1Story,7,5,2004,2004,Gable,CompShg,VinylSd,VinylSd,BrkFace,266.0,Gd,TA,PConc,Gd,TA,Mn,GLQ,946,Unf,0,490,1436,GasA,Ex,Y,SBrkr,1436,0,0,1436,1,0,2,0,3,1,Gd,8,Typ,0,Gd,Attchd,2004.0,Unf,2,484,TA,TA,Y,139,98,0,0,0,0,Gd,MnPrv,Shed,0,4,2008,WD,Normal,210000,0.1699207194414862,1436,2.0,20,0,0,0,0,0
218,70,RM,57.0,9906,Pave,Grvl,Reg,Lvl,AllPub,Inside,Gtl,OldTown,Norm,Norm,1Fam,2Story,4,4,1925,1950,Gable,CompShg,MetalSd,MetalSd,BrkFace,0.0,TA,TA,CBlock,TA,TA,No,Unf,0,Unf,0,686,686,GasA,Fa,N,SBrkr,810,518,0,1328,0,0,1,0,3,1,TA,8,Typ,0,Gd,Detchd,1940.0,Unf,1,210,TA,TA,Y,0,172,60,0,0,0,Gd,MnPrv,Shed,0,9,2006,WD,Family,107000,0.13404663369334813,1328,1.0,99,1,0,0,0,0
219,50,RL,69.0,15660,Pave,Grvl,IR1,Lvl,AllPub,Corner,Gtl,Crawfor,Norm,Norm,1Fam,1.5Fin,7,9,1939,2006,Gable,CompShg,VinylSd,VinylSd,BrkFace,312.0,Gd,Gd,CBlock,TA,TA,No,BLQ,341,Unf,0,457,798,GasA,Ex,Y,SBrkr,1137,817,0,1954,0,1,1,1,3,1,Gd,8,Typ,2,TA,Attchd,1939.0,Unf,2,431,TA,TA,Y,0,119,150,0,0,0,Gd,MnPrv,Shed,0,5,2008,WD,Normal,311500,0.12476853329927846,1954,1.5,85,0,0,0,1,0
220,120,RL,43.0,3010,Pave,Grvl,Reg,Lvl,AllPub,Inside,Gtl,Blmngtn,Norm,Norm,TwnhsE,1Story,7,5,2005,2006,Gable,CompShg,VinylSd,VinylSd,BrkFace,16.0,Gd,TA,PConc,Gd,TA,Av,GLQ,16,Unf,0,1232,1248,GasA,Ex,Y,SBrkr,1248,0,0,1248,0,0,2,0,2,1,Gd,5,Typ,0,Gd,Attchd,2005.0,Fin,2,438,TA,TA,Y,108,0,0,0,0,0,Gd,MnPrv,Shed,0,3,2006,New,Partial,167240,0.41448023912321486,1248,2.0,19,0,0,0,0,0
221,20,RL,73.0,8990,Pave,Grvl,IR1,Lvl,AllPub,Inside,Gtl,CollgCr,Norm,Norm,1Fam,1Story,7,5,2006,2006,Gable,CompShg,VinylSd,VinylSd,BrkFace,0.0,Gd,TA,PConc,Gd,TA,Mn,Unf,0,Unf,0,1498,1498,GasA,Ex,Y,SBrkr,1498,0,0,1498,0,0,2,0,2,1,Gd,5,Typ,0,Gd,Attchd,2006.0,RFn,2,675,TA,TA,Y,351,33,0,0,0,0,Gd,MnPrv,Shed,0,4,2006,New,Partial,204900,0.1666110554999444,1498,2.0,18,0,0,0,1,0
222,60,RL,69.0,8068,Pave,Grvl,IR1,Lvl,AllPub,Inside,Gtl,Gilbert,Norm,Norm,1Fam,2Story,6,5,2002,2002,Gable,CompShg,VinylSd,VinylSd,BrkFace,0.0,Gd,TA,PConc,Gd,TA,No,Unf,0,Unf,0,1010,1010,GasA,Ex,Y,SBrkr,1010,1257,0,2267,0,0,2,1,4,1,Gd,8,Typ,1,TA,BuiltIn,2002.0,RFn,2,390,TA,TA,Y,120,46,0,0,0,0,Gd,MnPrv,Shed,0,12,2009,ConLI,Normal,200000,0.2809517908043128,2267,2.5,22,0,0,0,1,0
223,60,RL,85.0,11475,Pave,Grvl,Reg,Lvl,AllPub,Inside,Gtl,NWAmes,RRAn,Norm,1Fam,2Story,6,6,1975,1975,Gable,CompShg,VinylSd,VinylSd,BrkFace,0.0,TA,TA,CBlock,Gd,TA,No,ALQ,550,Unf,0,163,713,GasA,TA,Y,SBrkr,811,741,0,1552,1,0,2,1,3,1,TA,6,Typ,1,TA,Attchd,1975.0,RFn,2,434,TA,TA,Y,209,208,0,0,0,0,Gd,MnPrv,Shed,0,2,2006,WD,Normal,179900,0.13523875914952946,1552,2.5,49,0,0,0,0,0
224,20,RL,70.0,10500,Pave,Grvl,Reg,Lvl,AllPub,FR2,Gtl,NAmes,Norm,Norm,1Fam,1Story,4,6,1971,1971,Gable,CompShg,HdBoard,HdBoard,BrkFace,0.0,TA,TA,CBlock,TA,TA,No,ALQ,524,LwQ,180,160,864,GasA,Gd,Y,SBrkr,864,0,0,864,0,0,1,0,2,1,TA,4,Typ,0,Gd,Detchd,1989.0,Unf,2,576,TA,TA,Y,216,0,0,0,0,0,Gd,MnPrv,Shed,0,3,2009,WD,Abnorml,97000,0.08227787829730501,864,1.0,53,0,0,0,0,0
225,20,RL,103.0,13472,Pave,Grvl,Reg,Lvl,AllPub,Inside,Gtl,NridgHt,Norm,Norm,1Fam,1Story,10,5,2003,2003,Hip,CompShg,VinylSd,VinylSd,BrkFace,922.0,Ex,TA,PConc,Ex,TA,Gd,GLQ,56,Unf,0,2336,2392,GasA,Ex,Y,SBrkr,2392,0,0,2392,0,0,2,0,3,1,Ex,8,Typ,1,Ex,Attchd,2003.0,Fin,3,968,TA,TA,Y,248,105,0,0,0,0,Gd,MnPrv,Shed,0,6,2009,WD,Normal,386250,0.17754026571661843,2392,2.0,21,0,0,0,0,0
226,160,RM,21.0,1680,Pave,Grvl,Reg,Lvl,AllPub,Inside,Gtl,BrDale,Norm,Norm,Twnhs,2Story,5,5,1971,1971,Gable,CompShg,HdBoard,HdBoard,BrkFace,142.0,TA,TA,CBlock,TA,TA,No,Unf,0,Unf,0,630,630,GasA,TA,Y,SBrkr,630,672,0,1302,0,0,2,1,3,1,TA,6,Typ,0,Gd,Detchd,1991.0,Unf,1,280,TA,TA,Y,0,0,0,0,0,0,Gd,MnPrv,Shed,0,5,2009,COD,Abnorml,112000,0.7745389649018442,1302,2.5,53,1,0,0,0,0
227,60,RL,82.0,9950,Pave,Grvl,IR1,Lvl,AllPub,Inside,Gtl,NoRidge,Norm,Norm,1Fam,2Story,7,5,1995,1995,Gable,CompShg,VinylSd,VinylSd,BrkFace,290.0,Gd,TA,PConc,Gd,TA,No,GLQ,565,Unf,0,638,1203,GasA,Ex,Y,SBrkr,1214,1306,0,2520,0,0,2,1,4,1,Gd,9,Typ,1,TA,Attchd,1995.0,RFn,3,721,TA,TA,Y,224,114,0,0,0,0,Gd,MnPrv,Shed,0,6,2007,WD,Abnorml,290000,0.2532408803135363,2520,2.5,29,0,0,0,1,0
228,160,RM,21.0,1869,Pave,Grvl,Reg,Lvl,AllPub,Inside,Gtl,BrDale,Norm,Norm,Twnhs,2Story,6,6,1970,1970,Gable,CompShg,HdBoard,HdBoard,BrkFace,127.0,TA,TA,CBlock,TA,TA,No,Rec,321,Unf,0,162,483,GasA,TA,Y,SBrkr,483,504,0,987,0,0,1,1,2,1,TA,5,Typ,0,Gd,Detchd,1987.0,Unf,1,280,TA,TA,Y,0,0,0,0,0,0,Gd,MnPrv,Shed,0,9,2008,WD,Normal,106000,0.5278074866310161,987,1.5,54,1,0,0,0,0
229,20,RL,70.0,8521,Pave,Grvl,Reg,Lvl,AllPub,FR2,Gtl,Sawyer,Feedr,Norm,1Fam,1Story,5,5,1967,1967,Gable,CompShg,HdBoard,HdBoard,BrkFace,0.0,TA,TA,CBlock,TA,TA,No,ALQ,842,Unf,0,70,912,GasA,TA,Y,SBrkr,912,0,0,912,0,0,1,0,3,1,TA,5,Typ,1,Fa,Detchd,1974.0,Unf,1,336,TA,TA,Y,0,0,0,0,0,0,Gd,MnPrv,Shed,0,5,2010,WD,Normal,125000,0.1070171321286083,912,1.0,57,0,0,0,0,0
230,120,RL,43.0,3182,Pave,Grvl,Reg,Lvl,AllPub,Inside,Gtl,Blmngtn,Norm,Norm,TwnhsE,1Story,7,5,2005,2006,Gable,CompShg,VinylSd,VinylSd,BrkFace,16.0,Gd,TA,PConc,Gd,TA,Av,GLQ,16,Unf,0,1357,1373,GasA,Ex,Y,SBrkr,1555,0,0,1555,0,0,2,0,2,1,Gd,7,Typ,1,TA,Attchd,2005.0,Fin,2,430,TA,TA,Y,143,20,0,0,0,0,Gd,MnPrv,Shed,0,5,2009,WD,Normal,192500,0.48853283066289666,1555,2.0,19,0,0,0,0,0
231,20,RL,73.0,8760,Pave,Grvl,Reg,Lvl,AllPub,Inside,Gtl,NAmes,Norm,Norm,1Fam,1Story,6,6,1959,1959,Hip,CompShg,MetalSd,MetalSd,BrkFace,220.0,TA,TA,CBlock,TA,TA,No,Unf,0,Unf,0,1194,1194,GasA,TA,Y,SBrkr,1194,0,0,1194,1,0,1,0,3,1,TA,6,Typ,0,Gd,Attchd,1959.0,RFn,1,312,TA,TA,Y,0,0,120,0,0,0,Gd,MnPrv,Shed,0,4,2010,WD,Normal,148000,0.13628581212190388,1194,1.0,65,0,0,0,0,0
232,60,RL,174.0,15138,Pave,Grvl,IR1,Lvl,AllPub,Inside,Gtl,NoRidge,Norm,Norm,1Fam,2Story,8,5,1995,1996,Gable,CompShg,VinylSd,VinylSd,BrkFace,506.0,Gd,TA,PConc,Gd,TA,No,GLQ,689,Unf,0,773,1462,GasA,Ex,Y,SBrkr,1490,1304,0,2794,1,0,2,1,4,1,Ex,9,Typ,1,TA,Attchd,1995.0,Fin,3,810,TA,TA,Y,0,146,202,0,0,0,Gd,MnPrv,Shed,0,7,2009,WD,Normal,403000,0.18455644362243212,2794,2.5,29,0,0,0,1,0
233,160,RM,21.0,1680,Pave,Grvl,Reg,Lvl,AllPub,Inside,Gtl,BrDale,Norm,Norm,Twnhs,2Story,6,5,1972,1972,Gable,CompShg,HdBoard,HdBoard,BrkFace,297.0,TA,TA,CBlock,TA,TA,No,Unf,0,Unf,0,483,483,GasA,TA,Y,SBrkr,483,504,0,987,0,0,1,1,2,1,TA,5,Typ,1,Po,Attchd,1972.0,Unf,1,288,TA,TA,Y,0,0,0,0,0,0,Gd,MnPrv,Shed,0,6,2006,WD,Normal,94500,0.5871505056513979,987,1.5,52,1,0,0,0,0
234,20,RL,75.0,10650,Pave,Grvl,Reg,Lvl,AllPub,Corner,Gtl,CollgCr,Norm,Norm,1Fam,1Story,5,6,1976,1976,Gable,CompShg,HdBoard,HdBoard,BrkFace,0.0,TA,TA,CBlock,TA,Gd,Av,LwQ,182,ALQ,712,0,894,GasA,TA,Y,SBrkr,894,0,0,894,1,0,1,0,3,1,TA,5,Typ,0,Gd,Attchd,1976.0,Unf,1,308,TA,TA,Y,365,0,0,0,0,0,Gd,MnPrv,Shed,0,2,2010,WD,Normal,128200,0.08393578067787062,894,1.0,48,0,0,0,0,0
235,60,RL,69.0,7851,Pave,Grvl,Reg,Lvl,AllPub,Inside,Gtl,Gilbert,Norm,Norm,1Fam,2Story,6,5,2002,2002,Gable,CompShg,VinylSd,VinylSd,BrkFace,0.0,Gd,TA,PConc,Gd,TA,No,GLQ,625,Unf,0,235,860,GasA,Ex,Y,SBrkr,860,1100,0,1960,1,0,2,1,4,1,Gd,8,Typ,2,TA,BuiltIn,2002.0,Fin,2,440,TA,TA,Y,288,48,0,0,0,0,Gd,MnPrv,Shed,0,5,2010,WD,Normal,216500,0.24961793173713703,1960,2.5,22,0,0,0,0,0
236,160,RM,21.0,1680,Pave,Grvl,Reg,Lvl,AllPub,Inside,Gtl,BrDale,Norm,Norm,TwnhsE,2Story,6,3,1971,1971,Gable,CompShg,HdBoard,HdBoard,BrkFace,604.0,TA,TA,CBlock,TA,TA,No,ALQ,358,Unf,0,125,483,GasA,TA,Y,SBrkr,483,504,0,987,0,0,1,1,2,1,TA,5,Typ,0,Gd,Detchd,1971.0,Unf,1,264,TA,TA,Y,0,0,0,0,0,0,Gd,MnPrv,Shed,0,8,2008,WD,Normal,89500,0.5871505056513979,987,1.5,53,1,0,0,0,0
237,20,RL,65.0,8773,Pave,Grvl,Reg,Lvl,AllPub,FR2,Gtl,CollgCr,Norm,Norm,1Fam,1Story,7,5,2004,2004,Gable,CompShg,VinylSd,VinylSd,BrkFace,98.0,Gd,TA,PConc,Gd,TA,Av,GLQ,24,Unf,0,1390,1414,GasA,Ex,Y,SBrkr,1414,0,0,1414,0,0,2,0,3,1,Gd,6,Typ,0,Gd,Attchd,2004.0,RFn,2,494,TA,TA,Y,132,105,0,0,0,0,Gd,MnPrv,Shed,0,5,2010,WD,Normal,185500,0.1611579667198541,1414,2.0,20,0,0,0,0,0
238,60,RL,69.0,9453,Pave,Grvl,IR1,Lvl,AllPub,CulDSac,Gtl,SawyerW,RRNe,Norm,1Fam,2Story,7,7,1993,2003,Gable,CompShg,HdBoard,HdBoard,BrkFace,0.0,Gd,TA,PConc,Gd,TA,No,BLQ,402,Unf,0,594,996,GasA,Ex,Y,SBrkr,1014,730,0,1744,0,0,2,1,3,1,Gd,7,Typ,0,Gd,Attchd,1993.0,RFn,2,457,TA,TA,Y,370,70,0,238,0,0,Gd,MnPrv,Shed,0,2,2010,WD,Normal,194500,0.18447218108737043,1744,2.5,31,0,0,0,1,0
239,20,RL,93.0,12030,Pave,Grvl,Reg,Lvl,AllPub,Inside,Gtl,NridgHt,Norm,Norm,1Fam,1Story,8,5,2007,2007,Hip,CompShg,VinylSd,VinylSd,BrkFace,254.0,Ex,TA,PConc,Ex,TA,No,Unf,0,Unf,0,1694,1694,GasA,Ex,Y,SBrkr,1694,0,0,1694,0,0,2,0,3,1,Gd,7,Typ,0,Gd,Attchd,2007.0,Fin,3,818,TA,TA,Y,168,228,0,0,0,0,Gd,MnPrv,Shed,0,12,2007,New,Partial,318000,0.14080292577508105,1694,2.0,17,0,0,0,0,0
240,50,RL,52.0,8741,Pave,Grvl,Reg,Lvl,AllPub,Inside,Gtl,Edwards,Norm,Norm,1Fam,1.5Fin,6,4,1945,1950,Gable,CompShg,VinylSd,VinylSd,BrkFace,0.0,TA,TA,CBlock,TA,Fa,No,LwQ,94,Unf,0,641,735,GasA,TA,Y,FuseA,798,689,0,1487,0,0,1,1,3,1,TA,7,Typ,1,Gd,Detchd,1949.0,Unf,1,220,TA,TA,Y,0,140,0,0,0,0,Gd,MnPrv,Shed,0,4,2010,WD,Normal,113000,0.17009837565774422,1487,1.5,79,0,0,0,0,0
241,20,FV,75.0,9000,Pave,Grvl,Reg,Lvl,AllPub,Inside,Gtl,Somerst,Norm,Norm,1Fam,1Story,8,5,2008,2008,Gable,CompShg,VinylSd,VinylSd,Stone,36.0,Gd,TA,PConc,Gd,TA,Av,GLQ,1078,Unf,0,488,1566,GasA,Ex,Y,SBrkr,1566,0,0,1566,1,0,2,0,3,1,Gd,7,Typ,0,Gd,Attchd,2008.0,RFn,2,750,TA,TA,Y,144,168,0,0,0,0,Gd,MnPrv,Shed,0,4,2010,WD,Normal,262500,0.17398066881457616,1566,2.0,16,3,0,0,0,0
242,30,RM,40.0,3880,Pave,Grvl,Reg,Lvl,AllPub,Inside,Gtl,OldTown,Norm,Norm,1Fam,1Story,5,9,1945,1997,Gable,CompShg,VinylSd,VinylSd,BrkFace,0.0,TA,Gd,CBlock,TA,TA,No,ALQ,329,Unf,0,357,686,GasA,Gd,Y,SBrkr,866,0,0,866,0,0,1,0,2,1,Gd,4,Typ,0,Gd,Attchd,1980.0,Unf,0,0,TA,TA,Y,58,42,0,0,0,0,Gd,MnPrv,Shed,0,8,2007,WD,Normal,110500,0.22313836640041226,866,1.0,79,1,0,0,0,0
243,50,RM,63.0,5000,Pave,Grvl,Reg,Lvl,AllPub,Corner,Gtl,OldTown,Norm,Norm,1Fam,1.5Fin,5,4,1900,1950,Gable,CompShg,Wd Sdng,Wd Sdng,BrkFace,0.0,TA,TA,BrkTil,TA,TA,No,Unf,0,Unf,0,540,540,GasA,Gd,N,FuseA,889,551,0,1440,0,0,1,0,3,1,TA,6,Typ,0,Gd,Attchd,1940.0,Unf,1,352,Fa,TA,Y,0,0,77,0,0,0,Gd,MnPrv,Shed,0,4,2006,WD,Normal,79000,0.28794241151769645,1440,1.0,124,1,0,0,0,0
244,160,RL,75.0,10762,Pave,Grvl,Reg,Lvl,AllPub,Corner,Gtl,SawyerW,Norm,Norm,TwnhsE,2Story,6,6,1980,1980,Gable,CompShg,Plywood,Plywood,BrkFace,0.0,TA,TA,CBlock,Gd,TA,No,Unf,0,Unf,0,626,626,GasA,TA,Y,SBrkr,626,591,0,1217,0,0,1,1,3,1,TA,6,Typ,1,TA,Attchd,1980.0,RFn,1,288,TA,TA,Y,0,28,0,0,0,0,Gd,MnPrv,Shed,0,4,2009,WD,Normal,120000,0.11307256341168818,1217,1.5,44,0,0,0,0,0
245,60,RL,69.0,8880,Pave,Grvl,IR1,Lvl,AllPub,Inside,Gtl,SawyerW,Norm,Norm,1Fam,2Story,7,5,1994,2002,Gable,CompShg,VinylSd,VinylSd,BrkFace,0.0,Gd,TA,PConc,Gd,TA,No,GLQ,695,Unf,0,253,948,GasA,Ex,Y,SBrkr,1222,888,0,2110,1,0,2,1,3,1,Gd,8,Typ,2,Fa,Attchd,1994.0,RFn,2,463,TA,TA,Y,0,130,0,0,0,0,Gd,MnPrv,Shed,0,5,2010,WD,Normal,205000,0.23758585744848554,2110,2.5,30,0,0,0,1,0
246,20,RL,80.0,10400,Pave,Grvl,Reg,Lvl,AllPub,Inside,Gtl,NWAmes,Norm,Norm,1Fam,1Story,7,5,1988,1988,Gable,CompShg,Wd Sdng,Wd Sdng,BrkFace,102.0,TA,TA,CBlock,Gd,TA,Av,GLQ,929,Unf,0,916,1845,GasA,Gd,Y,SBrkr,1872,0,0,1872,0,1,2,0,3,1,TA,6,Typ,1,TA,Attchd,1988.0,Fin,2,604,TA,TA,Y,197,39,0,0,0,0,Gd,MnPrv,Shed,0,6,2006,WD,Normal,241500,0.1799826939717335,1872,2.0,36,0,0,0,0,0
247,190,RM,69.0,9142,Pave,Grvl,Reg,Lvl,AllPub,Inside,Gtl,OldTown,Norm,Norm,2fmCon,2Story,6,8,1910,1950,Gable,CompShg,AsbShng,AsbShng,BrkFace,0.0,TA,Fa,Stone,Fa,TA,No,Unf,0,Unf,0,1020,1020,GasA,Gd,N,FuseP,908,1020,0,1928,0,0,2,0,4,2,Fa,9,Typ,0,Gd,Detchd,1910.0,Unf,1,440,Po,Po,Y,0,60,112,0,0,0,Gd,MnPrv,Shed,0,4,2006,WD,Normal,137000,0.21087170512960735,1928,2.0,114,1,0,0,0,0
248,20,RL,75.0,11310,Pave,Grvl,Reg,Lvl,AllPub,Inside,Gtl,NAmes,Norm,Norm,1Fam,1Story,6,5,1954,1954,Hip,CompShg,Wd Sdng,BrkFace,BrkFace,0.0,TA,TA,CBlock,TA,TA,No,Unf,0,Unf,0,1367,1367,GasA,Ex,Y,SBrkr,1375,0,0,1375,0,0,1,0,2,1,TA,5,Typ,1,TA,Attchd,1954.0,Unf,2,451,TA,TA,Y,0,30,0,0,0,0,Gd,MnPrv,Shed,0,6,2006,WD,Normal,140000,0.12156308018742817,1375,1.0,70,0,0,0,0,0
249,60,RL,72.0,11317,Pave,Grvl,Reg,Lvl,AllPub,Inside,Gtl,CollgCr,Norm,Norm,1Fam,2Story,7,5,2003,2003,Gable,CompShg,VinylSd,VinylSd,BrkFace,101.0,Gd,TA,PConc,Gd,TA,No,Unf,0,Unf,0,840,840,GasA,Ex,Y,SBrkr,840,828,0,1668,0,0,2,1,3,1,Gd,8,Typ,0,Gd,Attchd,2003.0,RFn,2,500,TA,TA,Y,144,68,0,0,0,0,Gd,MnPrv,Shed,0,9,2007,WD,Normal,180000,0.14737586145962184,1668,2.5,21,0,0,0,0,0
250,50,RL,69.0,159000,Pave,Grvl,IR2,Low,AllPub,CulDSac,Sev,ClearCr,Norm,Norm,1Fam,1.5Fin,6,7,1958,2006,Gable,CompShg,Wd Sdng,HdBoard,BrkCmn,472.0,Gd,TA,CBlock,Gd,TA,Gd,Rec,697,Unf,0,747,1444,GasA,Gd,Y,SBrkr,1444,700,0,2144,0,1,2,0,4,1,Gd,7,Typ,2,TA,Attchd,1958.0,Fin,2,389,TA,TA,Y,0,98,0,0,0,0,Gd,MnPrv,Shed,500,6,2007,WD,Normal,277000,0.013484191923321237,2144,2.0,66,0,0,0,2,2
251,30,RL,55.0,5350,Pave,Grvl,IR1,Lvl,AllPub,Inside,Gtl,BrkSide,Norm,Norm,1Fam,1Story,3,2,1940,1966,Gable,CompShg,Wd Sdng,Plywood,BrkFace,0.0,TA,Po,CBlock,TA,TA,No,Unf,0,Unf,0,728,728,GasA,Ex,Y,SBrkr,1306,0,0,1306,0,0,1,0,3,1,Fa,6,Mod,0,Gd,Attchd,1980.0,Unf,0,0,TA,TA,Y,263,0,0,0,0,0,Gd,GdWo,Shed,450,5,2010,WD,Normal,76500,0.24406652962063166,1306,1.0,84,0,0,0,1,0
252,120,RM,44.0,4750,Pave,Grvl,IR1,HLS,AllPub,Inside,Mod,Crawfor,Norm,Norm,TwnhsE,1Story,8,5,2006,2007,Hip,CompShg,VinylSd,VinylSd,Stone,481.0,Gd,TA,PConc,Gd,TA,Gd,GLQ,1573,Unf,0,0,1573,GasA,Ex,Y,SBrkr,1625,0,0,1625,1,1,2,0,2,1,Gd,5,Typ,1,Gd,Attchd,2006.0,Fin,2,538,TA,TA,Y,123,0,0,0,153,0,Gd,MnPrv,Shed,0,12,2007,WD,Family,235000,0.34203325615659863,1625,2.0,18,1,0,0,1,3
253,60,RL,65.0,8366,Pave,Grvl,IR1,Lvl,AllPub,Inside,Gtl,SawyerW,Norm,Norm,1Fam,2Story,6,5,2004,2004,Gable,CompShg,VinylSd,VinylSd,BrkFace,0.0,Gd,TA,PConc,Gd,TA,No,Unf,0,Unf,0,798,798,GasA,Ex,Y,SBrkr,798,842,0,1640,0,0,2,1,3,1,Gd,6,Typ,0,Gd,Attchd,2004.0,RFn,2,520,TA,TA,Y,138,45,0,0,0,0,Gd,MnPrv,Shed,0,12,2008,WD,Normal,173000,0.19600812716624835,1640,2.5,20,0,0,0,1,0
254,80,RL,85.0,9350,Pave,Grvl,Reg,Lvl,AllPub,Inside,Gtl,NAmes,Norm,Norm,1Fam,SLvl,6,7,1964,1991,Hip,CompShg,HdBoard,HdBoard,BrkFace,108.0,TA,TA,CBlock,Gd,TA,Gd,LwQ,270,ALQ,580,452,1302,GasA,Ex,Y,SBrkr,1302,0,0,1302,0,1,2,0,3,1,Gd,7,Min1,0,Gd,Attchd,1964.0,RFn,1,309,TA,TA,Y,333,0,0,0,0,0,Gd,MnPrv,Shed,0,10,2007,CWD,Normal,158000,0.13923644529996793,1302,2.0,60,0,0,0,0,0
255,20,RL,70.0,8400,Pave,Grvl,Reg,Lvl,AllPub,Inside,Gtl,NAmes,Norm,Norm,1Fam,1Story,5,6,1957,1957,Gable,CompShg,MetalSd,MetalSd,BrkFace,0.0,TA,Gd,CBlock,TA,TA,No,Rec,922,Unf,0,392,1314,GasA,TA,Y,SBrkr,1314,0,0,1314,1,0,1,0,3,1,TA,5,Typ,0,Gd,Attchd,1957.0,RFn,1,294,TA,TA,Y,250,0,0,0,0,0,Gd,MnPrv,Shed,0,6,2010,WD,Normal,145000,0.15640995119628615,1314,1.0,67,0,0,0,0,0
256,60,RL,66.0,8738,Pave,Grvl,IR1,Lvl,AllPub,Inside,Gtl,Gilbert,Norm,Norm,1Fam,2Story,7,5,1999,1999,Gable,CompShg,VinylSd,VinylSd,BrkFace,302.0,Gd,TA,PConc,Gd,TA,No,Unf,0,Unf,0,975,975,GasA,Ex,Y,SBrkr,1005,1286,0,2291,0,0,2,1,4,1,Gd,8,Typ,1,TA,BuiltIn,1999.0,Fin,2,429,TA,TA,Y,192,0,0,0,0,0,Gd,MnPrv,Shed,0,2,2006,WD,Normal,230000,0.2621581416638059,2291,2.5,25,0,0,0,1,0
257,60,FV,64.0,8791,Pave,Grvl,IR1,Lvl,AllPub,Inside,Gtl,Somerst,Norm,Norm,1Fam,2Story,6,5,2003,2003,Gable,CompShg,VinylSd,VinylSd,BrkFace,0.0,Gd,TA,PConc,Gd,TA,No,Rec,503,Unf,0,361,864,GasA,Ex,Y,SBrkr,864,864,0,1728,0,0,2,1,3,1,Gd,7,Typ,0,Gd,Attchd,2003.0,RFn,2,673,TA,TA,Y,216,56,0,0,0,0,Gd,MnPrv,Shed,0,5,2008,WD,Normal,207500,0.19654231119199272,1728,2.5,21,3,0,0,1,0
258,20,RL,68.0,8814,Pave,Grvl,Reg,Lvl,AllPub,Inside,Gtl,CollgCr,Norm,Norm,1Fam,1Story,7,5,2006,2006,Gable,CompShg,VinylSd,VinylSd,Stone,180.0,Gd,TA,PConc,Gd,TA,No,GLQ,1334,Unf,0,270,1604,GasA,Ex,Y,SBrkr,1604,0,0,1604,1,0,2,1,3,1,Gd,8,Typ,1,Gd,Attchd,2006.0,RFn,2,660,TA,TA,Y,123,110,0,0,0,0,Gd,MnPrv,Shed,0,3,2009,WD,Abnorml,220000,0.18196256381168463,1604,2.5,18,0,0,0,0,0
259,60,RL,80.0,12435,Pave,Grvl,Reg,Lvl,AllPub,Inside,Gtl,CollgCr,Norm,Norm,1Fam,2Story,7,5,2001,2001,Gable,CompShg,VinylSd,VinylSd,BrkFace,172.0,Gd,TA,PConc,Gd,TA,No,GLQ,361,Unf,0,602,963,GasA,Ex,Y,SBrkr,963,829,0,1792,0,0,2,1,3,1,Gd,7,Typ,1,TA,Attchd,2001.0,RFn,2,564,TA,TA,Y,0,96,0,245,0,0,Gd,MnPrv,Shed,0,5,2008,WD,Normal,231500,0.14409778063686074,1792,2.5,23,0,0,0,0,0
260,20,RM,70.0,12702,Pave,Grvl,Reg,Lvl,AllPub,Inside,Gtl,OldTown,Norm,Norm,1Fam,1Story,5,5,1956,1956,Gable,CompShg,BrkFace,BrkFace,BrkFace,0.0,TA,TA,PConc,TA,TA,No,Unf,0,Unf,0,0,0,GasA,Gd,Y,FuseA,882,0,0,882,0,0,1,0,2,1,TA,4,Typ,0,Gd,Detchd,1956.0,Unf,1,308,TA,TA,Y,0,45,0,0,0,0,Gd,MnPrv,Shed,0,12,2008,WD,Normal,97000,0.06943241753916397,882,1.0,68,1,0,0,0,0
261,80,RL,120.0,19296,Pave,Grvl,Reg,Lvl,AllPub,Corner,Gtl,NAmes,Artery,Norm,1Fam,SLvl,6,5,1962,1962,Gable,CompShg,Wd Sdng,Wd Sdng,BrkFace,399.0,TA,TA,CBlock,TA,TA,Gd,Rec,672,ALQ,690,0,1362,GasA,TA,Y,SBrkr,1382,0,0,1382,1,0,1,0,3,1,TA,6,Typ,1,TA,Attchd,1991.0,Unf,2,884,TA,TA,Y,0,0,252,0,0,0,Gd,GdWo,Shed,0,5,2009,WD,Normal,176000,0.07161734984712649,1382,1.0,62,0,0,0,0,0
262,60,RL,69.0,9588,Pave,Grvl,IR1,Lvl,AllPub,Inside,Gtl,CollgCr,Norm,Norm,1Fam,2Story,8,5,2007,2007,Gable,CompShg,CemntBd,CmentBd,Stone,270.0,Gd,TA,PConc,Ex,TA,No,Unf,0,Unf,0,1482,1482,GasA,Ex,Y,SBrkr,1482,1092,0,2574,0,0,2,1,3,1,Ex,10,Typ,1,Gd,BuiltIn,2007.0,Fin,3,868,TA,TA,Y,0,148,0,0,0,0,Gd,MnPrv,Shed,0,11,2007,New,Partial,276000,0.26843257899676715,2574,2.5,17,0,0,0,1,0
263,80,RL,88.0,8471,Pave,Grvl,IR1,Lvl,AllPub,Corner,Gtl,Sawyer,Norm,Norm,1Fam,SLvl,6,7,1977,1995,Gable,CompShg,HdBoard,Plywood,BrkFace,46.0,TA,TA,CBlock,Gd,Gd,Av,ALQ,506,Unf,0,0,506,GasA,TA,Y,SBrkr,1212,0,0,1212,1,0,1,0,3,1,TA,6,Typ,1,TA,Attchd,1978.0,Unf,2,492,TA,TA,Y,292,12,0,0,0,0,Gd,GdWo,Shed,0,7,2006,WD,Normal,151000,0.14305949008498584,1212,1.0,47,0,0,0,1,0
264,50,RM,50.0,5500,Pave,Grvl,Reg,Lvl,AllPub,Corner,Gtl,OldTown,Norm,Norm,1Fam,1.5Fin,5,7,1929,2001,Gable,CompShg,Wd Sdng,Wd Sdng,BrkFace,0.0,TA,TA,BrkTil,TA,TA,No,LwQ,234,ALQ,692,0,926,GasA,TA,Y,SBrkr,926,0,390,1316,1,0,1,0,3,1,TA,6,Typ,0,Gd,Detchd,1974.0,Unf,2,484,TA,TA,Y,0,0,0,0,0,0,Gd,MnPrv,Shed,0,4,2010,WD,Normal,130000,0.2392292310489002,926,1.0,95,1,0,0,0,0
265,30,RM,30.0,5232,Pave,Grvl,IR3,Bnk,AllPub,Inside,Gtl,OldTown,Artery,Norm,1Fam,1Story,5,5,1925,2004,Gable,CompShg,Wd Sdng,Wd Sdng,BrkFace,0.0,TA,TA,BrkTil,Fa,TA,No,Unf,0,Unf,0,680,680,GasA,Gd,N,FuseP,764,0,0,764,0,0,1,0,2,1,TA,4,Typ,0,Gd,Detchd,1965.0,Unf,2,504,TA,TA,N,0,0,0,0,0,0,Gd,MnPrv,Shed,0,6,2008,WD,Normal,73000,0.14599656029046437,764,1.0,99,1,0,0,3,1
266,20,RL,78.0,12090,Pave,Grvl,IR1,Lvl,AllPub,Inside,Gtl,NWAmes,Norm,Norm,1Fam,1Story,6,6,1981,1981,Gable,CompShg,MetalSd,MetalSd,BrkFace,210.0,TA,Gd,CBlock,Gd,TA,No,GLQ,588,LwQ,228,606,1422,GasA,TA,Y,SBrkr,1422,0,0,1422,0,0,2,0,3,1,Gd,7,Typ,1,TA,Attchd,1981.0,Fin,2,576,TA,TA,Y,276,0,0,0,0,0,Gd,GdPrv,Shed,0,6,2008,WD,Normal,175500,0.11760813828467455,1422,2.0,43,0,0,0,1,0
267,60,RL,70.0,11207,Pave,Grvl,IR1,HLS,AllPub,FR2,Gtl,Gilbert,Norm,Norm,1Fam,2Story,6,5,1997,1997,Gable,CompShg,VinylSd,VinylSd,BrkFace,0.0,TA,TA,PConc,Gd,TA,Av,GLQ,714,Unf,0,88,802,GasA,Gd,Y,SBrkr,802,709,0,1511,1,0,2,1,3,1,TA,8,Typ,1,TA,Attchd,1997.0,Fin,2,413,TA,TA,Y,95,75,0,0,0,0,Gd,MnPrv,Shed,0,6,2006,WD,Normal,185000,0.13481441827266238,1511,2.5,27,0,0,0,1,3
268,75,RL,60.0,8400,Pave,Grvl,Reg,Bnk,AllPub,Inside,Mod,SWISU,Norm,Norm,1Fam,2.5Fin,5,8,1939,1997,Gable,CompShg,Wd Sdng,Wd Sdng,BrkFace,0.0,TA,TA,PConc,TA,TA,No,LwQ,378,Unf,0,342,720,GasA,Ex,Y,SBrkr,1052,720,420,2192,0,0,2,1,4,1,Gd,8,Typ,1,Gd,Detchd,1939.0,Unf,1,240,TA,TA,Y,262,24,0,0,0,0,Gd,MnPrv,Shed,0,7,2008,WD,Normal,179500,0.26092131889060827,1772,2.5,85,0,0,0,0,1
269,30,RM,71.0,6900,Pave,Grvl,Reg,Lvl,AllPub,Inside,Gtl,IDOTRR,Norm,Norm,1Fam,1Story,5,6,1940,1955,Gable,CompShg,VinylSd,VinylSd,BrkFace,0.0,TA,TA,CBlock,TA,TA,No,ALQ,403,Rec,125,212,740,GasA,Ex,Y,SBrkr,778,0,0,778,0,0,1,0,2,1,TA,4,Typ,1,Gd,Detchd,1966.0,Fin,1,924,Ex,Ex,Y,0,25,0,0,0,0,Gd,MnPrv,Shed,0,2,2008,WD,Normal,120500,0.11273728445152877,778,1.0,84,1,0,0,0,0
270,20,RL,69.0,7917,Pave,Grvl,IR1,Lvl,AllPub,Corner,Gtl,Edwards,Norm,Norm,1Fam,1Story,6,7,1976,1976,Hip,CompShg,HdBoard,HdBoard,BrkFace,174.0,TA,Gd,CBlock,TA,Gd,No,BLQ,751,Unf,0,392,1143,GasA,TA,Y,SBrkr,1113,0,0,1113,1,0,1,1,3,1,TA,6,Typ,1,Fa,Attchd,1987.0,RFn,1,504,TA,Gd,Y,370,30,0,0,0,0,Gd,GdPrv,Shed,0,5,2007,WD,Normal,148000,0.1405657994443041,1113,1.5,48,0,0,0,1,0
271,60,FV,84.0,10728,Pave,Grvl,Reg,Lvl,AllPub,Inside,Gtl,Somerst,Norm,Norm,1Fam,2Story,8,5,2006,2006,Gable,CompShg,VinylSd,VinylSd,BrkFace,0.0,Gd,TA,PConc,Gd,TA,Mn,Unf,0,Unf,0,1095,1095,GasA,Gd,Y,SBrkr,1095,844,0,1939,0,0,2,1,3,1,Gd,8,Typ,1,Gd,Attchd,2006.0,RFn,3,1053,TA,TA,Y,192,51,0,0,0,0,Gd,MnPrv,Shed,0,8,2006,New,Partial,266000,0.18072513747786373,1939,2.5,18,3,0,0,0,0
272,20,RL,73.0,39104,Pave,Grvl,IR1,Low,AllPub,CulDSac,Sev,ClearCr,Norm,Norm,1Fam,1Story,7,7,1954,2005,Flat,Membran,Plywood,Plywood,BrkFace,0.0,TA,TA,CBlock,Gd,TA,Gd,LwQ,226,GLQ,1063,96,1385,GasA,Ex,Y,SBrkr,1363,0,0,1363,1,0,1,0,2,1,TA,5,Mod,2,TA,Attchd,1954.0,Unf,2,439,TA,TA,Y,81,0,0,0,0,0,Gd,MnPrv,Shed,0,4,2008,WD,Normal,241500,0.034854877892852576,1363,1.0,70,0,0,0,1,2
273,60,RL,92.0,11764,Pave,Grvl,IR1,Lvl,AllPub,CulDSac,Gtl,NoRidge,Norm,Norm,1Fam,2Story,8,7,1999,2007,Gable,CompShg,VinylSd,VinylSd,BrkFace,348.0,Gd,TA,PConc,Gd,TA,No,GLQ,524,Unf,0,628,1152,GasA,Ex,Y,SBrkr,1164,1106,0,2270,0,0,2,1,4,1,Gd,9,Typ,1,Gd,Attchd,1999.0,Fin,3,671,TA,TA,Y,132,57,0,0,0,0,Gd,MnPrv,Shed,0,4,2010,WD,Normal,290000,0.19294517637059075,2270,2.5,25,0,0,0,1,0
274,20,RL,80.0,9600,Pave,Grvl,Reg,Lvl,AllPub,Inside,Gtl,NAmes,Feedr,Norm,1Fam,1Story,6,6,1958,1988,Hip,CompShg,Wd Sdng,Wd Sdng,BrkCmn,183.0,TA,TA,CBlock,TA,TA,No,Rec,620,LwQ,620,0,1240,GasA,Gd,Y,SBrkr,1632,0,0,1632,1,0,2,0,3,1,TA,6,Min1,1,Gd,Attchd,1958.0,RFn,1,338,TA,TA,Y,289,0,0,0,0,0,Gd,MnPrv,Shed,0,4,2009,WD,Normal,139000,0.1699822935110926,1632,2.0,66,0,0,0,0,0
275,20,RL,76.0,8314,Pave,Grvl,Reg,Lvl,AllPub,Corner,Gtl,Mitchel,Norm,Norm,1Fam,1Story,5,7,1982,1982,Gable,CompShg,HdBoard,ImStucc,BrkFace,0.0,TA,TA,CBlock,TA,TA,Gd,ALQ,546,Unf,0,270,816,GasA,TA,Y,SBrkr,816,0,0,816,0,0,1,0,2,1,TA,5,Typ,0,Gd,Attchd,1982.0,Unf,1,264,TA,TA,Y,168,0,0,0,0,0,Gd,MnPrv,Shed,0,6,2007,WD,Normal,124500,0.09813589897775105,816,1.0,42,0,0,0,0,0
276,50,RL,55.0,7264,Pave,Grvl,Reg,Lvl,AllPub,Inside,Gtl,BrkSide,Norm,Norm,1Fam,1.5Fin,7,7,1925,2007,Gable,CompShg,Wd Sdng,Wd Sdng,BrkFace,0.0,Gd,Gd,BrkTil,TA,TA,No,Unf,0,Unf,0,952,952,GasW,Gd,N,SBrkr,952,596,0,1548,0,0,2,1,3,1,Ex,5,Typ,0,Gd,Detchd,1978.0,Unf,2,672,TA,TA,Y,74,0,0,0,144,0,Gd,MnPrv,Shed,0,10,2009,WD,Normal,205000,0.21307639366827255,1548,2.5,99,0,0,0,0,0
277,20,RL,129.0,9196,Pave,Grvl,IR1,Lvl,AllPub,Inside,Gtl,Mitchel,Norm,Norm,1Fam,1Story,7,5,2003,2003,Gable,CompShg,VinylSd,VinylSd,BrkFace,0.0,Gd,TA,PConc,Ex,TA,No,Unf,0,Unf,0,1560,1560,GasA,Ex,Y,SBrkr,1560,0,0,1560,0,0,2,0,3,1,Gd,7,Typ,0,Gd,Attchd,2003.0,Fin,2,573,TA,TA,Y,100,150,0,0,0,0,Gd,MnPrv,Shed,0,4,2010,WD,Normal,201000,0.16962052843318473,1560,2.0,21,0,0,0,1,0
278,20,RL,140.0,19138,Pave,Grvl,Reg,Lvl,AllPub,Corner,Gtl,Gilbert,Norm,Norm,1Fam,1Story,4,5,1951,1951,Gable,CompShg,VinylSd,VinylSd,BrkFace,0.0,TA,TA,CBlock,TA,TA,No,LwQ,120,Unf,0,744,864,GasA,Ex,Y,SBrkr,864,0,0,864,0,0,1,0,2,1,TA,4,Typ,0,Gd,Detchd,1951.0,Unf,2,400,TA,TA,Y,0,0,0,0,0,0,Gd,MnPrv,Shed,0,6,2010,WD,Normal,141000,0.045143424421338625,864,1.0,73,0,0,0,0,0
279,20,RL,107.0,14450,Pave,Grvl,Reg,Lvl,AllPub,Inside,Gtl,NridgHt,Norm,Norm,1Fam,1Story,9,5,2006,2007,Gable,CompShg,CemntBd,CmentBd,BrkFace,315.0,Ex,TA,PConc,Ex,TA,Gd,Unf,0,Unf,0,2121,2121,GasA,Ex,Y,SBrkr,2121,0,0,2121,0,0,2,1,3,1,Ex,8,Typ,1,Ex,Attchd,2007.0,Fin,3,732,TA,TA,Y,124,98,0,0,142,0,Gd,MnPrv,Shed,0,5,2007,New,Partial,415298,0.14677184969898277,2121,2.5,18,0,0,0,0,0
280,60,RL,83.0,10005,Pave,Grvl,Reg,Lvl,AllPub,Inside,Gtl,ClearCr,Norm,Norm,1Fam,2Story,7,5,1977,1977,Hip,CompShg,Plywood,Plywood,BrkFace,299.0,TA,TA,CBlock,Gd,TA,No,BLQ,392,Unf,0,768,1160,GasA,Ex,Y,SBrkr,1156,866,0,2022,0,0,2,1,4,1,TA,8,Typ,1,TA,Attchd,1977.0,Fin,2,505,TA,TA,Y,288,117,0,0,0,0,Gd,MnPrv,Shed,0,3,2008,WD,Normal,192000,0.202078752748351,2022,2.5,47,0,0,0,0,0
281,60,RL,82.0,11287,Pave,Grvl,Reg,Lvl,AllPub,Inside,Gtl,SawyerW,Norm,Norm,1Fam,2Story,7,6,1989,1989,Gable,CompShg,Plywood,Plywood,BrkFace,340.0,Gd,TA,CBlock,Gd,TA,Av,GLQ,421,Unf,0,386,807,GasA,Gd,Y,SBrkr,1175,807,0,1982,0,0,2,1,3,1,Gd,7,Typ,1,TA,Attchd,1989.0,Fin,2,575,TA,TA,Y,0,84,0,196,0,0,Gd,MnPrv,Shed,0,1,2007,WD,Normal,228500,0.1755846917080085,1982,2.5,35,0,0,0,0,0
282,20,FV,60.0,7200,Pave,Pave,Reg,Lvl,AllPub,Inside,Gtl,Somerst,Norm,Norm,1Fam,1Story,6,5,2006,2006,Gable,CompShg,VinylSd,VinylSd,Stone,68.0,Gd,TA,PConc,Gd,TA,No,GLQ,905,Unf,0,357,1262,GasA,Gd,Y,SBrkr,1262,0,0,1262,0,0,2,0,2,1,Gd,5,Typ,0,Gd,Attchd,2006.0,Fin,2,572,TA,TA,Y,0,120,0,0,0,0,Gd,MnPrv,Shed,0,5,2006,New,Partial,185000,0.17525343702263574,1262,2.0,18,3,0,1,0,0
283,120,RL,34.0,5063,Pave,Grvl,Reg,Lvl,AllPub,Inside,Gtl,NridgHt,Norm,Norm,Twnhs,1Story,7,5,2007,2008,Gable,CompShg,VinylSd,VinylSd,Stone,166.0,Gd,TA,PConc,Gd,TA,No,GLQ,904,Unf,0,410,1314,GasA,Ex,Y,SBrkr,1314,0,0,1314,1,0,2,0,2,1,Gd,6,Typ,1,Gd,Attchd,2008.0,RFn,2,626,TA,TA,Y,172,62,0,0,0,0,Gd,MnPrv,Shed,0,4,2009,ConLw,Normal,207500,0.259478672985782,1314,2.0,17,0,0,0,0,0
284,20,RL,74.0,9612,Pave,Grvl,Reg,Lvl,AllPub,Inside,Gtl,Somerst,Feedr,Norm,1Fam,1Story,8,5,2008,2009,Gable,CompShg,VinylSd,VinylSd,Stone,72.0,Gd,TA,PConc,Gd,TA,No,Unf,0,Unf,0,1468,1468,GasA,Ex,Y,SBrkr,1468,0,0,1468,0,0,2,0,3,1,Gd,6,Typ,1,Gd,Attchd,2008.0,Fin,3,898,TA,TA,Y,210,150,0,0,0,0,Gd,MnPrv,Shed,0,12,2009,New,Partial,244600,0.15270987204826797,1468,2.0,16,0,0,0,0,0
285,120,RL,50.0,8012,Pave,Grvl,Reg,Lvl,AllPub,Inside,Gtl,SawyerW,Norm,Norm,TwnhsE,1Story,6,5,1992,1992,Gable,CompShg,Plywood,ImStucc,BrkFace,0.0,Gd,TA,PConc,Gd,TA,No,GLQ,430,Unf,0,1145,1575,GasA,Gd,Y,SBrkr,1575,0,0,1575,1,0,2,0,2,1,Gd,5,Typ,0,Gd,Attchd,1992.0,RFn,2,529,TA,TA,Y,0,0,52,0,0,0,Gd,MnPrv,Shed,0,7,2007,WD,Normal,179200,0.19655559715462373,1575,2.0,32,0,0,0,0,0
286,160,FV,35.0,4251,Pave,Pave,IR1,Lvl,AllPub,Inside,Gtl,Somerst,Norm,Norm,TwnhsE,2Story,7,5,2006,2007,Gable,CompShg,MetalSd,MetalSd,BrkFace,0.0,Gd,TA,PConc,Gd,TA,No,Unf,0,Unf,0,625,625,GasA,Ex,Y,SBrkr,625,625,0,1250,0,0,2,1,2,1,Gd,5,Typ,0,Gd,Detchd,2006.0,RFn,2,528,TA,TA,Y,0,54,0,0,0,0,Gd,MnPrv,Shed,0,6,2007,New,Partial,164700,0.2939793038570085,1250,2.5,18,3,0,1,1,0
287,50,RL,77.0,9786,Pave,Grvl,IR1,Bnk,AllPub,Inside,Gtl,NAmes,Norm,Norm,1Fam,1.5Fin,6,7,1962,1981,Gable,CompShg,Wd Sdng,Wd Sdng,BrkFace,0.0,TA,TA,CBlock,TA,TA,No,Rec,600,Unf,0,312,912,GasA,TA,Y,SBrkr,1085,649,0,1734,0,0,1,1,3,1,Gd,7,Typ,1,Gd,Attchd,1962.0,RFn,2,440,TA,TA,Y,0,0,0,0,128,0,Gd,GdPrv,Shed,0,6,2006,WD,Normal,159000,0.17717380198222132,1734,1.5,62,0,0,0,1,1
288,20,RL,69.0,8125,Pave,Grvl,IR1,Lvl,AllPub,Corner,Gtl,NAmes,Norm,Norm,1Fam,1Story,4,4,1971,1971,Gable,CompShg,HdBoard,HdBoard,BrkFace,0.0,TA,TA,CBlock,TA,TA,No,BLQ,614,Unf,0,244,858,GasA,TA,Y,SBrkr,858,0,0,858,0,0,1,0,3,1,TA,5,Typ,0,Gd,Attchd,1980.0,Unf,0,0,TA,TA,Y,0,0,0,0,0,0,Gd,MnPrv,Shed,0,6,2006,WD,Normal,88000,0.10558700467634753,858,1.0,53,0,0,0,1,0
289,20,RL,69.0,9819,Pave,Grvl,IR1,Lvl,AllPub,Inside,Gtl,Sawyer,Norm,Norm,1Fam,1Story,5,5,1967,1967,Gable,CompShg,MetalSd,MetalSd,BrkFace,31.0,TA,Gd,CBlock,TA,TA,No,BLQ,450,Unf,0,432,882,GasA,TA,Y,SBrkr,900,0,0,900,0,0,1,0,3,1,TA,5,Typ,0,Gd,Detchd,1970.0,Unf,1,280,TA,TA,Y,0,0,0,0,0,0,Gd,MnPrv,Shed,0,2,2010,WD,Normal,122000,0.09164969450101833,900,1.0,57,0,0,0,1,0
290,70,RL,60.0,8730,Pave,Grvl,Reg,Lvl,AllPub,Inside,Gtl,BrkSide,RRAn,Norm,1Fam,2Story,6,7,1915,2003,Gable,CompShg,Wd Sdng,Wd Sdng,BrkFace,0.0,TA,TA,BrkTil,TA,TA,No,Unf,0,Unf,0,698,698,GasA,Ex,Y,FuseA,698,698,0,1396,0,0,1,0,3,1,TA,7,Typ,0,Gd,Detchd,2003.0,Unf,1,384,TA,TA,Y,0,0,0,0,259,0,Gd,MnPrv,Shed,0,7,2007,WD,Normal,153575,0.15989004695911122,1396,1.0,109,0,0,0,0,0
291,60,RL,120.0,15611,Pave,Grvl,Reg,Lvl,AllPub,Inside,Gtl,CollgCr,Norm,Norm,1Fam,2Story,8,5,2006,2006,Gable,CompShg,VinylSd,VinylSd,BrkFace,0.0,Gd,TA,PConc,Gd,TA,Av,Unf,0,Unf,0,1079,1079,GasA,Ex,Y,SBrkr,1079,840,0,1919,0,0,2,1,3,1,Gd,8,Typ,1,Gd,Attchd,2006.0,RFn,2,685,Gd,TA,Y,0,51,0,0,0,0,Gd,MnPrv,Shed,0,7,2006,New,Partial,233230,0.12291826799897515,1919,2.5,18,0,0,0,0,0
292,190,RL,55.0,5687,Pave,Grvl,Reg,Bnk,AllPub,Inside,Gtl,SWISU,Norm,Norm,2fmCon,2Story,5,6,1912,2000,Gable,CompShg,VinylSd,VinylSd,BrkFace,0.0,TA,Fa,PConc,TA,Fa,No,Rec,210,Unf,0,570,780,GasA,Ex,N,SBrkr,936,780,0,1716,1,0,2,0,6,1,Fa,9,Typ,0,Gd,Attchd,1980.0,Unf,0,0,TA,TA,N,0,184,0,0,0,0,Gd,MnPrv,Shed,0,3,2008,WD,Normal,135900,0.30168776371308015,1716,2.0,112,0,0,0,0,1
293,50,RL,60.0,11409,Pave,Grvl,Reg,Lvl,AllPub,Inside,Gtl,Edwards,Norm,Norm,1Fam,1.5Fin,5,4,1949,2008,Gable,CompShg,Wd Sdng,Wd Sdng,BrkFace,0.0,TA,TA,CBlock,TA,TA,No,LwQ,292,Unf,0,476,768,GasA,Gd,Y,SBrkr,1148,568,0,1716,0,0,1,1,3,1,TA,8,Min2,1,Gd,Attchd,1949.0,Unf,1,281,TA,TA,Y,0,0,0,0,160,0,Gd,MnPrv,Shed,0,1,2009,WD,Normal,131000,0.15039439088518844,1716,1.5,75,0,0,0,0,0
294,60,RL,69.0,16659,Pave,Grvl,IR1,Lvl,AllPub,Corner,Gtl,NWAmes,PosA,Norm,1Fam,2Story,7,7,1977,1994,Gable,CompShg,Plywood,Plywood,BrkFace,34.0,TA,TA,CBlock,TA,TA,No,ALQ,795,Unf,0,0,795,GasA,Fa,Y,SBrkr,1468,795,0,2263,1,0,2,1,3,1,Gd,9,Typ,1,TA,Attchd,1977.0,Fin,2,539,TA,TA,Y,0,250,0,0,0,0,Gd,MnPrv,Shed,0,3,2006,WD,Normal,235000,0.1358343337334934,2263,2.5,47,0,0,0,1,0
295,20,RL,80.0,9600,Pave,Grvl,Reg,Lvl,AllPub,Inside,Gtl,NAmes,Norm,Norm,1Fam,1Story,6,5,1953,1953,Hip,CompShg,HdBoard,HdBoard,Stone,238.0,TA,TA,CBlock,TA,TA,No,GLQ,1285,Unf,0,131,1416,GasA,TA,Y,SBrkr,1644,0,0,1644,1,0,1,0,3,1,TA,7,Typ,2,Gd,Attchd,1953.0,Fin,2,418,TA,TA,Y,110,0,0,0,0,0,Gd,MnPrv,Shed,0,10,2009,WD,Normal,167000,0.1712321633163212,1644,1.0,71,0,0,0,0,0
296,80,RL,37.0,7937,Pave,Grvl,IR1,Lvl,AllPub,CulDSac,Gtl,Mitchel,Norm,Norm,1Fam,SLvl,6,6,1984,1984,Gable,CompShg,HdBoard,HdBoard,BrkFace,0.0,TA,TA,CBlock,TA,TA,Av,GLQ,819,Unf,0,184,1003,GasA,TA,Y,SBrkr,1003,0,0,1003,1,0,1,0,3,1,TA,6,Typ,0,Gd,Detchd,1984.0,Unf,2,588,TA,TA,Y,120,0,0,0,0,0,Gd,GdPrv,Shed,0,3,2006,WD,Normal,142500,0.12635424540186446,1003,1.0,40,0,0,0,1,0
297,50,RM,75.0,13710,Pave,Grvl,Reg,Lvl,AllPub,Inside,Gtl,IDOTRR,Norm,Norm,1Fam,1.5Fin,5,5,1950,1950,Gable,CompShg,Wd Sdng,Wd Sdng,BrkFace,0.0,TA,TA,CBlock,TA,TA,No,BLQ,420,Unf,0,490,910,GasA,TA,Y,FuseA,910,648,0,1558,0,0,1,1,4,1,TA,6,Typ,0,Gd,Attchd,1950.0,Unf,1,282,TA,TA,Y,289,0,0,0,0,0,Gd,MnPrv,Shed,0,6,2007,WD,Normal,152000,0.11363139085405878,1558,1.5,74,1,0,0,0,0
298,60,FV,66.0,7399,Pave,Pave,IR1,Lvl,AllPub,Inside,Gtl,Somerst,Norm,Norm,1Fam,2Story,7,5,1997,1998,Hip,CompShg,VinylSd,VinylSd,BrkFace,1600.0,Gd,TA,PConc,Gd,TA,No,BLQ,649,Unf,0,326,975,GasA,Ex,Y,SBrkr,975,975,0,1950,0,0,2,1,3,1,Gd,7,Typ,1,TA,Detchd,1997.0,RFn,2,576,TA,TA,Y,0,10,0,0,198,0,Gd,MnPrv,Shed,0,6,2007,WD,Normal,239000,0.2635135135135135,1950,2.5,27,3,0,1,1,0
299,60,RL,90.0,11700,Pave,Grvl,Reg,Lvl,AllPub,Inside,Gtl,NWAmes,Norm,Norm,1Fam,2Story,6,6,1968,1968,Mansard,CompShg,HdBoard,AsphShn,BrkFace,365.0,Gd,TA,CBlock,TA,TA,No,ALQ,384,Rec,175,143,702,GasA,Gd,Y,SBrkr,1041,702,0,1743,0,1,1,2,3,1,TA,7,Typ,1,Gd,Attchd,1968.0,Unf,2,539,TA,TA,Y,224,0,0,0,0,0,Gd,MnPrv,Shed,0,6,2007,WD,Normal,175000,0.14896162721134945,1743,2.0,56,0,0,0,0,0
300,20,RL,80.0,14000,Pave,Grvl,Reg,Lvl,AllPub,Inside,Gtl,Crawfor,Norm,Norm,1Fam,1Story,6,8,1950,2004,Gable,CompShg,HdBoard,HdBoard,BrkFace,0.0,TA,Gd,CBlock,TA,TA,No,Unf,0,Unf,0,1092,1092,GasA,Ex,Y,SBrkr,1152,0,0,1152,0,1,1,0,3,1,Gd,6,Typ,1,Gd,Attchd,1950.0,Unf,1,300,TA,TA,Y,0,36,0,0,0,0,Gd,GdPrv,Shed,0,8,2009,WD,Family,158500,0.08227983715448897,1152,1.0,74,0,0,0,0,0
301,190,RL,90.0,15750,Pave,Grvl,Reg,Lvl,AllPub,Corner,Gtl,Crawfor,Norm,Norm,2fmCon,1Story,5,5,1953,1953,Hip,CompShg,MetalSd,MetalSd,BrkFace,56.0,TA,TA,CBlock,TA,TA,Mn,BLQ,841,Unf,0,324,1165,GasA,TA,Y,SBrkr,1336,0,0,1336,1,0,1,0,2,1,TA,5,Typ,2,Gd,Attchd,1953.0,Unf,1,375,TA,TA,Y,0,0,0,0,0,0,Gd,MnPrv,Shed,0,6,2006,WD,Normal,157000,0.08482001142784586,1336,1.0,71,0,0,0,0,0
302,60,RL,66.0,16226,Pave,Grvl,IR3,Lvl,AllPub,Inside,Gtl,CollgCr,Norm,Norm,1Fam,2Story,8,5,1998,1999,Gable,CompShg,VinylSd,VinylSd,BrkFace,0.0,Gd,TA,PConc,Gd,TA,No,GLQ,281,Unf,0,747,1028,GasA,Ex,Y,SBrkr,1210,1242,0,2452,0,0,2,1,4,1,Gd,9,Typ,1,TA,BuiltIn,1998.0,Fin,2,683,TA,TA,Y,208,50,0,0,0,0,Gd,MnPrv,Shed,0,5,2007,WD,Normal,267000,0.15110618105626425,2452,2.5,26,0,0,0,3,0
303,20,RL,118.0,13704,Pave,Grvl,IR1,Lvl,AllPub,Corner,Gtl,CollgCr,Norm,Norm,1Fam,1Story,7,5,2001,2002,Gable,CompShg,VinylSd,VinylSd,BrkFace,150.0,Gd,TA,PConc,Gd,TA,No,Unf,0,Unf,0,1541,1541,GasA,Ex,Y,SBrkr,1541,0,0,1541,0,0,2,0,3,1,Gd,6,Typ,1,TA,Attchd,2001.0,RFn,3,843,TA,TA,Y,468,81,0,0,0,0,Gd,MnPrv,Shed,0,1,2006,WD,Normal,205000,0.11244071506749362,1541,2.0,23,0,0,0,1,0
304,20,RL,70.0,9800,Pave,Grvl,Reg,Lvl,AllPub,Corner,Gtl,CollgCr,Norm,Norm,1Fam,1Story,5,7,1972,1972,Gable,CompShg,VinylSd,VinylSd,BrkFace,0.0,TA,TA,PConc,TA,TA,No,ALQ,894,Unf,0,0,894,GasA,TA,Y,SBrkr,894,0,0,894,1,0,1,0,3,1,TA,5,Typ,0,Gd,Attchd,1975.0,Unf,2,552,TA,TA,Y,256,0,0,0,0,0,Gd,GdWo,Shed,0,7,2006,WD,Abnorml,149900,0.09121518212427303,894,1.0,52,0,0,0,0,0
305,75,RM,87.0,18386,Pave,Grvl,Reg,Lvl,AllPub,Inside,Gtl,OldTown,Norm,Norm,1Fam,2.5Fin,7,9,1880,2002,Gable,CompShg,CemntBd,CmentBd,BrkFace,0.0,TA,TA,BrkTil,TA,TA,No,Unf,0,Unf,0,1470,1470,GasA,Ex,Y,SBrkr,1675,1818,0,3493,0,0,3,0,3,1,Gd,10,Typ,1,Ex,Attchd,2003.0,Unf,3,870,TA,TA,Y,302,0,0,0,0,0,Gd,MnPrv,Shed,0,5,2008,WD,Normal,295000,0.18997117528688748,3493,3.0,144,1,0,0,0,0
306,20,RL,80.0,10386,Pave,Grvl,Reg,Lvl,AllPub,Inside,Gtl,CollgCr,Norm,Norm,1Fam,1Story,8,5,2004,2005,Gable,CompShg,CemntBd,CmentBd,Stone,246.0,Gd,TA,PConc,Gd,TA,No,GLQ,1464,Unf,0,536,2000,GasA,Ex,Y,SBrkr,2000,0,0,2000,1,0,2,0,3,1,Gd,8,Typ,0,Gd,Attchd,2004.0,Fin,3,888,TA,TA,Y,168,0,0,0,0,0,Gd,MnPrv,Shed,0,7,2007,WD,Normal,305900,0.1925483777799172,2000,2.0,20,0,0,0,0,0
307,60,RL,116.0,13474,Pave,Grvl,Reg,Lvl,AllPub,Inside,Gtl,SawyerW,Feedr,Norm,1Fam,2Story,7,5,1990,1991,Gable,CompShg,HdBoard,Plywood,BrkFace,246.0,Gd,TA,CBlock,Gd,TA,No,ALQ,700,Unf,0,0,700,GasA,Gd,Y,SBrkr,1122,1121,0,2243,1,0,2,1,4,1,Gd,8,Typ,1,TA,Attchd,1990.0,RFn,3,746,TA,TA,Y,127,44,224,0,0,0,Gd,MnPrv,Shed,0,6,2007,WD,Normal,225000,0.16645640074211504,2243,2.5,34,0,0,0,0,0
308,50,RM,69.0,7920,Pave,Grvl,IR1,Lvl,AllPub,Inside,Gtl,IDOTRR,Artery,Norm,1Fam,1.5Fin,6,7,1920,1950,Gable,CompShg,MetalSd,MetalSd,BrkFace,0.0,TA,Fa,CBlock,TA,TA,No,Unf,0,Unf,0,319,319,GasA,TA,Y,FuseA,1035,371,0,1406,0,0,1,0,3,1,Fa,6,Typ,0,Gd,Attchd,1980.0,Unf,0,0,TA,TA,N,0,144,0,0,0,0,Gd,MnPrv,Shed,0,3,2008,WD,Normal,89500,0.17750284055043555,1406,1.0,104,1,0,0,1,0
309,30,RL,69.0,12342,Pave,Grvl,IR1,Lvl,AllPub,Inside,Gtl,Edwards,Norm,Norm,1Fam,1Story,4,5,1940,1950,Gable,CompShg,VinylSd,VinylSd,BrkFace,0.0,TA,TA,CBlock,TA,TA,No,BLQ,262,Unf,0,599,861,GasA,Ex,Y,SBrkr,861,0,0,861,0,0,1,0,1,1,TA,4,Typ,0,Gd,Detchd,1961.0,Unf,2,539,TA,TA,Y,158,0,0,0,0,0,Gd,MnPrv,Shed,0,3,2009,WD,Normal,82500,0.06975613708174674,861,1.0,84,0,0,0,1,0
310,20,RL,90.0,12378,Pave,Grvl,IR1,Lvl,AllPub,Inside,Gtl,NridgHt,Norm,Norm,1Fam,1Story,9,5,2003,2004,Gable,CompShg,VinylSd,VinylSd,BrkFace,0.0,Gd,TA,PConc,Ex,TA,Gd,GLQ,1274,Unf,0,622,1896,GasA,Ex,Y,SBrkr,1944,0,0,1944,1,0,2,0,3,1,Ex,8,Typ,3,Ex,Attchd,2003.0,Fin,3,708,TA,TA,Y,208,175,0,0,0,0,Gd,MnPrv,Shed,0,11,2006,WD,Normal,360000,0.15704014863882382,1944,2.0,21,0,0,0,1,0
311,60,RL,69.0,7685,Pave,Grvl,IR1,Lvl,AllPub,Inside,Gtl,Gilbert,Norm,Norm,1Fam,2Story,6,5,1993,1994,Gable,CompShg,HdBoard,HdBoard,BrkFace,112.0,TA,TA,PConc,Gd,TA,No,ALQ,518,Unf,0,179,697,GasA,Gd,Y,SBrkr,697,804,0,1501,0,0,2,1,3,1,Gd,6,Typ,1,TA,Attchd,1993.0,Fin,2,420,TA,TA,Y,190,63,0,0,0,0,Gd,MnPrv,Shed,0,5,2006,WD,Normal,165600,0.19529013791308875,1501,2.5,31,0,0,0,1,0
312,20,RL,50.0,8000,Pave,Grvl,Reg,Lvl,AllPub,Inside,Gtl,NAmes,Norm,Norm,1Fam,1Story,6,6,1948,2002,Gable,CompShg,VinylSd,VinylSd,BrkFace,0.0,TA,Gd,CBlock,TA,TA,No,ALQ,680,Unf,0,292,972,GasA,Ex,Y,SBrkr,972,0,0,972,1,0,1,0,2,1,TA,5,Typ,1,Gd,Detchd,1948.0,Unf,1,240,TA,TA,Y,0,0,0,0,0,0,Gd,MnPrv,Shed,0,5,2009,WD,Normal,132000,0.12148481439820022,972,1.0,76,0,0,0,0,0
313,190,RM,65.0,7800,Pave,Grvl,Reg,Lvl,AllPub,Inside,Gtl,OldTown,Artery,Norm,2fmCon,1.5Fin,5,7,1939,1950,Gable,CompShg,MetalSd,MetalSd,BrkFace,0.0,TA,TA,CBlock,Gd,TA,Mn,Rec,507,Unf,0,286,793,GasA,TA,Y,SBrkr,793,325,0,1118,1,0,1,0,3,1,TA,5,Typ,1,Gd,Detchd,1939.0,Unf,2,410,TA,TA,Y,0,0,0,0,271,0,Gd,MnPrv,Shed,0,5,2006,WD,Normal,119900,0.14331495962056146,1118,1.0,85,1,0,0,0,0
314,20,RL,150.0,215245,Pave,Grvl,IR3,Low,AllPub,Inside,Sev,Timber,Norm,Norm,1Fam,1Story,7,5,1965,1965,Hip,CompShg,BrkFace,BrkFace,BrkFace,0.0,TA,TA,CBlock,Gd,TA,Gd,ALQ,1236,Rec,820,80,2136,GasW,TA,Y,SBrkr,2036,0,0,2036,2,0,2,0,3,1,TA,8,Typ,2,Gd,Attchd,1965.0,RFn,2,513,TA,TA,Y,0,0,0,0,0,0,Gd,MnPrv,Shed,0,6,2009,WD,Normal,375000,0.009458944649377922,2036,2.0,59,0,0,0,3,2
315,70,RM,60.0,9600,Pave,Grvl,Reg,Lvl,AllPub,Inside,Gtl,OldTown,Norm,Norm,1Fam,2Story,7,7,1925,1990,Gable,CompShg,Wd Sdng,Wd Sdng,BrkFace,0.0,TA,TA,BrkTil,TA,Gd,No,LwQ,16,Unf,0,712,728,GasA,Ex,Y,SBrkr,832,809,0,1641,0,1,1,1,3,1,Ex,6,Typ,1,Gd,Detchd,1925.0,Unf,2,546,Fa,TA,Y,0,0,234,0,0,0,Gd,MnPrv,Shed,0,8,2006,WD,Normal,178000,0.17091969586501407,1641,1.5,99,1,0,0,0,0
316,60,RL,71.0,7795,Pave,Grvl,IR1,Lvl,AllPub,Inside,Gtl,Gilbert,Norm,Norm,1Fam,2Story,7,5,2004,2005,Gable,CompShg,VinylSd,VinylSd,BrkFace,0.0,Gd,TA,PConc,Gd,TA,No,GLQ,425,Unf,0,291,716,GasA,Ex,Y,SBrkr,716,716,0,1432,1,0,2,1,3,1,Gd,6,Typ,1,Gd,Attchd,2004.0,Fin,2,432,TA,TA,Y,100,51,0,0,0,0,Gd,MnPrv,Shed,0,7,2009,WD,Normal,188500,0.1836839404822986,1432,2.5,20,0,0,0,1,0
317,60,RL,94.0,13005,Pave,Grvl,IR1,Lvl,AllPub,Corner,Gtl,NWAmes,Norm,Norm,1Fam,2Story,7,7,1980,1980,Gable,CompShg,CemntBd,CmentBd,BrkFace,278.0,Gd,TA,CBlock,Gd,TA,No,GLQ,692,Unf,0,153,845,GasA,TA,Y,SBrkr,1153,1200,0,2353,1,0,2,1,4,1,Ex,10,Typ,1,TA,Attchd,1983.0,RFn,2,484,TA,TA,Y,288,195,0,0,0,0,Gd,GdPrv,Shed,0,8,2009,WD,Normal,260000,0.1809165000768876,2353,2.5,44,0,0,0,1,0
318,60,FV,75.0,9000,Pave,Grvl,Reg,Lvl,AllPub,Inside,Gtl,Somerst,Norm,Norm,1Fam,2Story,8,5,2006,2006,Gable,CompShg,VinylSd,VinylSd,BrkFace,0.0,Gd,TA,PConc,Gd,TA,Av,Unf,0,Unf,0,1088,1088,GasA,Ex,Y,SBrkr,1088,871,0,1959,0,0,2,1,3,1,Gd,8,Typ,1,Gd,Attchd,2006.0,RFn,3,1025,TA,TA,Y,208,46,0,0,0,0,Gd,MnPrv,Shed,0,12,2007,WD,Normal,270000,0.21764248416842574,1959,2.5,18,3,0,0,0,0
319,60,RL,90.0,9900,Pave,Grvl,Reg,Low,AllPub,Inside,Mod,NoRidge,Norm,Norm,1Fam,2Story,7,5,1993,1993,Gable,CompShg,HdBoard,HdBoard,BrkFace,256.0,Gd,TA,PConc,Gd,TA,Gd,GLQ,987,Unf,0,360,1347,GasA,Ex,Y,SBrkr,1372,1274,0,2646,1,0,2,1,4,1,Gd,9,Typ,1,TA,Attchd,1993.0,RFn,3,656,TA,TA,Y,340,60,144,0,0,0,Gd,MnPrv,Shed,0,4,2009,WD,Normal,260000,0.2672457327542673,2646,2.5,31,0,0,0,0,2
320,80,RL,69.0,14115,Pave,Grvl,Reg,Lvl,AllPub,Inside,Gtl,NWAmes,Norm,Norm,1Fam,SLvl,7,5,1980,1980,Gable,CompShg,Plywood,Plywood,BrkFace,225.0,TA,TA,CBlock,Gd,TA,Av,GLQ,1036,Unf,0,336,1372,GasA,TA,Y,SBrkr,1472,0,0,1472,1,0,2,0,3,1,TA,6,Typ,2,TA,Attchd,1980.0,Unf,2,588,TA,TA,Y,233,48,0,0,0,0,Gd,MnPrv,Shed,0,6,2009,WD,Normal,187500,0.10427883253046188,1472,2.0,44,0,0,0,0,0
321,60,RL,111.0,16259,Pave,Grvl,Reg,Lvl,AllPub,Corner,Gtl,NridgHt,Norm,Norm,1Fam,2Story,9,5,2006,2006,Gable,CompShg,VinylSd,VinylSd,Stone,370.0,TA,TA,PConc,Ex,Gd,Av,Unf,0,Unf,0,1249,1249,GasA,Ex,Y,SBrkr,1249,1347,0,2596,0,0,3,1,4,1,Gd,9,Typ,0,Gd,Attchd,2006.0,RFn,3,840,TA,TA,Y,240,154,0,0,0,0,Gd,MnPrv,Shed,0,9,2006,New,Partial,342643,0.15965559655596556,2596,3.5,18,0,0,0,0,0
322,60,RL,99.0,12099,Pave,Grvl,IR1,Lvl,AllPub,Inside,Gtl,NridgHt,Norm,Norm,1Fam,2Story,8,5,2004,2004,Gable,CompShg,VinylSd,VinylSd,BrkFace,388.0,Gd,TA,PConc,Ex,TA,Av,GLQ,970,Unf,0,166,1136,GasA,Ex,Y,SBrkr,1136,1332,0,2468,1,0,2,1,4,1,Gd,10,Typ,1,Gd,BuiltIn,2004.0,Fin,3,872,TA,TA,Y,184,154,0,0,0,0,Gd,MnPrv,Shed,0,6,2007,WD,Normal,354000,0.20396694214876032,2468,2.5,20,0,0,0,1,0
323,60,RL,86.0,10380,Pave,Grvl,IR1,Lvl,AllPub,Inside,Gtl,SawyerW,Norm,Norm,1Fam,2Story,7,5,1986,1987,Gable,CompShg,Plywood,Plywood,BrkFace,172.0,Gd,TA,CBlock,TA,TA,Gd,LwQ,28,ALQ,1474,0,1502,GasA,Ex,Y,SBrkr,1553,1177,0,2730,1,0,2,1,4,1,Gd,8,Typ,1,TA,Attchd,1987.0,Fin,2,576,TA,TA,Y,201,96,0,0,0,0,Gd,MnPrv,Shed,0,8,2007,WD,Normal,301000,0.26298044504383006,2730,2.5,38,0,0,0,1,0
324,20,RM,49.0,5820,Pave,Grvl,Reg,Lvl,AllPub,Inside,Gtl,OldTown,Norm,Norm,1Fam,1Story,3,8,1955,2005,Gable,CompShg,VinylSd,VinylSd,BrkFace,0.0,TA,Gd,CBlock,TA,TA,No,ALQ,256,Unf,0,906,1162,GasA,Ex,Y,SBrkr,1163,0,0,1163,1,0,1,0,3,1,TA,6,Typ,0,Gd,Attchd,1955.0,Unf,1,220,Fa,TA,Y,142,98,0,0,0,0,Gd,MnPrv,Shed,0,7,2006,WD,Normal,126175,0.19979384985397697,1163,1.0,69,1,0,0,0,0
325,80,RL,96.0,11275,Pave,Grvl,Reg,Lvl,AllPub,Corner,Gtl,NAmes,PosN,Norm,1Fam,SLvl,7,7,1967,2007,Mansard,WdShake,Wd Sdng,Wd Sdng,BrkFace,300.0,Gd,Gd,CBlock,Gd,TA,No,Unf,0,Unf,0,710,710,GasA,Ex,Y,SBrkr,1898,1080,0,2978,0,0,2,1,5,1,Gd,11,Typ,1,Gd,BuiltIn,1961.0,Fin,2,564,TA,TA,Y,240,0,0,0,0,0,Gd,MnPrv,Shed,0,6,2010,WD,Normal,242000,0.26410074494501595,2978,2.5,57,0,0,0,0,0
326,45,RM,50.0,5000,Pave,Grvl,Reg,Lvl,AllPub,Inside,Gtl,IDOTRR,RRAe,Norm,1Fam,1.5Unf,5,6,1941,1950,Gable,CompShg,MetalSd,MetalSd,BrkFace,0.0,TA,TA,CBlock,TA,TA,Av,BLQ,116,Unf,0,604,720,GasA,Po,N,FuseF,803,0,0,803,0,0,1,0,2,1,TA,5,Typ,0,Gd,Detchd,1941.0,Unf,2,360,TA,TA,Y,0,0,244,0,0,0,Gd,MnPrv,Shed,0,12,2007,WD,Normal,87000,0.16056788642271547,803,1.0,83,1,0,0,0,0
327,120,RL,32.0,10846,Pave,Grvl,IR1,Lvl,AllPub,CulDSac,Gtl,Veenker,Norm,Norm,TwnhsE,1Story,8,5,1993,1993,Gable,CompShg,BrkFace,BrkFace,BrkFace,0.0,Gd,TA,PConc,Gd,TA,Gd,GLQ,1619,Unf,0,100,1719,GasA,Ex,Y,SBrkr,1719,0,0,1719,2,0,1,1,1,1,Gd,6,Typ,2,Gd,Attchd,1993.0,Fin,2,473,TA,TA,Y,122,30,0,0,0,0,Gd,MnPrv,Shed,0,5,2008,Con,Normal,324000,0.15847699824836362,1719,1.5,31,0,0,0,1,0
328,20,RL,80.0,11600,Pave,Grvl,Reg,Lvl,AllPub,Inside,Gtl,NAmes,Norm,Norm,1Fam,1Story,6,5,1960,1960,Hip,CompShg,Wd Sdng,Wd Sdng,BrkFace,175.0,TA,TA,CBlock,TA,TA,No,Rec,565,Unf,0,818,1383,GasA,TA,Y,SBrkr,1383,0,0,1383,0,0,1,1,3,1,TA,7,Typ,0,Gd,Attchd,1960.0,RFn,1,292,TA,TA,Y,0,45,0,0,0,0,Gd,MnPrv,Shed,0,4,2006,WD,Normal,145250,0.11921386087406258,1383,1.5,64,0,0,0,0,0
329,75,RL,69.0,11888,Pave,Pave,IR1,Bnk,AllPub,Inside,Gtl,BrkSide,PosN,Norm,1Fam,2.5Unf,6,6,1916,1994,Gable,CompShg,Wd Sdng,Wd Shng,BrkFace,0.0,TA,TA,BrkTil,TA,TA,No,Unf,0,Unf,0,844,844,GasA,Gd,N,FuseA,1445,689,0,2134,0,0,2,0,5,1,Gd,10,Typ,0,Gd,Detchd,1930.0,Unf,2,441,TA,TA,Y,0,60,268,0,0,0,Gd,MnPrv,Shed,0,7,2009,WD,Normal,214500,0.17949364959205988,2134,2.0,108,0,0,1,1,1
330,70,RM,60.0,6402,Pave,Grvl,Reg,Lvl,AllPub,Corner,Gtl,IDOTRR,Norm,Norm,1Fam,2Story,5,5,1920,1950,Gable,CompShg,Wd Sdng,Wd Shng,BrkFace,0.0,TA,TA,PConc,TA,TA,Mn,Unf,0,Unf,0,596,596,GasA,TA,N,SBrkr,596,596,0,1192,0,0,1,0,3,1,TA,6,Typ,0,Gd,Detchd,1920.0,Unf,1,189,Fa,Fa,N,0,0,137,0,0,0,Gd,GdWo,Shed,0,7,2009,WD,Normal,78000,0.1861627362173981,1192,1.0,104,1,0,0,0,0
331,90,RL,69.0,10624,Pave,Grvl,IR1,Lvl,AllPub,Inside,Gtl,NAmes,Norm,Norm,Duplex,1Story,5,4,1964,1964,Gable,CompShg,HdBoard,HdBoard,BrkFace,84.0,TA,TA,CBlock,TA,TA,No,GLQ,40,Rec,264,1424,1728,GasA,TA,Y,SBrkr,1728,0,0,1728,0,1,2,0,6,2,TA,10,Typ,0,Gd,Detchd,2002.0,Unf,1,352,TA,TA,Y,155,0,0,0,0,0,Gd,MnPrv,Shed,0,11,2007,WD,Normal,119000,0.16263529411764707,1728,2.0,60,0,0,0,1,0
332,20,RL,70.0,8176,Pave,Grvl,Reg,Lvl,AllPub,Inside,Gtl,NAmes,Norm,Norm,1Fam,1Story,5,6,1958,1992,Gable,CompShg,Wd Sdng,Wd Sdng,BrkFace,0.0,TA,TA,CBlock,TA,TA,No,Rec,846,Unf,0,210,1056,GasA,Fa,Y,SBrkr,1056,0,0,1056,1,0,1,0,3,1,TA,6,Typ,0,Gd,Attchd,1958.0,RFn,1,308,TA,TA,Y,0,0,0,0,0,0,Gd,MnPrv,Shed,0,8,2007,WD,Normal,139000,0.1291427173780115,1056,1.0,66,0,0,0,0,0
333,20,RL,85.0,10655,Pave,Grvl,IR1,Lvl,AllPub,Inside,Gtl,NridgHt,Norm,Norm,1Fam,1Story,8,5,2003,2004,Gable,CompShg,VinylSd,VinylSd,BrkFace,296.0,Gd,TA,PConc,Gd,TA,No,GLQ,1124,Unf,479,1603,3206,GasA,Ex,Y,SBrkr,1629,0,0,1629,1,0,2,0,3,1,Gd,7,Typ,1,Gd,Attchd,2003.0,RFn,3,880,TA,TA,Y,0,0,0,0,0,0,Gd,MnPrv,Shed,0,10,2009,WD,Normal,284000,0.15287162162162163,1629,2.0,21,0,0,0,1,0
334,120,RM,59.0,8198,Pave,Grvl,Reg,Lvl,AllPub,FR3,Gtl,NridgHt,Norm,Norm,TwnhsE,1Story,7,5,2004,2004,Gable,CompShg,VinylSd,VinylSd,Stone,146.0,Gd,TA,PConc,Gd,TA,Av,GLQ,720,Unf,0,638,1358,GasA,Ex,Y,SBrkr,1358,0,0,1358,1,0,2,0,2,1,Gd,6,Typ,1,Gd,Attchd,2004.0,RFn,2,484,TA,TA,Y,192,30,0,0,0,0,Gd,MnPrv,Shed,0,7,2008,WD,Normal,207000,0.16562995487254542,1358,2.0,20,1,0,0,0,0
335,60,RL,59.0,9042,Pave,Grvl,IR1,Lvl,AllPub,Inside,Gtl,Gilbert,Norm,Norm,1Fam,2Story,6,5,1998,1998,Gable,CompShg,VinylSd,VinylSd,BrkFace,0.0,TA,TA,PConc,Gd,TA,Gd,GLQ,828,Unf,0,115,943,GasA,Gd,Y,SBrkr,943,695,0,1638,1,0,2,1,3,1,TA,7,Typ,2,TA,Attchd,1998.0,Fin,2,472,TA,TA,Y,100,38,0,0,0,0,Gd,MnPrv,Shed,0,7,2008,WD,Normal,192000,0.18113457923255558,1638,2.5,26,0,0,0,1,0
336,190,RL,69.0,164660,Grvl,Grvl,IR1,HLS,AllPub,Corner,Sev,Timber,Norm,Norm,2fmCon,1.5Fin,5,6,1965,1965,Gable,CompShg,Plywood,Plywood,BrkFace,0.0,TA,TA,CBlock,TA,TA,Gd,ALQ,1249,BLQ,147,103,1499,GasA,Ex,Y,SBrkr,1619,167,0,1786,2,0,2,0,3,1,TA,7,Typ,2,Gd,Attchd,1965.0,Fin,2,529,TA,TA,Y,670,0,0,0,0,0,Gd,MnPrv,Shed,700,8,2008,WD,Normal,228950,0.010846527107208143,1786,2.0,59,0,1,0,1,3
337,20,RL,86.0,14157,Pave,Grvl,IR1,HLS,AllPub,Corner,Gtl,StoneBr,Norm,Norm,1Fam,1Story,9,5,2005,2006,Hip,CompShg,VinylSd,VinylSd,Stone,200.0,Gd,TA,PConc,Ex,TA,Gd,GLQ,1249,Unf,0,673,1922,GasA,Ex,Y,SBrkr,1922,0,0,1922,1,0,2,0,3,1,Gd,8,Typ,1,Gd,Attchd,2005.0,Fin,3,676,TA,TA,Y,178,51,0,0,0,0,Gd,MnPrv,Shed,0,7,2007,WD,Normal,377426,0.13575363751942365,1922,2.0,19,0,0,0,1,3
338,20,RL,70.0,9135,Pave,Grvl,Reg,Lvl,AllPub,Inside,Gtl,CollgCr,Norm,Norm,1Fam,1Story,7,5,2002,2003,Gable,CompShg,VinylSd,VinylSd,BrkFace,113.0,Gd,TA,PConc,Gd,TA,Av,GLQ,810,Unf,0,726,1536,GasA,Ex,Y,SBrkr,1536,0,0,1536,1,0,2,0,3,1,Gd,7,Typ,0,Gd,Attchd,2002.0,RFn,2,532,TA,TA,Y,192,74,0,0,0,0,Gd,MnPrv,Shed,0,12,2008,WD,Normal,214000,0.1681260945709282,1536,2.0,22,0,0,0,0,0
339,20,RL,91.0,14145,Pave,Grvl,Reg,Lvl,AllPub,Corner,Gtl,NWAmes,Norm,Norm,1Fam,1Story,7,7,1984,1998,Gable,CompShg,Wd Sdng,Wd Sdng,BrkFace,0.0,Gd,TA,CBlock,Gd,TA,Mn,ALQ,213,Unf,0,995,1208,GasA,Ex,Y,SBrkr,1621,0,0,1621,1,0,2,0,3,1,Gd,8,Typ,0,Gd,Attchd,1984.0,RFn,2,440,TA,TA,Y,108,45,0,0,0,0,Gd,MnPrv,Shed,400,5,2006,WD,Normal,202500,0.11459069701682455,1621,2.0,40,0,0,0,0,0
340,20,RL,66.0,12400,Pave,Grvl,IR1,Lvl,AllPub,Inside,Gtl,NAmes,Feedr,Norm,1Fam,1Story,6,7,1958,1998,Hip,CompShg,Wd Sdng,Wd Sdng,BrkFace,176.0,TA,TA,CBlock,TA,Fa,No,Rec,585,Unf,0,630,1215,GasA,TA,Y,FuseA,1215,0,0,1215,0,0,1,0,3,1,TA,6,Typ,0,Gd,Attchd,1958.0,Unf,1,297,TA,TA,Y,0,0,0,0,234,0,Gd,MnPrv,Shed,0,6,2009,WD,Normal,155000,0.09797596967986452,1215,1.0,66,0,0,0,1,0
341,60,RL,85.0,14191,Pave,Grvl,Reg,Lvl,AllPub,Inside,Gtl,Timber,Norm,Norm,1Fam,2Story,8,5,2002,2002,Gable,CompShg,VinylSd,VinylSd,BrkFace,0.0,Gd,TA,PConc,Gd,TA,No,Unf,0,Unf,0,967,967,GasA,Ex,Y,SBrkr,993,915,0,1908,0,0,2,1,4,1,Gd,9,Typ,0,Gd,Attchd,2002.0,Fin,2,431,TA,TA,Y,135,0,0,0,0,0,Gd,MnPrv,Shed,0,4,2010,WD,Normal,202900,0.13444193912063135,1908,2.5,22,0,0,0,0,0
342,20,RH,60.0,8400,Pave,Grvl,Reg,Lvl,AllPub,Inside,Gtl,SawyerW,Feedr,Norm,1Fam,1Story,4,4,1950,1950,Gable,CompShg,Wd Sdng,AsbShng,BrkFace,0.0,Fa,Fa,CBlock,TA,Fa,No,Unf,0,Unf,0,721,721,GasA,Gd,Y,SBrkr,841,0,0,841,0,0,1,0,2,1,TA,4,Typ,0,Gd,CarPort,1950.0,Unf,1,294,TA,TA,N,250,0,24,0,0,0,Gd,MnPrv,Shed,0,9,2009,WD,Normal,82000,0.1001071301035591,841,1.0,74,4,0,0,0,0
343,90,RL,69.0,8544,Pave,Grvl,Reg,Lvl,AllPub,Inside,Gtl,NAmes,Norm,Norm,Duplex,1Story,3,4,1949,1950,Gable,CompShg,Stucco,Stucco,BrkFace,340.0,TA,TA,Slab,TA,TA,No,Unf,0,Unf,0,0,0,Wall,Fa,N,FuseA,1040,0,0,1040,0,0,2,0,2,2,TA,6,Typ,0,Gd,Detchd,1949.0,Unf,2,400,TA,TA,Y,0,0,0,0,0,0,Gd,MnPrv,Shed,0,5,2006,WD,Normal,87500,0.12170860152135751,1040,2.0,75,0,0,0,0,0
344,120,RL,63.0,8849,Pave,Grvl,IR1,Lvl,AllPub,Inside,Gtl,NridgHt,Norm,Norm,TwnhsE,1Story,9,5,2005,2005,Hip,CompShg,MetalSd,MetalSd,BrkFace,616.0,Ex,TA,PConc,Ex,TA,No,GLQ,28,Unf,0,1656,1684,GasA,Ex,Y,SBrkr,1684,0,0,1684,0,0,2,0,2,1,Ex,6,Typ,1,Ex,Attchd,2005.0,RFn,2,564,TA,TA,Y,495,72,0,0,0,0,Gd,MnPrv,Shed,0,7,2008,WD,Normal,266000,0.1902824858757062,1684,2.0,19,0,0,0,1,0
345,160,RM,36.0,2592,Pave,Grvl,Reg,Lvl,AllPub,Inside,Gtl,MeadowV,Norm,Norm,TwnhsE,2Story,5,3,1976,1976,Gable,CompShg,CemntBd,CmentBd,BrkFace,0.0,TA,TA,CBlock,Gd,TA,No,Rec,129,BLQ,232,175,536,GasA,TA,Y,SBrkr,536,576,0,1112,0,0,1,1,3,1,TA,4,Typ,0,Gd,Attchd,1976.0,Unf,1,336,TA,TA,Y,182,0,0,0,0,0,Gd,MnPrv,Shed,0,4,2010,WD,Normal,85000,0.42884689548785193,1112,1.5,48,1,0,0,0,0
346,50,RL,65.0,6435,Pave,Grvl,Reg,Lvl,AllPub,Inside,Gtl,BrkSide,RRAn,Norm,1Fam,1.5Fin,6,5,1939,1950,Gable,CompShg,MetalSd,MetalSd,BrkFace,0.0,TA,TA,BrkTil,TA,TA,No,Unf,0,Unf,0,972,972,GasA,Gd,Y,SBrkr,972,605,0,1577,0,0,1,0,3,1,Fa,6,Typ,1,Gd,Detchd,1939.0,Unf,1,312,TA,TA,Y,0,0,0,0,0,0,Gd,MnPrv,Shed,0,10,2006,WD,Normal,140200,0.24502796768178994,1577,1.0,85,0,0,0,0,0
347,20,RL,69.0,12772,Pave,Grvl,IR1,Lvl,AllPub,CulDSac,Gtl,NAmes,Norm,Norm,1Fam,1Story,6,8,1960,1998,Hip,CompShg,MetalSd,MetalSd,BrkFace,0.0,TA,Gd,CBlock,TA,TA,Mn,BLQ,498,Unf,0,460,958,GasA,TA,Y,SBrkr,958,0,0,958,0,0,1,0,2,1,TA,5,Typ,0,Gd,Attchd,1960.0,RFn,1,301,TA,TA,Y,0,0,0,0,0,0,Gd,MnPrv,Gar2,15500,4,2007,WD,Normal,151500,0.07500195725358177,958,1.0,64,0,0,0,1,0
348,20,RL,69.0,17600,Pave,Grvl,IR1,Lvl,AllPub,Inside,Gtl,NAmes,Norm,Norm,1Fam,1Story,6,5,1960,1960,Gable,CompShg,Wd Sdng,Wd Sdng,BrkFace,30.0,TA,TA,CBlock,TA,TA,No,BLQ,1270,Unf,0,208,1478,GasA,Ex,Y,FuseA,1478,0,0,1478,1,0,2,0,3,1,TA,6,Typ,2,Gd,Attchd,1960.0,Unf,2,498,TA,TA,Y,0,40,0,0,0,0,Gd,MnPrv,Shed,0,12,2009,WD,Normal,157500,0.08397250156241122,1478,2.0,64,0,0,0,1,0
349,160,RL,36.0,2448,Pave,Grvl,Reg,Lvl,AllPub,Inside,Gtl,NridgHt,Norm,Norm,Twnhs,2Story,7,5,2003,2004,Gable,CompShg,VinylSd,Wd Shng,Stone,106.0,Gd,TA,PConc,Gd,TA,No,GLQ,573,Unf,0,191,764,GasA,Ex,Y,SBrkr,764,862,0,1626,1,0,2,1,2,1,Gd,6,Typ,0,Gd,BuiltIn,2003.0,RFn,2,474,TA,TA,Y,0,27,0,0,0,0,Gd,MnPrv,Shed,0,10,2008,WD,Normal,154000,0.6639444671294406,1626,2.5,21,0,0,0,0,0
350,60,RL,56.0,20431,Pave,Grvl,IR2,Lvl,AllPub,Inside,Gtl,NridgHt,Norm,Norm,1Fam,2Story,9,5,2005,2006,Hip,CompShg,CemntBd,CmentBd,BrkFace,870.0,Ex,TA,PConc,Ex,TA,No,GLQ,1410,Unf,0,438,1848,GasA,Ex,Y,SBrkr,1848,880,0,2728,1,0,2,1,4,1,Ex,10,Typ,2,Ex,Attchd,2006.0,Fin,3,706,TA,TA,Y,0,0,0,0,0,0,Gd,MnPrv,Shed,0,4,2006,New,Partial,437154,0.13351605324980423,2728,2.5,19,0,0,0,2,0
351,120,RL,68.0,7820,Pave,Grvl,IR1,Lvl,AllPub,Inside,Gtl,NridgHt,Norm,Norm,TwnhsE,1Story,9,5,2007,2007,Hip,CompShg,MetalSd,MetalSd,BrkFace,362.0,Ex,TA,PConc,Ex,TA,No,Unf,0,Unf,0,1869,1869,GasA,Ex,Y,SBrkr,1869,0,0,1869,0,0,2,0,2,1,Ex,6,Typ,1,Gd,Attchd,2007.0,RFn,2,617,TA,TA,Y,210,54,0,0,0,0,Gd,MnPrv,Shed,0,12,2007,New,Partial,318061,0.23897199846566936,1869,2.0,17,0,0,0,1,0
352,120,RL,69.0,5271,Pave,Grvl,IR1,Low,AllPub,Inside,Mod,ClearCr,Norm,Norm,1Fam,1Story,7,5,1986,1986,Gable,CompShg,Wd Sdng,Wd Sdng,BrkFace,0.0,TA,TA,PConc,Gd,TA,Gd,GLQ,1082,Unf,0,371,1453,GasA,Gd,Y,SBrkr,1453,0,0,1453,1,0,1,1,2,1,Gd,6,Typ,1,TA,Attchd,1986.0,RFn,2,445,TA,TA,Y,0,80,0,0,184,0,Gd,MnPrv,Shed,0,12,2006,WD,Abnorml,190000,0.2756069802731411,1453,1.5,38,0,0,0,1,2
353,50,RL,60.0,9084,Pave,Grvl,Reg,Lvl,AllPub,Inside,Gtl,Edwards,Artery,Norm,1Fam,1.5Fin,5,6,1941,1950,Gable,CompShg,VinylSd,VinylSd,BrkFace,0.0,TA,TA,CBlock,TA,Fa,Mn,LwQ,236,Rec,380,0,616,GasA,TA,N,SBrkr,616,495,0,1111,0,1,1,0,3,1,TA,5,Typ,0,Gd,Detchd,1941.0,Unf,1,200,TA,Fa,Y,48,0,0,0,0,0,Gd,MnPrv,Shed,0,3,2008,ConLw,Normal,95000,0.12228948816730875,1111,1.0,83,0,0,0,0,0
354,30,RM,60.0,8520,Pave,Grvl,Reg,Lvl,AllPub,Inside,Gtl,OldTown,Norm,Norm,1Fam,1Story,6,8,1928,2003,Gable,CompShg,VinylSd,VinylSd,BrkFace,0.0,TA,Gd,BrkTil,TA,TA,No,Unf,0,Unf,0,624,624,GasA,Gd,Y,SBrkr,720,0,0,720,0,0,1,0,2,1,TA,5,Typ,0,Gd,Detchd,2005.0,Unf,2,484,TA,TA,Y,106,0,0,0,0,0,Gd,MnPrv,Shed,0,5,2010,WD,Normal,105900,0.08449712475061613,720,1.0,96,1,0,0,0,0
355,50,RL,60.0,8400,Pave,Grvl,Reg,Bnk,AllPub,Inside,Gtl,SWISU,Norm,Norm,1Fam,1.5Fin,6,5,1940,2000,Gable,CompShg,Wd Sdng,MetalSd,BrkFace,0.0,TA,TA,CBlock,TA,TA,No,LwQ,388,Unf,0,552,940,GasA,Ex,Y,SBrkr,1192,403,0,1595,0,0,1,0,2,1,TA,6,Typ,2,Gd,Attchd,1940.0,Unf,1,240,TA,TA,Y,0,0,108,0,0,0,Gd,MnPrv,Shed,0,6,2006,WD,Normal,140000,0.18985835019640518,1595,1.0,84,0,0,0,0,1
356,20,RL,105.0,11249,Pave,Grvl,IR2,Lvl,AllPub,Inside,Gtl,CollgCr,Norm,Norm,1Fam,1Story,6,5,1995,1995,Gable,CompShg,VinylSd,VinylSd,BrkFace,0.0,Gd,Gd,PConc,Gd,Gd,No,ALQ,334,BLQ,544,322,1200,GasA,Ex,Y,SBrkr,1200,0,0,1200,1,0,2,0,3,1,Gd,6,Typ,0,Gd,Attchd,1995.0,RFn,2,521,TA,TA,Y,0,26,0,0,0,0,Gd,MnPrv,Shed,0,8,2007,WD,Normal,177500,0.10666666666666667,1200,2.0,29,0,0,0,2,0
357,20,RL,69.0,9248,Pave,Grvl,IR1,Lvl,AllPub,Inside,Gtl,Gilbert,Norm,Norm,1Fam,1Story,6,6,1992,1992,Gable,CompShg,HdBoard,HdBoard,BrkFace,106.0,TA,TA,PConc,Gd,TA,No,GLQ,560,Unf,0,598,1158,GasA,Gd,Y,SBrkr,1167,0,0,1167,1,0,2,0,3,1,Gd,6,Typ,0,Gd,Attchd,1992.0,RFn,2,400,TA,TA,Y,120,26,0,0,0,0,Gd,MnPrv,Shed,0,7,2009,WD,Normal,173000,0.12617580278949075,1167,2.0,32,0,0,0,1,0
358,120,RM,44.0,4224,Pave,Grvl,Reg,Lvl,AllPub,Inside,Gtl,MeadowV,Norm,Norm,TwnhsE,1Story,5,5,1976,1976,Gable,CompShg,CemntBd,CmentBd,BrkFace,0.0,TA,TA,PConc,Gd,TA,No,ALQ,874,Unf,0,268,1142,GasA,TA,Y,SBrkr,1142,0,0,1142,1,0,1,1,3,1,TA,6,Typ,1,Po,Attchd,1976.0,Fin,2,528,TA,TA,Y,536,90,0,0,0,0,Gd,MnPrv,Shed,0,8,2007,WD,Normal,134000,0.2702958579881657,1142,1.5,48,1,0,0,0,0
359,80,RL,92.0,6930,Pave,Grvl,IR1,Lvl,AllPub,Inside,Gtl,ClearCr,Norm,Norm,1Fam,SLvl,5,4,1958,1958,Hip,CompShg,Wd Sdng,ImStucc,BrkFace,120.0,TA,TA,CBlock,TA,TA,Av,BLQ,300,Rec,294,468,1062,GasA,Ex,Y,FuseF,1352,0,0,1352,0,1,1,0,3,1,Gd,6,Min2,0,Gd,BuiltIn,1958.0,Unf,1,288,TA,TA,Y,168,0,294,0,0,0,Gd,MnPrv,Shed,0,7,2006,WD,Abnorml,130000,0.1950656470927716,1352,1.0,66,0,0,0,1,0
360,60,RL,78.0,12011,Pave,Grvl,IR1,Lvl,AllPub,CulDSac,Gtl,NoRidge,Norm,Norm,1Fam,2Story,8,5,1998,1998,Gable,CompShg,VinylSd,VinylSd,BrkFace,530.0,Gd,TA,PConc,Gd,TA,Av,GLQ,956,Unf,0,130,1086,GasA,Ex,Y,SBrkr,1086,838,0,1924,1,0,2,1,3,1,Gd,7,Typ,1,TA,Attchd,1998.0,RFn,2,592,TA,TA,Y,208,75,0,0,374,0,Gd,MnPrv,Shed,0,6,2006,WD,Normal,280000,0.16017316017316016,1924,2.5,26,0,0,0,1,0
361,85,RL,69.0,7540,Pave,Grvl,IR1,Lvl,AllPub,CulDSac,Gtl,Mitchel,Norm,Norm,1Fam,SFoyer,6,6,1978,1978,Gable,CompShg,VinylSd,VinylSd,BrkFace,0.0,TA,TA,CBlock,Gd,TA,Av,GLQ,773,Unf,0,115,888,GasA,Ex,Y,SBrkr,912,0,0,912,1,0,1,0,2,1,TA,5,Typ,1,TA,Attchd,1978.0,RFn,2,470,TA,TA,Y,0,0,0,0,192,0,Gd,MnPrv,Shed,0,6,2007,WD,Normal,156000,0.12093886752420104,912,1.0,46,0,0,0,1,0
362,50,RL,69.0,9144,Pave,Pave,Reg,Lvl,AllPub,Inside,Gtl,BrkSide,Norm,Norm,1Fam,1.5Fin,5,5,1940,1982,Gable,CompShg,MetalSd,MetalSd,BrkFace,0.0,TA,TA,CBlock,TA,TA,No,Rec,399,Unf,0,484,883,GasA,Gd,Y,SBrkr,988,517,0,1505,1,0,1,0,3,1,TA,8,Typ,0,Gd,Detchd,1940.0,Unf,1,240,TA,TA,N,0,0,0,0,0,0,Gd,MnPrv,Shed,0,7,2008,WD,Normal,145000,0.16457080371787863,1505,1.0,84,0,0,1,0,0
363,85,RL,64.0,7301,Pave,Grvl,Reg,Lvl,AllPub,Corner,Gtl,Edwards,Norm,Norm,1Fam,SFoyer,7,5,2003,2003,Gable,CompShg,HdBoard,HdBoard,BrkFace,500.0,Gd,TA,Slab,TA,TA,No,Unf,0,Unf,0,0,0,GasA,Ex,Y,SBrkr,495,1427,0,1922,0,0,3,0,4,1,Gd,7,Typ,1,Ex,BuiltIn,2003.0,RFn,2,672,TA,TA,Y,0,0,177,0,0,0,Gd,MnPrv,Shed,0,7,2009,ConLD,Normal,198500,0.2632155573815393,1922,3.0,21,0,0,0,0,0
364,160,RM,21.0,1680,Pave,Grvl,Reg,Lvl,AllPub,Inside,Gtl,BrDale,Norm,Norm,Twnhs,2Story,6,8,1972,2007,Gable,CompShg,HdBoard,HdBoard,BrkFace,510.0,TA,TA,CBlock,TA,TA,No,ALQ,162,Unf,0,321,483,GasA,Gd,Y,SBrkr,483,504,0,987,0,0,1,1,2,1,Gd,5,Typ,0,Gd,Detchd,1972.0,Unf,1,264,TA,TA,Y,250,0,0,0,0,0,Gd,MnPrv,Shed,0,5,2009,WD,Normal,118000,0.5871505056513979,987,1.5,52,1,0,0,0,0
365,60,RL,69.0,18800,Pave,Grvl,IR1,Lvl,AllPub,FR2,Gtl,NWAmes,Norm,Norm,1Fam,2Story,6,5,1976,1976,Gable,CompShg,HdBoard,HdBoard,BrkFace,120.0,TA,TA,PConc,Gd,TA,Mn,GLQ,712,Unf,0,84,796,GasA,TA,Y,SBrkr,790,784,0,1574,1,0,2,1,3,1,TA,6,Typ,1,TA,Attchd,1976.0,Fin,2,566,TA,TA,Y,306,111,0,0,0,0,Gd,MnPrv,Shed,0,7,2006,WD,Normal,190000,0.0837189511196213,1574,2.5,48,0,0,0,1,0
366,70,RM,59.0,10690,Pave,Grvl,Reg,Lvl,AllPub,Inside,Gtl,IDOTRR,Norm,Norm,1Fam,2Story,5,7,1920,1997,Hip,CompShg,VinylSd,VinylSd,BrkFace,0.0,TA,Gd,CBlock,TA,Fa,No,Rec,456,Unf,0,216,672,GasA,Gd,Y,FuseA,672,672,0,1344,0,0,1,0,3,1,TA,6,Typ,0,Gd,Detchd,1964.0,Unf,1,468,TA,Fa,Y,0,128,218,0,0,0,Gd,MnPrv,Shed,0,7,2009,WD,Normal,147000,0.12571321672434757,1344,1.0,104,1,0,0,0,0
367,20,RL,69.0,9500,Pave,Grvl,IR1,Lvl,AllPub,Inside,Gtl,NAmes,Norm,Norm,1Fam,1Story,6,5,1963,1963,Gable,CompShg,Plywood,Plywood,BrkFace,247.0,TA,TA,CBlock,Gd,TA,No,BLQ,609,Unf,0,785,1394,GasA,Gd,Y,SBrkr,1394,0,0,1394,1,0,1,1,3,1,TA,6,Typ,2,Gd,Attchd,1963.0,RFn,2,514,TA,TA,Y,0,76,0,0,185,0,Gd,MnPrv,Shed,0,7,2009,WD,Normal,159000,0.1467213977476055,1394,1.5,61,0,0,0,1,0
368,80,RL,101.0,9150,Pave,Grvl,IR1,Lvl,AllPub,Corner,Gtl,NAmes,Norm,Norm,1Fam,SLvl,6,5,1962,1962,Gable,Tar&Grv,Plywood,Plywood,BrkFace,305.0,TA,TA,CBlock,Gd,TA,Gd,GLQ,371,Unf,0,728,1099,GasA,Gd,Y,SBrkr,1431,0,0,1431,0,1,1,0,3,1,TA,6,Typ,1,Gd,Basment,1962.0,RFn,1,296,TA,TA,Y,64,110,0,0,0,0,Gd,MnPrv,Shed,0,12,2008,WD,Normal,165000,0.15637635231122282,1431,1.0,62,0,0,0,1,0
369,20,RL,78.0,7800,Pave,Grvl,Reg,Lvl,AllPub,Inside,Gtl,NAmes,Norm,Norm,1Fam,1Story,5,6,1954,1954,Gable,CompShg,HdBoard,HdBoard,BrkFace,200.0,TA,TA,PConc,TA,TA,No,LwQ,540,Unf,0,728,1268,GasA,Gd,Y,SBrkr,1268,0,0,1268,0,0,1,0,2,1,TA,7,Typ,1,Gd,Attchd,1954.0,Fin,1,244,TA,TA,Y,0,98,0,0,0,0,Gd,MnPrv,Shed,0,3,2010,WD,Normal,132000,0.16254326368414307,1268,1.0,70,0,0,0,0,0
370,20,RL,69.0,9830,Pave,Grvl,IR1,Lvl,AllPub,Corner,Gtl,NAmes,Norm,Norm,1Fam,1Story,5,7,1959,2006,Gable,CompShg,Wd Sdng,Wd Sdng,BrkFace,0.0,TA,Gd,CBlock,TA,TA,No,ALQ,72,Rec,258,733,1063,GasA,Ex,Y,SBrkr,1287,0,0,1287,1,0,1,0,3,1,Gd,7,Typ,1,Gd,Detchd,1997.0,Fin,2,576,TA,TA,Y,364,17,0,0,182,0,Gd,MnPrv,Shed,0,3,2010,WD,Normal,162000,0.13091241989624658,1287,1.0,65,0,0,0,1,0
371,60,RL,69.0,8121,Pave,Grvl,IR1,Lvl,AllPub,Inside,Gtl,Gilbert,Norm,Norm,1Fam,2Story,6,5,2000,2000,Gable,CompShg,VinylSd,VinylSd,BrkFace,0.0,TA,TA,PConc,Gd,TA,No,Unf,0,Unf,0,953,953,GasA,Ex,Y,SBrkr,953,711,0,1664,0,0,2,1,3,1,TA,7,Typ,1,TA,Attchd,2000.0,RFn,2,460,TA,TA,Y,100,40,0,0,0,0,Gd,MnPrv,Shed,0,1,2006,WD,Normal,172400,0.20487564639251415,1664,2.5,24,0,0,0,1,0
372,50,RL,80.0,17120,Pave,Grvl,Reg,Lvl,AllPub,Inside,Gtl,ClearCr,Feedr,Norm,1Fam,1.5Fin,4,4,1959,1959,Gable,CompShg,WdShing,Plywood,BrkFace,0.0,TA,TA,CBlock,TA,TA,No,Unf,0,Unf,0,0,0,GasA,TA,Y,SBrkr,1120,468,0,1588,0,0,2,0,4,1,TA,7,Min2,1,Gd,Detchd,1991.0,Fin,2,680,TA,TA,N,0,59,0,0,0,0,Gd,MnPrv,Shed,0,7,2008,WD,Normal,134432,0.09275159161263945,1588,2.0,65,0,0,0,0,0
373,120,RL,50.0,7175,Pave,Grvl,Reg,Lvl,AllPub,Inside,Gtl,SawyerW,Norm,Norm,TwnhsE,1Story,6,5,1984,1984,Gable,CompShg,Plywood,Plywood,BrkFace,0.0,TA,TA,CBlock,Gd,TA,No,ALQ,623,LwQ,121,0,744,GasA,TA,Y,SBrkr,752,0,0,752,1,0,1,0,2,1,TA,4,Typ,0,Gd,Attchd,1984.0,Unf,1,264,TA,TA,Y,353,0,0,0,90,0,Gd,MnPrv,Shed,0,2,2010,WD,Normal,125000,0.10479375696767002,752,1.0,40,0,0,0,0,0
374,20,RL,79.0,10634,Pave,Grvl,Reg,Lvl,AllPub,Inside,Gtl,NAmes,Norm,Norm,1Fam,1Story,5,6,1953,1953,Gable,CompShg,MetalSd,MetalSd,BrkFace,0.0,TA,TA,PConc,TA,TA,No,BLQ,428,LwQ,180,0,608,GasA,TA,Y,SBrkr,1319,0,0,1319,1,0,1,0,3,1,TA,5,Min2,0,Gd,Attchd,1953.0,Unf,1,270,TA,TA,Y,66,0,0,0,0,0,Gd,GdWo,Shed,0,11,2009,WD,Normal,123000,0.1240244475787494,1319,1.0,71,0,0,0,0,0
375,60,RL,65.0,8200,Pave,Grvl,Reg,Lvl,AllPub,Inside,Gtl,CollgCr,Norm,Norm,1Fam,2Story,7,5,2003,2004,Gable,CompShg,VinylSd,VinylSd,BrkFace,0.0,Gd,TA,PConc,Gd,TA,No,Unf,0,Unf,0,847,847,GasA,Ex,Y,SBrkr,847,1081,0,1928,0,0,2,1,4,1,Gd,8,Typ,1,Gd,BuiltIn,2003.0,Fin,2,434,TA,TA,Y,100,48,0,0,0,0,Gd,MnPrv,Shed,0,7,2007,WD,Normal,219500,0.23509328130715768,1928,2.5,21,0,0,0,0,0
376,30,RL,69.0,10020,Pave,Grvl,IR1,Low,AllPub,Inside,Sev,Edwards,Norm,Norm,1Fam,1Story,1,1,1922,1950,Gable,CompShg,Wd Sdng,Wd Sdng,BrkFace,0.0,Fa,Fa,BrkTil,Fa,Po,Gd,BLQ,350,Unf,0,333,683,GasA,Gd,N,FuseA,904,0,0,904,1,0,0,1,1,1,Fa,4,Maj1,0,Gd,Attchd,1980.0,Unf,0,0,TA,TA,Y,0,0,0,0,0,0,Gd,MnPrv,Shed,0,3,2009,WD,Normal,61000,0.09021055782856002,904,0.5,102,0,0,0,1,2
377,85,RL,57.0,8846,Pave,Grvl,IR1,Lvl,AllPub,CulDSac,Gtl,CollgCr,Norm,Norm,1Fam,SFoyer,5,5,1996,1996,Gable,CompShg,VinylSd,VinylSd,BrkFace,0.0,Gd,TA,PConc,Gd,TA,Av,GLQ,298,Unf,0,572,870,GasA,Ex,Y,SBrkr,914,0,0,914,0,0,1,0,2,1,TA,5,Typ,0,Gd,Detchd,1998.0,Unf,2,576,TA,TA,Y,0,0,0,0,0,0,Gd,MnPrv,Shed,0,7,2006,WD,Normal,148000,0.10331185712670962,914,1.0,28,0,0,0,1,0
378,60,FV,102.0,11143,Pave,Grvl,IR1,Lvl,AllPub,Corner,Gtl,Somerst,Norm,Norm,1Fam,2Story,8,5,2004,2005,Gable,CompShg,CemntBd,CmentBd,BrkFace,0.0,Gd,TA,PConc,Gd,TA,No,Unf,0,Unf,0,1580,1580,GasA,Ex,Y,SBrkr,1580,886,0,2466,0,0,3,0,4,1,Gd,8,Typ,1,Gd,Attchd,2004.0,RFn,2,610,TA,TA,Y,159,214,0,0,0,0,Gd,MnPrv,Shed,0,12,2007,WD,Normal,340000,0.22128499641062455,2466,3.0,20,3,0,0,1,0
379,20,RL,88.0,11394,Pave,Grvl,Reg,Lvl,AllPub,Corner,Gtl,StoneBr,Norm,Norm,1Fam,1Story,9,2,2010,2010,Hip,CompShg,VinylSd,VinylSd,Stone,350.0,Gd,TA,PConc,Ex,TA,Av,GLQ,1445,Unf,0,411,1856,GasA,Ex,Y,SBrkr,1856,0,0,1856,1,0,1,1,1,1,Ex,8,Typ,1,Ex,Attchd,2010.0,Fin,3,834,TA,TA,Y,113,0,0,0,0,0,Gd,MnPrv,Shed,0,6,2010,New,Partial,394432,0.16287845546292234,1856,1.5,14,0,0,0,0,0
380,60,RL,60.0,8123,Pave,Grvl,IR1,Lvl,AllPub,Inside,Gtl,Gilbert,RRAn,Norm,1Fam,2Story,6,5,2000,2000,Gable,CompShg,VinylSd,VinylSd,BrkFace,16.0,TA,TA,PConc,Gd,TA,No,Unf,0,Unf,0,982,982,GasA,Ex,Y,SBrkr,1007,793,0,1800,0,0,2,1,3,1,TA,7,Typ,1,TA,Attchd,2000.0,Fin,2,463,TA,TA,Y,100,63,0,0,0,0,Gd,MnPrv,Shed,0,6,2009,WD,Normal,179000,0.22156573116691286,1800,2.5,24,0,0,0,1,0
381,50,RL,50.0,5000,Pave,Pave,Reg,Lvl,AllPub,Inside,Gtl,SWISU,Norm,Norm,1Fam,1.5Fin,5,6,1924,1950,Gable,CompShg,BrkFace,Wd Sdng,BrkFace,0.0,TA,TA,BrkTil,TA,TA,No,LwQ,218,Unf,0,808,1026,GasA,TA,Y,SBrkr,1026,665,0,1691,0,0,2,0,3,1,Gd,6,Typ,1,Gd,Detchd,1924.0,Unf,1,308,TA,TA,Y,0,0,242,0,0,0,Gd,MnPrv,Shed,0,5,2010,WD,Normal,127000,0.33813237352529496,1691,2.0,100,0,0,1,0,0
382,20,FV,60.0,7200,Pave,Pave,Reg,Lvl,AllPub,Inside,Gtl,Somerst,Norm,Norm,1Fam,1Story,7,5,2006,2006,Gable,CompShg,VinylSd,VinylSd,BrkFace,0.0,Gd,TA,PConc,Gd,Gd,No,Unf,0,Unf,0,1293,1293,GasA,Ex,Y,SBrkr,1301,0,0,1301,1,0,2,0,2,1,Gd,5,Typ,1,Gd,Attchd,2006.0,RFn,2,572,TA,TA,Y,216,121,0,0,0,0,Gd,MnPrv,Shed,0,8,2006,New,Partial,187750,0.18066935147896127,1301,2.0,18,3,0,1,0,0
383,60,RL,79.0,9245,Pave,Grvl,IR1,Lvl,AllPub,Inside,Gtl,CollgCr,Norm,Norm,1Fam,2Story,7,5,2006,2006,Gable,CompShg,VinylSd,VinylSd,BrkFace,0.0,Gd,TA,PConc,Gd,TA,Av,Unf,0,Unf,0,939,939,GasA,Ex,Y,SBrkr,939,858,0,1797,0,0,2,1,3,1,Gd,8,Typ,0,Gd,Attchd,2006.0,RFn,2,639,TA,TA,Y,144,53,0,0,0,0,Gd,MnPrv,Shed,0,4,2007,WD,Normal,213500,0.1943543153796236,1797,2.5,18,0,0,0,1,0
384,45,RH,60.0,9000,Pave,Grvl,Reg,Lvl,AllPub,Corner,Gtl,SawyerW,Norm,Norm,1Fam,1.5Unf,6,3,1928,1950,Gable,CompShg,Wd Sdng,Wd Sdng,BrkFace,0.0,TA,TA,BrkTil,Fa,Fa,No,Unf,0,Unf,0,784,784,GasA,TA,N,FuseA,784,0,0,784,0,0,1,0,2,1,TA,5,Typ,0,Gd,Detchd,1950.0,Unf,2,360,Fa,Fa,N,0,0,91,0,0,0,Gd,MnPrv,Shed,0,10,2009,WD,Normal,76000,0.08710143317409176,784,1.0,96,4,0,0,0,0
385,60,RL,69.0,53107,Pave,Grvl,IR2,Low,AllPub,Corner,Mod,ClearCr,Feedr,Norm,1Fam,2Story,6,5,1992,1992,Gable,CompShg,HdBoard,HdBoard,BrkFace,0.0,Gd,TA,PConc,Gd,TA,Av,GLQ,985,Unf,0,595,1580,GasA,Ex,Y,SBrkr,1079,874,0,1953,1,0,2,1,3,1,Gd,9,Typ,2,Fa,Attchd,1992.0,Fin,2,501,TA,TA,Y,216,231,0,0,0,0,Gd,MnPrv,Shed,0,6,2007,WD,Normal,240000,0.0367741206597876,1953,2.5,32,0,0,0,2,2
386,120,RL,43.0,3182,Pave,Grvl,Reg,Lvl,AllPub,Inside,Gtl,Blmngtn,Norm,Norm,TwnhsE,1Story,8,5,2004,2005,Gable,CompShg,VinylSd,VinylSd,BrkFace,16.0,Gd,TA,PConc,Gd,TA,No,GLQ,24,Unf,0,1232,1256,GasA,Ex,Y,SBrkr,1269,0,0,1269,0,0,2,0,2,1,Gd,6,Typ,1,TA,Attchd,2004.0,Fin,2,430,TA,TA,Y,146,20,0,0,144,0,Gd,MnPrv,Shed,0,4,2010,WD,Normal,192000,0.3986804901036758,1269,2.0,20,0,0,0,0,0
387,50,RL,58.0,8410,Pave,Grvl,Reg,Lvl,AllPub,FR2,Gtl,Edwards,Feedr,Norm,1Fam,1.5Fin,5,3,1910,1996,Gambrel,CompShg,Wd Sdng,VinylSd,BrkFace,0.0,TA,Fa,PConc,TA,TA,No,Unf,0,Unf,0,658,658,GasA,TA,Y,SBrkr,658,526,0,1184,0,0,1,0,5,1,TA,8,Typ,0,Gd,Attchd,1980.0,Unf,0,0,TA,TA,N,0,151,0,0,0,0,Gd,MnPrv,Shed,0,5,2006,WD,AdjLand,81000,0.1407680418499584,1184,1.0,114,0,0,0,0,0
388,80,RL,72.0,7200,Pave,Grvl,Reg,Lvl,AllPub,Inside,Gtl,Edwards,Norm,Norm,1Fam,SLvl,6,6,1976,1976,Hip,CompShg,MetalSd,MetalSd,BrkFace,255.0,TA,TA,CBlock,TA,TA,Av,ALQ,631,Unf,0,410,1041,GasA,Ex,Y,SBrkr,1125,0,0,1125,1,0,1,0,3,1,TA,6,Typ,1,Fa,Detchd,1977.0,Unf,1,352,TA,TA,Y,296,0,0,0,0,0,Gd,GdWo,Shed,0,10,2009,WD,Abnorml,125000,0.15622830162477433,1125,1.0,48,0,0,0,0,0
389,20,RL,93.0,9382,Pave,Grvl,IR1,Lvl,AllPub,CulDSac,Gtl,CollgCr,Norm,Norm,1Fam,1Story,7,5,1999,2000,Gable,CompShg,VinylSd,VinylSd,BrkFace,125.0,Gd,TA,PConc,Gd,TA,No,Unf,0,Unf,0,1468,1468,GasA,Ex,Y,SBrkr,1479,0,0,1479,0,0,2,0,3,1,Gd,6,Typ,0,Gd,Attchd,1999.0,RFn,2,577,TA,TA,Y,120,25,0,0,0,0,Gd,MnPrv,Shed,0,7,2008,WD,Normal,191000,0.1576254929127145,1479,2.0,25,0,0,0,1,0
390,60,RL,96.0,12474,Pave,Grvl,Reg,Lvl,AllPub,Inside,Gtl,NridgHt,Norm,Norm,1Fam,2Story,10,5,2007,2008,Gable,CompShg,VinylSd,VinylSd,Stone,272.0,Ex,TA,PConc,Ex,TA,Av,GLQ,1280,Unf,0,402,1682,GasA,Ex,Y,SBrkr,1742,590,0,2332,1,0,2,1,3,1,Ex,9,Typ,1,Ex,BuiltIn,2008.0,Fin,3,846,TA,TA,Y,196,134,0,0,0,0,Gd,MnPrv,Shed,0,8,2008,New,Partial,426000,0.18693386773547094,2332,2.5,17,0,0,0,0,0
391,50,RL,50.0,8405,Pave,Grvl,Reg,Lvl,AllPub,Inside,Gtl,Edwards,Norm,Norm,1Fam,1.5Fin,5,8,1900,1950,Gable,CompShg,MetalSd,MetalSd,BrkFace,0.0,TA,TA,BrkTil,TA,Gd,No,Rec,241,BLQ,391,229,861,GasA,Ex,Y,SBrkr,961,406,0,1367,1,0,1,0,4,1,TA,7,Typ,0,Gd,Detchd,1978.0,Unf,1,384,TA,TA,Y,0,130,112,0,0,0,Gd,MnPrv,Shed,0,4,2008,WD,Normal,119000,0.16262193671187247,1367,1.0,124,0,0,0,0,0
392,60,RL,71.0,12209,Pave,Grvl,IR1,Lvl,AllPub,CulDSac,Gtl,Mitchel,Norm,Norm,1Fam,2Story,6,5,2001,2002,Gable,CompShg,VinylSd,VinylSd,BrkFace,0.0,TA,TA,PConc,Ex,TA,No,ALQ,690,Unf,0,114,804,GasA,Ex,Y,SBrkr,804,1157,0,1961,1,0,2,1,3,1,Gd,7,Typ,1,TA,BuiltIn,2001.0,Fin,2,560,TA,TA,Y,125,192,0,0,0,0,Gd,MnPrv,Shed,0,6,2009,WD,Normal,215000,0.1606060606060606,1961,2.5,23,0,0,0,1,0
393,20,RL,69.0,8339,Pave,Grvl,IR1,Lvl,AllPub,Inside,Gtl,NAmes,Norm,Norm,1Fam,1Story,5,7,1959,1959,Gable,CompShg,MetalSd,MetalSd,BrkFace,0.0,TA,TA,Slab,TA,TA,No,Unf,0,Unf,0,0,0,GasA,TA,Y,SBrkr,882,0,0,882,0,0,1,0,3,1,TA,5,Typ,0,Gd,Attchd,1959.0,RFn,1,294,TA,TA,Y,0,0,0,0,0,0,Gd,MnPrv,Shed,1200,7,2007,WD,Normal,106500,0.10575539568345324,882,1.0,65,0,0,0,1,0
394,30,RL,69.0,7446,Pave,Grvl,Reg,Lvl,AllPub,Corner,Gtl,BrkSide,Feedr,Norm,1Fam,1Story,4,5,1941,1950,Gable,CompShg,WdShing,Wd Shng,BrkFace,0.0,TA,TA,CBlock,TA,TA,No,Rec,266,Unf,0,522,788,GasA,TA,Y,FuseA,788,0,0,788,0,0,1,0,2,1,TA,4,Typ,2,TA,Attchd,1980.0,Unf,0,0,TA,TA,Y,0,0,0,0,0,0,Gd,GdWo,Shed,0,4,2006,WD,Abnorml,100000,0.10581442191486505,788,1.0,83,0,0,0,0,0
395,50,RL,60.0,10134,Pave,Grvl,Reg,Lvl,AllPub,Inside,Gtl,OldTown,Norm,Norm,1Fam,1.5Fin,5,6,1940,1950,Gable,CompShg,MetalSd,MetalSd,BrkFace,0.0,TA,TA,CBlock,TA,TA,No,Unf,0,Unf,0,735,735,GasA,Gd,Y,FuseA,735,299,0,1034,0,0,1,0,2,1,TA,5,Typ,0,Gd,Detchd,1940.0,Unf,1,240,TA,TA,Y,0,39,0,0,0,0,Gd,MnPrv,Shed,0,7,2007,WD,Normal,109000,0.10202269363591515,1034,1.0,84,0,0,0,0,0
396,20,RL,68.0,9571,Pave,Grvl,Reg,Lvl,AllPub,Inside,Gtl,Edwards,Norm,Norm,1Fam,1Story,5,6,1956,1956,Gable,CompShg,Wd Sdng,Wd Sdng,BrkFace,0.0,TA,TA,CBlock,TA,TA,Av,BLQ,739,Unf,0,405,1144,GasA,TA,Y,SBrkr,1144,0,0,1144,1,0,1,0,3,1,TA,6,Typ,0,Gd,Attchd,1956.0,Unf,1,596,TA,TA,Y,44,0,0,0,0,0,Gd,MnPrv,Shed,0,6,2010,WD,Normal,129000,0.11951525282072713,1144,1.0,68,0,0,0,0,0
397,20,RL,60.0,7200,Pave,Grvl,Reg,Low,AllPub,Inside,Gtl,CollgCr,Norm,Norm,1Fam,1Story,5,5,1972,1972,Hip,CompShg,MetalSd,MetalSd,BrkFace,0.0,TA,TA,CBlock,TA,TA,Av,Rec,777,Unf,0,117,894,GasA,TA,Y,SBrkr,894,0,0,894,0,0,1,0,2,1,TA,6,Typ,0,Gd,Detchd,1985.0,RFn,2,600,TA,TA,Y,215,0,0,0,0,0,Gd,MnPrv,Shed,0,9,2009,WD,Normal,123000,0.124149423691154,894,1.0,52,0,0,0,0,2
398,60,RL,69.0,7590,Pave,Grvl,Reg,Lvl,AllPub,Inside,Gtl,NAmes,PosN,Norm,1Fam,2Story,5,5,1962,1962,Gable,CompShg,VinylSd,VinylSd,BrkFace,288.0,TA,TA,CBlock,TA,TA,No,ALQ,540,Unf,0,324,864,GasA,TA,Y,SBrkr,876,936,0,1812,0,0,2,0,4,1,TA,8,Typ,1,TA,Attchd,1962.0,RFn,1,264,TA,TA,Y,0,168,0,0,0,0,Gd,MnPrv,Shed,0,7,2007,WD,Normal,169500,0.23870372809906468,1812,2.0,62,0,0,0,0,0
399,30,RM,60.0,8967,Pave,Grvl,Reg,Lvl,AllPub,Corner,Gtl,IDOTRR,Norm,Norm,1Fam,1Story,5,2,1920,1950,Gable,CompShg,MetalSd,MetalSd,BrkFace,0.0,TA,Fa,BrkTil,Fa,Po,No,Unf,0,Unf,0,961,961,GasA,Gd,Y,Mix,1077,0,0,1077,0,0,1,0,2,1,TA,6,Maj2,0,Gd,Detchd,1920.0,Unf,1,338,Po,Po,N,0,0,0,0,0,0,Gd,MnPrv,Shed,0,11,2007,WD,Abnorml,67000,0.12009366636931311,1077,1.0,104,1,0,0,0,0
400,60,FV,65.0,8125,Pave,Grvl,Reg,Lvl,AllPub,Inside,Gtl,Somerst,Norm,Norm,1Fam,2Story,7,5,2006,2007,Gable,CompShg,CemntBd,CmentBd,Stone,100.0,Gd,TA,PConc,Gd,TA,No,GLQ,812,Unf,0,280,1092,GasA,Ex,Y,SBrkr,1112,438,0,1550,1,0,2,0,2,1,Gd,7,Typ,0,Gd,Attchd,2007.0,Fin,2,438,TA,TA,Y,0,168,0,0,0,0,Gd,MnPrv,Shed,0,10,2009,WD,Normal,241000,0.1907457543686931,1550,2.0,18,3,0,0,0,0
401,120,RL,38.0,14963,Pave,Grvl,IR2,Lvl,AllPub,Inside,Gtl,Veenker,Norm,Norm,TwnhsE,1Story,8,5,1996,1996,Gable,CompShg,BrkFace,BrkFace,BrkFace,0.0,Gd,TA,PConc,Gd,TA,No,GLQ,786,Unf,0,474,1260,GasA,Ex,Y,SBrkr,1288,0,0,1288,1,0,1,1,1,1,Ex,4,Typ,2,Gd,Attchd,1996.0,Fin,2,500,TA,TA,Y,120,30,0,0,224,0,Gd,MnPrv,Shed,0,12,2008,WD,Normal,245500,0.08607324244854317,1288,1.5,28,0,0,0,2,0
402,20,RL,65.0,8767,Pave,Grvl,IR1,Lvl,AllPub,Inside,Gtl,CollgCr,Norm,Norm,1Fam,1Story,7,5,2005,2005,Gable,CompShg,VinylSd,VinylSd,BrkFace,0.0,Gd,TA,PConc,Gd,TA,Av,GLQ,24,Unf,0,1286,1310,GasA,Ex,Y,SBrkr,1310,0,0,1310,0,0,2,0,3,1,Gd,6,Typ,1,Gd,Attchd,2005.0,Fin,2,400,TA,TA,Y,0,0,0,0,0,0,Gd,MnPrv,Shed,0,7,2006,New,Partial,164990,0.14940693430656934,1310,2.0,19,0,0,0,1,0
403,30,RL,60.0,10200,Pave,Grvl,Reg,Lvl,AllPub,Inside,Gtl,Sawyer,Norm,Norm,1Fam,1Story,5,8,1940,1997,Gable,CompShg,Wd Sdng,Wd Sdng,BrkFace,0.0,TA,TA,PConc,TA,TA,No,Unf,0,Unf,0,672,672,GasA,Ex,Y,SBrkr,672,0,0,672,0,0,1,0,2,1,TA,4,Typ,0,Gd,Detchd,1940.0,Unf,1,240,TA,TA,N,168,0,0,0,0,0,Gd,GdPrv,Shed,0,8,2008,WD,Normal,108000,0.06587589452014508,672,1.0,84,0,0,0,0,0
404,60,RL,93.0,12090,Pave,Grvl,Reg,Lvl,AllPub,Corner,Gtl,NoRidge,Norm,Norm,1Fam,2Story,8,5,1998,1998,Hip,CompShg,VinylSd,VinylSd,BrkFace,650.0,Gd,TA,PConc,Gd,TA,No,Unf,0,Unf,0,1141,1141,GasA,Gd,Y,SBrkr,1165,1098,0,2263,0,0,2,1,4,1,Gd,10,Typ,1,TA,BuiltIn,1998.0,Fin,2,420,TA,TA,Y,144,123,0,0,0,0,Gd,MnPrv,Shed,0,7,2006,WD,Abnorml,258000,0.187164006285667,2263,2.5,26,0,0,0,0,0
405,60,RL,69.0,10364,Pave,Grvl,IR1,Lvl,AllPub,Inside,Gtl,Gilbert,Norm,Norm,1Fam,2Story,6,5,1995,1996,Gable,CompShg,MetalSd,MetalSd,BrkFace,0.0,TA,TA,PConc,Gd,TA,No,Unf,0,Unf,0,806,806,GasA,Gd,Y,SBrkr,806,766,0,1572,0,0,2,1,3,1,TA,7,Typ,1,TA,BuiltIn,1995.0,Fin,2,373,TA,TA,Y,0,40,0,0,0,0,Gd,MnPrv,Shed,0,5,2007,WD,Normal,168000,0.1516642547033285,1572,2.5,29,0,0,0,1,0
406,20,RL,69.0,9991,Pave,Grvl,IR1,Lvl,AllPub,Corner,Gtl,Sawyer,Feedr,Norm,1Fam,1Story,4,4,1976,1993,Gable,CompShg,Plywood,Plywood,BrkFace,0.0,TA,TA,CBlock,TA,TA,No,BLQ,1116,Unf,0,165,1281,GasA,Ex,Y,SBrkr,1620,0,0,1620,1,0,2,0,3,1,TA,8,Min1,1,TA,Attchd,1993.0,Unf,2,490,TA,TA,Y,120,78,0,0,0,0,Gd,GdWo,Shed,0,6,2009,WD,Normal,150000,0.16212970376301042,1620,2.0,48,0,0,0,1,0
407,50,RL,51.0,10480,Pave,Grvl,Reg,Lvl,AllPub,Inside,Gtl,SWISU,Norm,Norm,1Fam,1.5Fin,6,5,1936,1950,Gable,CompShg,MetalSd,MetalSd,BrkFace,0.0,TA,TA,BrkTil,TA,TA,No,Unf,0,Unf,0,1064,1064,GasA,Ex,Y,FuseA,1166,0,473,1639,0,0,1,0,3,1,TA,6,Maj2,0,Gd,Detchd,1936.0,Unf,1,240,TA,TA,Y,0,0,0,0,0,0,Gd,MnPrv,Shed,0,3,2008,WD,Normal,115000,0.15637820818624176,1166,1.0,88,0,0,0,0,0
408,70,RL,63.0,15576,Pave,Grvl,Reg,Lvl,AllPub,Inside,Gtl,Crawfor,Norm,Norm,1Fam,2Story,6,7,1915,1976,Gable,CompShg,Wd Sdng,Plywood,BrkFace,0.0,TA,TA,BrkTil,Gd,TA,No,Unf,0,Unf,0,840,840,GasA,Ex,Y,SBrkr,840,840,0,1680,0,0,2,0,4,1,TA,8,Typ,0,Gd,Attchd,1960.0,Unf,1,308,TA,TA,Y,0,0,160,0,0,0,Gd,MnPrv,Shed,0,3,2008,WD,Normal,177000,0.10785131925274444,1680,2.0,109,0,0,0,0,0
409,60,RL,109.0,14154,Pave,Grvl,Reg,Lvl,AllPub,Corner,Gtl,NridgHt,Norm,Norm,1Fam,2Story,7,5,2006,2006,Gable,CompShg,VinylSd,VinylSd,BrkFace,350.0,Gd,TA,PConc,Ex,Gd,No,Unf,0,Unf,0,1063,1063,GasA,Ex,Y,SBrkr,1071,1101,0,2172,0,0,2,1,3,1,Gd,9,Typ,1,Gd,Attchd,2006.0,RFn,3,947,TA,TA,Y,192,62,0,0,0,0,Gd,MnPrv,Shed,0,8,2007,New,Partial,280000,0.15344401271635463,2172,2.5,18,0,0,0,0,0
410,60,FV,85.0,10800,Pave,Grvl,Reg,Lvl,AllPub,Inside,Gtl,Somerst,Norm,Norm,1Fam,2Story,8,5,2007,2008,Gable,CompShg,VinylSd,VinylSd,Stone,100.0,Gd,TA,PConc,Ex,TA,No,GLQ,789,Unf,0,245,1034,GasA,Ex,Y,SBrkr,1050,1028,0,2078,1,0,2,1,3,1,Ex,8,Typ,1,Gd,Attchd,2008.0,Fin,3,836,TA,TA,Y,0,102,0,0,0,0,Gd,MnPrv,Shed,0,4,2008,New,Partial,339750,0.1923895935561522,2078,2.5,17,3,0,0,0,0
411,20,RL,68.0,9571,Pave,Grvl,Reg,Lvl,AllPub,Inside,Gtl,Edwards,Norm,Norm,1Fam,1Story,5,3,1958,1958,Gable,CompShg,BrkComm,Brk Cmn,BrkFace,0.0,TA,Fa,CBlock,TA,Fa,No,Unf,0,Unf,0,1276,1276,GasA,TA,Y,FuseA,1276,0,0,1276,0,0,1,0,3,1,TA,5,Mod,0,Gd,Attchd,1958.0,Unf,1,350,TA,TA,Y,0,0,0,0,0,0,Gd,MnPrv,Shed,0,6,2009,COD,Abnorml,60000,0.13330547430004178,1276,1.0,66,0,0,0,0,0
412,190,RL,100.0,34650,Pave,Grvl,Reg,Bnk,AllPub,Inside,Gtl,Gilbert,Norm,Norm,2fmCon,1Story,5,5,1955,1955,Hip,CompShg,Wd Sdng,Wd Sdng,BrkFace,0.0,TA,TA,CBlock,TA,TA,Mn,Rec,1056,Unf,0,0,1056,GasA,TA,N,SBrkr,1056,0,0,1056,1,0,1,0,3,1,TA,5,Typ,0,Gd,Attchd,1955.0,Fin,2,572,TA,TA,Y,264,0,0,0,0,0,Gd,MnPrv,Shed,0,1,2006,WD,Normal,145000,0.030475310957836715,1056,1.0,69,0,0,0,0,1
413,20,FV,69.0,4403,Pave,Grvl,IR2,Lvl,AllPub,Inside,Gtl,Somerst,Norm,Norm,1Fam,1Story,7,5,2009,2009,Gable,CompShg,MetalSd,MetalSd,Stone,432.0,Ex,TA,PConc,Ex,TA,Av,GLQ,578,Unf,0,892,1470,GasA,Ex,Y,SBrkr,1478,0,0,1478,1,0,2,1,2,1,Gd,7,Typ,1,Gd,Attchd,2009.0,Fin,2,484,TA,TA,Y,0,144,0,0,0,0,Gd,MnPrv,Shed,0,6,2010,New,Partial,222000,0.33560399636693916,1478,2.5,15,3,0,0,2,0
414,30,RM,56.0,8960,Pave,Grvl,Reg,Lvl,AllPub,Inside,Gtl,OldTown,Artery,Norm,1Fam,1Story,5,6,1927,1950,Gable,CompShg,WdShing,Wd Shng,BrkFace,0.0,TA,TA,CBlock,TA,TA,No,Unf,0,Unf,0,1008,1008,GasA,Gd,Y,FuseA,1028,0,0,1028,0,0,1,0,2,1,TA,5,Typ,1,Gd,Detchd,1927.0,Unf,2,360,TA,TA,Y,0,0,130,0,0,0,Gd,MnPrv,Shed,0,3,2010,WD,Normal,115000,0.11471933935944649,1028,1.0,97,1,0,0,0,0
415,60,RL,59.0,11228,Pave,Grvl,IR2,Lvl,AllPub,CulDSac,Gtl,SawyerW,Norm,Norm,1Fam,2Story,7,5,1993,1993,Gable,CompShg,VinylSd,VinylSd,BrkFace,0.0,Gd,TA,PConc,Gd,TA,No,BLQ,50,GLQ,531,499,1080,GasA,Ex,Y,SBrkr,1080,1017,0,2097,0,1,2,1,3,1,Gd,9,Typ,1,TA,Attchd,1993.0,Unf,3,678,TA,TA,Y,196,187,0,0,0,0,Gd,MnPrv,Shed,0,12,2008,WD,Normal,228000,0.18674859738177932,2097,2.5,31,0,0,0,2,0
416,20,RL,73.0,8899,Pave,Grvl,IR1,Lvl,AllPub,Inside,Gtl,Gilbert,Norm,Norm,1Fam,1Story,7,5,2007,2007,Gable,CompShg,VinylSd,VinylSd,BrkFace,0.0,Gd,TA,PConc,Gd,TA,Av,GLQ,24,Unf,0,1316,1340,GasA,Ex,Y,SBrkr,1340,0,0,1340,0,0,2,0,3,1,Gd,6,Typ,0,Gd,Attchd,2007.0,Fin,2,396,TA,TA,Y,100,30,0,0,0,0,Gd,MnPrv,Shed,0,8,2007,New,Partial,181134,0.15056179775280898,1340,2.0,17,0,0,0,1,0
417,60,RL,74.0,7844,Pave,Grvl,Reg,Lvl,AllPub,Inside,Gtl,Sawyer,Norm,Norm,1Fam,2Story,6,7,1978,1978,Hip,CompShg,HdBoard,HdBoard,BrkFace,203.0,TA,TA,CBlock,TA,TA,No,ALQ,209,Unf,0,463,672,GasA,TA,Y,SBrkr,672,728,0,1400,0,0,1,1,3,1,TA,6,Typ,1,TA,Attchd,1978.0,Fin,2,440,TA,TA,Y,0,0,0,0,0,0,Gd,MnPrv,Shed,0,3,2006,WD,Normal,149500,0.17845761631612492,1400,1.5,46,0,0,0,0,0
418,70,RL,86.0,22420,Pave,Grvl,IR1,Lvl,AllPub,Inside,Gtl,Crawfor,Feedr,Norm,1Fam,2Story,6,6,1918,1950,Hip,CompShg,Wd Sdng,Stucco,BrkFace,0.0,TA,TA,BrkTil,Gd,TA,No,BLQ,1128,Unf,0,242,1370,GasW,TA,N,FuseA,1370,1254,0,2624,1,0,2,1,4,1,TA,10,Typ,1,Gd,Detchd,1918.0,Unf,3,864,TA,TA,N,0,0,0,0,0,0,Gd,MnPrv,Shed,0,11,2007,WD,Normal,239000,0.11703313857544266,2624,2.5,106,0,0,0,1,0
419,50,RL,60.0,8160,Pave,Grvl,Reg,Lvl,AllPub,Inside,Gtl,Edwards,Norm,Norm,1Fam,1.5Fin,5,6,1940,1950,Gable,CompShg,MetalSd,MetalSd,BrkFace,0.0,TA,TA,BrkTil,TA,TA,No,ALQ,312,Unf,0,444,756,GasA,Fa,N,FuseF,756,378,0,1134,1,0,1,1,3,1,TA,7,Typ,0,Gd,Detchd,1940.0,Unf,1,240,TA,TA,P,0,0,0,0,0,0,Gd,MnPrv,Shed,0,4,2007,WD,AdjLand,126000,0.13895355961279254,1134,1.5,84,0,0,0,0,0
420,20,RL,65.0,8450,Pave,Grvl,Reg,Lvl,AllPub,Inside,Gtl,NAmes,Norm,Norm,1Fam,1Story,5,6,1968,1968,Gable,CompShg,VinylSd,VinylSd,BrkFace,0.0,TA,TA,CBlock,TA,TA,No,BLQ,775,Unf,0,281,1056,GasA,Ex,Y,SBrkr,1056,0,0,1056,1,0,1,0,3,1,TA,6,Typ,1,Fa,Attchd,1968.0,Unf,1,304,TA,TA,Y,0,85,184,0,0,0,Gd,MnPrv,Shed,0,7,2010,WD,Normal,142000,0.12495562655307065,1056,1.0,56,0,0,0,0,0
421,90,RM,78.0,7060,Pave,Grvl,Reg,Lvl,AllPub,Inside,Gtl,Mitchel,Norm,Norm,Duplex,SFoyer,7,5,1997,1998,Gable,CompShg,VinylSd,VinylSd,BrkFace,200.0,TA,Gd,PConc,Gd,Gd,Gd,GLQ,1309,Unf,0,35,1344,GasA,Ex,Y,SBrkr,1344,0,0,1344,2,0,2,0,2,2,TA,8,Typ,0,Gd,Attchd,1997.0,Fin,4,784,TA,TA,Y,0,0,0,0,0,0,Gd,MnPrv,Shed,0,11,2008,WD,Alloca,206300,0.19034131142897606,1344,2.0,27,1,0,0,0,0
422,20,RL,69.0,16635,Pave,Grvl,IR1,Lvl,AllPub,FR2,Gtl,NWAmes,Norm,Norm,1Fam,1Story,6,7,1977,2000,Gable,CompShg,CemntBd,CmentBd,Stone,126.0,Gd,TA,CBlock,Gd,TA,No,ALQ,1246,Unf,0,356,1602,GasA,Gd,Y,SBrkr,1602,0,0,1602,0,1,2,0,3,1,Gd,8,Typ,1,TA,Attchd,1977.0,Fin,2,529,TA,TA,Y,240,0,0,0,0,0,Gd,MnPrv,Shed,0,6,2009,WD,Normal,215000,0.09629718682375571,1602,2.0,47,0,0,0,1,0
423,20,RL,100.0,21750,Pave,Grvl,Reg,HLS,AllPub,Inside,Mod,Mitchel,Artery,Norm,1Fam,1Story,5,5,1954,1954,Hip,CompShg,HdBoard,HdBoard,BrkFace,0.0,TA,TA,CBlock,TA,TA,No,Unf,0,Unf,0,988,988,GasA,Ex,Y,FuseA,988,0,0,988,0,0,1,0,2,1,TA,4,Typ,0,Gd,Attchd,1954.0,RFn,2,520,TA,TA,N,0,0,0,0,0,0,Gd,MnPrv,Shed,0,2,2008,WD,Normal,113000,0.045423198933382376,988,1.0,70,0,0,0,0,3
424,60,RL,80.0,9200,Pave,Grvl,Reg,Lvl,AllPub,Inside,Gtl,NoRidge,Norm,Norm,1Fam,2Story,8,5,1998,1998,Gable,CompShg,VinylSd,VinylSd,BrkFace,473.0,Gd,TA,PConc,Gd,TA,No,GLQ,986,Unf,0,484,1470,GasA,Gd,Y,SBrkr,1470,1160,0,2630,1,0,2,1,4,1,Gd,8,Typ,1,TA,Attchd,1998.0,Fin,3,696,TA,TA,Y,0,66,0,0,0,0,Gd,MnPrv,Shed,0,6,2008,WD,Normal,315000,0.2858384958156722,2630,2.5,26,0,0,0,0,0
425,20,RL,72.0,9000,Pave,Grvl,Reg,Lvl,AllPub,Inside,Gtl,NAmes,Norm,Norm,1Fam,1Story,6,5,1956,1956,Gable,CompShg,Wd Sdng,Wd Sdng,BrkFace,74.0,TA,TA,CBlock,Gd,TA,No,LwQ,616,Unf,0,580,1196,GasA,Gd,Y,FuseA,1196,0,0,1196,1,0,1,0,2,1,TA,6,Typ,1,Gd,Attchd,1956.0,RFn,1,297,TA,TA,Y,0,44,0,0,0,0,Gd,MnPrv,Shed,0,5,2008,WD,Normal,139000,0.13287412509721142,1196,1.0,68,0,0,0,0,0
426,60,RM,60.0,3378,Pave,Grvl,Reg,HLS,AllPub,Inside,Gtl,OldTown,Norm,Norm,1Fam,2Story,7,8,1946,1992,Gable,CompShg,HdBoard,HdBoard,BrkFace,0.0,TA,Gd,CBlock,TA,TA,No,Unf,0,Unf,0,651,651,GasA,Gd,Y,SBrkr,707,682,0,1389,0,0,1,1,3,1,TA,6,Typ,2,Gd,Detchd,1947.0,Unf,1,240,TA,TA,P,0,0,126,0,0,0,Gd,MnPrv,Shed,0,9,2009,WD,Normal,135000,0.4110683634211305,1389,1.5,78,1,0,0,0,3
427,80,RL,69.0,12800,Pave,Grvl,Reg,Low,AllPub,Inside,Mod,SawyerW,Norm,Norm,1Fam,SLvl,7,5,1989,1989,Gable,CompShg,Wd Sdng,Wd Sdng,BrkFace,145.0,Gd,TA,PConc,Gd,TA,Gd,GLQ,1518,Unf,0,0,1518,GasA,Gd,Y,SBrkr,1644,0,0,1644,1,1,2,0,2,1,Gd,5,Typ,1,TA,Attchd,1989.0,Fin,2,569,TA,TA,Y,80,0,0,0,396,0,Gd,MnPrv,Shed,0,8,2009,WD,Normal,275000,0.12842746660417154,1644,2.0,35,0,0,0,0,2
428,20,RL,77.0,8593,Pave,Grvl,IR1,Lvl,AllPub,Inside,Gtl,NAmes,Norm,Norm,1Fam,1Story,4,6,1957,1957,Hip,CompShg,MetalSd,MetalSd,BrkFace,0.0,TA,TA,CBlock,TA,TA,No,Rec,288,Unf,0,619,907,GasA,Ex,Y,SBrkr,907,0,0,907,0,0,1,0,3,1,TA,5,Typ,0,Gd,Detchd,1964.0,Unf,1,352,TA,TA,Y,0,0,0,0,0,0,Gd,MnPrv,Shed,0,7,2008,WD,Normal,109008,0.1055387479636956,907,1.0,67,0,0,0,1,0
429,20,RL,64.0,6762,Pave,Grvl,Reg,Lvl,AllPub,Inside,Gtl,CollgCr,Norm,Norm,1Fam,1Story,7,5,2007,2007,Gable,CompShg,VinylSd,VinylSd,BrkFace,108.0,Gd,TA,PConc,Gd,TA,No,GLQ,664,Unf,0,544,1208,GasA,Ex,Y,SBrkr,1208,0,0,1208,1,0,2,0,2,1,Gd,6,Typ,0,Gd,Attchd,2007.0,RFn,2,628,TA,TA,Y,105,54,0,0,0,0,Gd,MnPrv,Shed,0,9,2007,New,Partial,195400,0.17861895608457784,1208,2.0,17,0,0,0,0,0
430,20,RL,130.0,11457,Pave,Grvl,IR1,Lvl,AllPub,Corner,Gtl,Timber,Norm,Norm,1Fam,1Story,6,5,1988,1988,Gable,CompShg,HdBoard,HdBoard,BrkFace,0.0,TA,TA,CBlock,Gd,TA,Mn,GLQ,1005,Unf,0,387,1392,GasA,TA,Y,SBrkr,1412,0,0,1412,1,0,2,0,3,1,Gd,6,Typ,1,TA,Attchd,1988.0,Unf,2,576,TA,TA,Y,0,0,169,0,0,0,Gd,MnPrv,Shed,0,3,2009,WD,Normal,175000,0.12323267585966137,1412,2.0,36,0,0,0,1,0
431,160,RM,21.0,1680,Pave,Grvl,Reg,Lvl,AllPub,Inside,Gtl,BrDale,Norm,Norm,Twnhs,2Story,6,5,1971,1971,Gable,CompShg,HdBoard,HdBoard,BrkFace,232.0,TA,TA,CBlock,TA,TA,No,ALQ,387,Unf,0,96,483,GasA,TA,Y,SBrkr,483,504,0,987,0,0,1,1,2,1,TA,4,Typ,0,Gd,Detchd,1971.0,Unf,1,264,TA,TA,Y,0,0,0,0,0,0,Gd,MnPrv,Shed,0,7,2008,COD,Abnorml,85400,0.5871505056513979,987,1.5,53,1,0,0,0,0
432,50,RM,60.0,5586,Pave,Grvl,IR1,Bnk,AllPub,Inside,Gtl,OldTown,Feedr,Norm,1Fam,1.5Fin,6,7,1920,1998,Gable,CompShg,MetalSd,MetalSd,BrkFace,0.0,TA,TA,BrkTil,TA,TA,No,Unf,0,Unf,0,901,901,GasA,Gd,Y,SBrkr,1088,110,0,1198,0,0,1,0,4,1,TA,7,Typ,0,Gd,Attchd,1980.0,Unf,0,0,TA,TA,N,0,98,0,0,0,0,Gd,MnPrv,Shed,0,9,2008,ConLD,Abnorml,79900,0.214426346876678,1198,1.0,104,1,0,0,1,1
433,160,RM,24.0,1920,Pave,Grvl,Reg,Lvl,AllPub,Inside,Gtl,BrDale,Norm,Norm,TwnhsE,2Story,5,5,1971,1971,Gable,CompShg,HdBoard,HdBoard,BrkFace,376.0,TA,TA,CBlock,TA,TA,No,ALQ,471,Unf,0,294,765,GasA,Ex,Y,SBrkr,765,600,0,1365,1,0,1,1,2,1,TA,6,Min1,0,Gd,Detchd,1971.0,Unf,2,440,TA,TA,Y,240,36,0,0,0,0,Gd,MnPrv,Shed,0,8,2007,WD,Normal,122500,0.7105674128058302,1365,1.5,53,1,0,0,0,0
434,60,RL,100.0,10839,Pave,Grvl,IR1,Lvl,AllPub,Corner,Gtl,Gilbert,Norm,Norm,1Fam,2Story,6,5,1997,1998,Gable,CompShg,VinylSd,VinylSd,BrkFace,0.0,TA,TA,PConc,Gd,TA,No,Unf,0,Unf,0,926,926,GasA,Ex,Y,SBrkr,926,678,0,1604,0,0,2,1,3,1,TA,7,Typ,1,TA,Attchd,1997.0,Fin,2,470,TA,TA,Y,0,36,0,0,0,0,Gd,MnPrv,Shed,0,7,2008,WD,Normal,181000,0.14797047970479704,1604,2.5,27,0,0,0,1,0
435,180,RM,21.0,1890,Pave,Grvl,Reg,Lvl,AllPub,Inside,Gtl,MeadowV,Norm,Norm,Twnhs,SFoyer,4,7,1972,1972,Gable,CompShg,CemntBd,CmentBd,BrkFace,0.0,TA,Gd,CBlock,Gd,TA,Av,ALQ,495,Unf,0,135,630,GasA,Gd,Y,SBrkr,630,0,0,630,1,0,1,0,1,1,TA,3,Typ,0,Gd,Attchd,1980.0,Unf,0,0,TA,TA,Y,88,0,0,0,0,0,Gd,MnPrv,Shed,0,6,2008,WD,Normal,81000,0.3331570597567425,630,1.0,52,1,0,0,0,0
436,60,RL,43.0,10667,Pave,Grvl,IR2,Lvl,AllPub,CulDSac,Gtl,CollgCr,PosN,Norm,1Fam,2Story,7,6,1996,1996,Gable,CompShg,VinylSd,VinylSd,BrkFace,0.0,Gd,TA,PConc,Gd,TA,Av,GLQ,385,ALQ,344,70,799,GasA,Ex,Y,SBrkr,827,834,0,1661,1,0,2,1,3,1,Gd,6,Typ,1,TA,Attchd,1996.0,RFn,2,550,TA,TA,Y,158,61,0,0,0,0,Gd,MnPrv,Shed,0,4,2009,ConLw,Normal,212000,0.15569928758905136,1661,2.5,28,0,0,0,2,0
437,50,RM,40.0,4400,Pave,Grvl,Reg,Lvl,AllPub,Inside,Gtl,OldTown,Norm,Norm,1Fam,1.5Fin,6,8,1920,1950,Gable,CompShg,Stucco,Stucco,BrkFace,0.0,TA,TA,BrkTil,Fa,TA,No,Unf,0,Unf,0,648,648,GasA,TA,Y,FuseA,734,384,0,1118,0,0,1,0,2,1,TA,6,Typ,0,Gd,Detchd,1990.0,Unf,2,440,TA,TA,Y,0,0,0,0,0,0,Gd,MnPrv,Shed,0,10,2006,WD,Normal,116000,0.254033174278573,1118,1.0,104,1,0,0,0,0
438,45,RM,50.0,6000,Pave,Grvl,Reg,Lvl,AllPub,Inside,Gtl,BrkSide,Norm,Norm,1Fam,1.5Unf,6,7,1926,2004,Gable,CompShg,Wd Sdng,Wd Sdng,BrkFace,0.0,Gd,TA,PConc,TA,TA,No,Unf,0,Unf,0,884,884,GasA,Gd,Y,SBrkr,904,0,0,904,0,0,1,0,2,1,TA,4,Typ,0,Gd,Detchd,1926.0,Unf,1,180,TA,TA,Y,0,0,105,0,0,0,Gd,MnPrv,Shed,0,1,2009,WD,Normal,119000,0.1506415597400433,904,1.0,98,1,0,0,0,0
439,30,RL,40.0,4280,Pave,Grvl,Reg,Lvl,AllPub,Inside,Gtl,Crawfor,Norm,Norm,1Fam,1Story,5,6,1913,2002,Gable,CompShg,WdShing,Stucco,BrkFace,0.0,TA,TA,PConc,TA,TA,No,LwQ,365,Unf,0,75,440,GasA,TA,N,SBrkr,694,0,0,694,0,0,1,0,2,1,Gd,4,Typ,1,Gd,Detchd,1990.0,Unf,1,352,Gd,TA,P,0,0,34,0,0,0,Gd,MnPrv,Shed,0,3,2007,WD,Normal,90350,0.16211165615510395,694,1.0,111,0,0,0,0,0
440,50,RL,67.0,12354,Pave,Grvl,Reg,Lvl,AllPub,Corner,Gtl,Edwards,Norm,Norm,1Fam,1.5Fin,6,8,1920,2000,Gable,CompShg,Wd Sdng,Wd Sdng,BrkFace,0.0,TA,TA,BrkTil,TA,Fa,Mn,Unf,0,Unf,0,684,684,GasA,Gd,Y,SBrkr,684,512,0,1196,0,0,1,0,3,1,Gd,7,Typ,0,Gd,Detchd,2005.0,Unf,2,528,TA,TA,Y,0,46,0,0,0,0,Gd,GdPrv,Shed,800,8,2009,ConLI,Normal,110000,0.09680291380008094,1196,1.0,104,0,0,0,0,0
441,20,RL,105.0,15431,Pave,Grvl,Reg,Lvl,AllPub,Inside,Gtl,NridgHt,Norm,Norm,1Fam,1Story,10,5,2008,2008,Hip,CompShg,VinylSd,VinylSd,Stone,200.0,Ex,TA,PConc,Ex,TA,Gd,GLQ,1767,ALQ,539,788,3094,GasA,Ex,Y,SBrkr,2402,0,0,2402,1,0,2,0,2,1,Ex,10,Typ,2,Gd,Attchd,2008.0,Fin,3,672,TA,TA,Y,0,72,0,0,170,0,Gd,MnPrv,Shed,0,4,2009,WD,Normal,555000,0.15565059616381544,2402,2.0,16,0,0,0,0,0
442,90,RL,92.0,12108,Pave,Grvl,Reg,Lvl,AllPub,Inside,Gtl,Edwards,Norm,Norm,Duplex,1Story,4,4,1955,1955,Gable,CompShg,VinylSd,VinylSd,BrkFace,270.0,TA,TA,CBlock,TA,TA,No,ALQ,133,Unf,0,1307,1440,GasA,TA,N,FuseF,1440,0,0,1440,0,0,2,0,4,2,Fa,8,Typ,0,Gd,Attchd,1980.0,Unf,0,0,TA,TA,Y,0,0,0,0,0,0,Gd,MnPrv,Shed,0,9,2008,WD,Normal,118000,0.11891981171029813,1440,2.0,69,0,0,0,0,0
443,50,RM,52.0,6240,Pave,Grvl,Reg,Lvl,AllPub,Inside,Gtl,BrkSide,Norm,Norm,1Fam,1.5Fin,5,7,1930,1992,Gable,CompShg,MetalSd,MetalSd,BrkFace,0.0,TA,TA,PConc,TA,TA,No,Unf,0,Unf,0,1078,1078,GasA,TA,Y,SBrkr,1128,445,0,1573,0,0,2,0,3,1,TA,8,Typ,1,Gd,Detchd,1930.0,Unf,2,360,TA,TA,P,0,0,0,0,0,0,Gd,MnPrv,Shed,0,6,2008,WD,Normal,162900,0.2520429418362442,1573,2.0,94,1,0,0,0,0
444,120,RL,53.0,3922,Pave,Grvl,Reg,Lvl,AllPub,Inside,Gtl,Blmngtn,Norm,Norm,TwnhsE,1Story,7,5,2006,2007,Gable,CompShg,WdShing,Wd Shng,BrkFace,72.0,Gd,TA,PConc,Ex,TA,Av,Unf,0,Unf,0,1258,1258,GasA,Ex,Y,SBrkr,1258,0,0,1258,0,0,2,0,2,1,Gd,6,Typ,1,Gd,Attchd,2007.0,Fin,3,648,TA,TA,Y,144,16,0,0,0,0,Gd,MnPrv,Shed,0,6,2007,New,Partial,172500,0.32067295437165433,1258,2.0,18,0,0,0,0,0
445,60,RL,70.0,8750,Pave,Grvl,Reg,Lvl,AllPub,Inside,Gtl,CollgCr,Norm,Norm,1Fam,2Story,7,5,1994,1995,Gable,CompShg,VinylSd,VinylSd,BrkFace,0.0,Gd,Gd,PConc,Gd,TA,No,GLQ,642,Unf,0,273,915,GasA,Ex,Y,SBrkr,933,975,0,1908,1,0,2,1,4,1,Gd,8,Typ,1,TA,Attchd,1994.0,Unf,2,493,TA,TA,Y,144,133,0,0,0,0,Gd,MnPrv,Shed,0,7,2008,WD,Normal,210000,0.21803222488858418,1908,2.5,30,0,0,0,0,0
446,20,RL,73.0,9855,Pave,Grvl,Reg,Lvl,AllPub,Corner,Gtl,Edwards,Norm,Norm,1Fam,1Story,6,5,1956,1956,Hip,CompShg,Wd Sdng,Wd Sdng,BrkFace,0.0,TA,TA,CBlock,TA,TA,No,Unf,0,Unf,0,1436,1436,GasA,Fa,Y,SBrkr,1689,0,0,1689,0,0,1,0,3,1,TA,7,Typ,1,Gd,Attchd,1956.0,Unf,2,480,TA,TA,Y,0,0,0,0,0,0,Gd,MnPrv,Shed,0,11,2009,COD,Normal,127500,0.17136769480519481,1689,1.0,68,0,0,0,0,0
447,20,RL,137.0,16492,Pave,Grvl,IR1,Lvl,AllPub,Corner,Gtl,NAmes,PosA,Norm,1Fam,1Story,6,6,1966,2002,Gable,CompShg,BrkFace,Plywood,BrkFace,0.0,Gd,TA,CBlock,TA,TA,No,ALQ,247,Rec,713,557,1517,GasA,Ex,Y,SBrkr,1888,0,0,1888,0,0,2,1,2,1,Gd,6,Mod,1,Gd,Attchd,1966.0,Fin,2,578,TA,TA,Y,0,0,0,0,0,0,Gd,MnPrv,Shed,0,6,2010,WD,Normal,190000,0.11447280664524344,1888,2.5,58,0,0,0,1,0
448,60,RL,69.0,11214,Pave,Grvl,IR1,Lvl,AllPub,Corner,Gtl,Gilbert,Norm,Norm,1Fam,2Story,7,5,1998,1999,Gable,CompShg,VinylSd,VinylSd,BrkFace,0.0,Gd,TA,PConc,Gd,TA,No,Unf,0,Unf,0,930,930,GasA,Gd,Y,SBrkr,956,930,0,1886,0,0,2,1,4,1,Gd,10,Typ,1,TA,Attchd,1998.0,Fin,2,431,TA,TA,Y,89,0,0,0,0,0,Gd,MnPrv,Shed,0,7,2006,WD,Normal,199900,0.16816763263486403,1886,2.5,26,0,0,0,1,0
449,50,RM,50.0,8600,Pave,Grvl,Reg,Bnk,AllPub,Inside,Gtl,IDOTRR,Norm,Norm,1Fam,1.5Fin,6,6,1937,1950,Gable,CompShg,MetalSd,MetalSd,BrkFace,0.0,TA,TA,BrkTil,TA,TA,No,Unf,0,Unf,0,780,780,GasA,TA,Y,SBrkr,780,596,0,1376,0,0,2,0,3,1,TA,7,Typ,1,Gd,Detchd,1937.0,Unf,1,198,TA,TA,N,0,0,0,0,0,0,Gd,MnPrv,Shed,0,6,2006,WD,Normal,119500,0.15998139751191723,1376,2.0,87,1,0,0,0,1
450,50,RM,50.0,6000,Pave,Grvl,Reg,Lvl,AllPub,Inside,Gtl,OldTown,Norm,Norm,1Fam,1.5Fin,3,7,1948,2002,Gable,CompShg,MetalSd,MetalSd,BrkFace,0.0,TA,Gd,CBlock,TA,TA,No,ALQ,331,Unf,0,318,649,GasA,Ex,Y,SBrkr,679,504,0,1183,0,0,1,1,2,1,TA,6,Typ,0,Gd,Detchd,1981.0,Unf,1,308,TA,TA,Y,0,176,0,0,0,0,Gd,MnPrv,Shed,0,6,2007,WD,Normal,120000,0.19713381103149474,1183,1.5,76,1,0,0,0,0
451,30,RM,70.0,5684,Pave,Grvl,Reg,Lvl,AllPub,Inside,Gtl,OldTown,Norm,Norm,1Fam,1Story,6,8,1930,2005,Hip,CompShg,Wd Sdng,Wd Sdng,BrkFace,0.0,TA,TA,BrkTil,TA,TA,No,Unf,0,Unf,0,813,813,GasA,Ex,Y,FuseA,813,0,0,813,0,0,1,0,2,1,Gd,5,Typ,0,Gd,Detchd,1932.0,Unf,1,270,Fa,Fa,N,0,113,0,0,0,0,Gd,MnPrv,Shed,0,6,2006,WD,Normal,110000,0.14300791556728232,813,1.0,94,1,0,0,0,0
452,20,RL,62.0,70761,Pave,Grvl,IR1,Low,AllPub,Inside,Mod,ClearCr,Norm,Norm,1Fam,1Story,7,5,1975,1975,Gable,WdShngl,Plywood,Plywood,BrkFace,0.0,TA,TA,CBlock,Gd,TA,Gd,ALQ,655,Unf,0,878,1533,GasA,TA,Y,SBrkr,1533,0,0,1533,1,0,2,0,2,1,Gd,5,Typ,2,TA,Attchd,1975.0,Unf,2,576,TA,TA,Y,200,54,0,0,0,0,Gd,MnPrv,Shed,0,12,2006,WD,Normal,280000,0.02166417003476442,1533,2.0,49,0,0,0,1,2
453,60,RL,69.0,9303,Pave,Grvl,IR1,Lvl,AllPub,Corner,Gtl,Timber,Norm,Norm,1Fam,2Story,6,5,1996,1997,Hip,CompShg,VinylSd,VinylSd,BrkFace,42.0,Gd,TA,PConc,Ex,TA,No,ALQ,742,Unf,0,130,872,GasA,Ex,Y,SBrkr,888,868,0,1756,1,0,2,1,3,1,TA,7,Typ,0,Gd,Attchd,1996.0,Fin,2,422,TA,TA,Y,144,122,0,0,0,0,Gd,MnPrv,Shed,0,7,2007,WD,Normal,204000,0.18873602751504728,1756,2.5,28,0,0,0,1,0
454,60,FV,75.0,9000,Pave,Grvl,Reg,Lvl,AllPub,Inside,Gtl,Somerst,Norm,Norm,1Fam,2Story,8,5,2008,2008,Gable,CompShg,VinylSd,VinylSd,BrkFace,0.0,Gd,TA,PConc,Gd,TA,No,Unf,0,Unf,0,768,768,GasA,Ex,Y,SBrkr,786,804,0,1590,0,0,2,1,3,1,Gd,6,Typ,0,Gd,Attchd,2008.0,RFn,2,676,TA,TA,Y,0,30,0,0,0,0,Gd,MnPrv,Shed,0,6,2009,WD,Normal,210000,0.17664703921786468,1590,2.5,16,3,0,0,0,0
455,90,RL,63.0,9297,Pave,Grvl,Reg,Lvl,AllPub,Inside,Gtl,Mitchel,Norm,Norm,Duplex,1Story,5,5,1976,1976,Gable,CompShg,Plywood,Plywood,BrkFace,0.0,TA,TA,CBlock,TA,TA,No,ALQ,1606,Unf,0,122,1728,GasA,TA,Y,SBrkr,1728,0,0,1728,2,0,2,0,4,2,TA,8,Typ,0,Gd,Detchd,1976.0,Unf,2,560,TA,TA,Y,0,0,0,0,0,0,Gd,MnPrv,Shed,0,7,2006,WD,Family,188000,0.18584641858464185,1728,2.0,48,0,0,0,0,0
456,20,RL,80.0,9600,Pave,Grvl,Reg,Lvl,AllPub,Inside,Gtl,NWAmes,Norm,Norm,1Fam,1Story,7,6,1973,1973,Hip,CompShg,HdBoard,HdBoard,BrkFace,320.0,TA,TA,CBlock,TA,TA,No,ALQ,916,Unf,0,326,1242,GasA,Fa,Y,SBrkr,1242,0,0,1242,0,0,1,1,3,1,TA,6,Typ,1,TA,Attchd,1973.0,Unf,2,528,TA,TA,Y,0,0,0,0,0,0,Gd,MnPrv,Shed,0,9,2007,WD,Normal,175500,0.12936152484116237,1242,1.5,51,0,0,0,0,0
457,70,RM,34.0,4571,Pave,Grvl,Reg,Lvl,AllPub,Inside,Gtl,OldTown,Norm,Norm,1Fam,2Story,5,5,1916,1950,Gable,CompShg,AsbShng,AsbShng,BrkFace,0.0,TA,TA,BrkTil,TA,TA,No,Unf,0,Unf,0,624,624,GasA,Fa,N,SBrkr,624,720,0,1344,0,0,1,0,4,1,TA,7,Typ,0,Gd,Detchd,1916.0,Unf,3,513,Fa,Fa,Y,0,0,96,0,0,0,Gd,MnPrv,Shed,0,5,2008,COD,Abnorml,98000,0.29396325459317585,1344,1.0,108,1,0,0,0,0
458,20,RL,69.0,53227,Pave,Grvl,IR1,Low,AllPub,CulDSac,Mod,ClearCr,Norm,Norm,1Fam,1Story,4,6,1954,1994,Flat,Tar&Grv,Plywood,Plywood,BrkFace,0.0,TA,TA,CBlock,Gd,TA,Gd,BLQ,1116,Unf,0,248,1364,GasA,Ex,Y,SBrkr,1663,0,0,1663,1,0,1,0,2,1,Gd,6,Min1,2,Gd,Attchd,1954.0,Fin,2,529,TA,TA,Y,224,137,0,0,0,0,Gd,MnPrv,Shed,0,3,2008,WD,Normal,256000,0.031242954835800706,1663,1.0,70,0,0,0,1,2
459,70,RM,69.0,5100,Pave,Grvl,Reg,Lvl,AllPub,Inside,Gtl,OldTown,Norm,Norm,1Fam,2Story,8,7,1925,1996,Hip,CompShg,Stucco,Wd Shng,BrkFace,0.0,TA,Gd,PConc,TA,TA,No,Unf,0,Unf,0,588,588,GasA,Fa,Y,SBrkr,833,833,0,1666,0,0,1,0,3,1,Gd,7,Typ,1,Gd,Detchd,1925.0,Unf,1,228,TA,TA,Y,192,63,0,0,0,0,Gd,MnPrv,Shed,0,6,2008,WD,Normal,161000,0.3266026269358949,1666,1.0,99,1,0,0,0,0
460,50,RL,69.0,7015,Pave,Grvl,IR1,Bnk,AllPub,Corner,Gtl,BrkSide,Norm,Norm,1Fam,1.5Fin,5,4,1950,1950,Gable,CompShg,MetalSd,MetalSd,BrkCmn,161.0,TA,TA,CBlock,TA,TA,No,LwQ,185,Unf,0,524,709,GasA,TA,Y,SBrkr,979,224,0,1203,1,0,1,0,3,1,Gd,5,Typ,1,TA,Detchd,1950.0,Unf,1,352,TA,TA,Y,0,0,248,0,0,0,Gd,MnPrv,Shed,0,7,2009,WD,Normal,110000,0.17146522234891676,1203,1.0,74,0,0,0,1,1
461,60,FV,75.0,8004,Pave,Grvl,IR1,Lvl,AllPub,Inside,Gtl,Somerst,RRAn,Norm,1Fam,2Story,8,5,2009,2009,Gable,CompShg,VinylSd,VinylSd,Stone,110.0,Gd,TA,PConc,Gd,TA,No,GLQ,544,Unf,0,288,832,GasA,Ex,Y,SBrkr,832,1103,0,1935,1,0,2,1,3,1,TA,8,Typ,0,Gd,BuiltIn,2009.0,Fin,2,552,TA,TA,Y,0,150,0,0,0,0,Gd,MnPrv,Shed,0,12,2009,New,Partial,263435,0.24172392254840724,1935,2.5,15,3,0,0,1,0
462,70,RL,60.0,7200,Pave,Grvl,Reg,Lvl,AllPub,Inside,Gtl,SWISU,Feedr,Norm,1Fam,2Story,7,9,1936,2007,Gable,CompShg,Wd Sdng,Wd Sdng,BrkFace,0.0,Gd,Gd,PConc,Gd,Gd,No,ALQ,350,BLQ,210,0,560,GasA,Ex,Y,SBrkr,575,560,0,1135,1,0,1,0,3,1,Gd,6,Typ,0,Gd,Detchd,1971.0,RFn,2,576,TA,TA,Y,256,0,0,0,0,0,Gd,MnPrv,Shed,0,4,2009,WD,Normal,155000,0.15761699763921677,1135,1.0,88,0,0,0,0,0
463,20,RL,60.0,8281,Pave,Grvl,IR1,Lvl,AllPub,Inside,Gtl,Sawyer,Norm,Norm,1Fam,1Story,5,5,1965,1965,Gable,CompShg,MetalSd,MetalSd,BrkFace,0.0,TA,TA,CBlock,TA,TA,No,Rec,553,BLQ,311,0,864,GasA,Gd,Y,SBrkr,864,0,0,864,0,0,1,0,3,1,TA,5,Typ,1,Po,Detchd,1965.0,Unf,1,360,TA,TA,Y,0,0,236,0,0,0,Gd,GdWo,Shed,0,12,2009,WD,Normal,62383,0.10432262738468968,864,1.0,59,0,0,0,1,0
464,70,RL,74.0,11988,Pave,Grvl,IR1,HLS,AllPub,Inside,Mod,Crawfor,Norm,Norm,1Fam,2Story,6,7,1934,1995,Hip,CompShg,Stucco,Stucco,BrkFace,0.0,TA,TA,CBlock,TA,TA,No,LwQ,326,Unf,0,389,715,GasA,Fa,Y,FuseA,849,811,0,1660,0,0,1,1,3,1,TA,6,Typ,1,Gd,Detchd,1939.0,Unf,1,240,TA,TA,Y,0,0,0,0,0,0,Gd,MnPrv,Shed,0,8,2008,WD,Normal,188700,0.13846025523396446,1660,1.5,90,0,0,0,1,3
465,20,RL,60.0,8430,Pave,Grvl,Reg,HLS,AllPub,Inside,Mod,CollgCr,Norm,Norm,1Fam,1Story,5,5,1978,1978,Gable,CompShg,HdBoard,HdBoard,BrkFace,136.0,TA,TA,CBlock,Gd,TA,No,Rec,616,Unf,0,424,1040,GasA,TA,Y,SBrkr,1040,0,0,1040,0,0,2,0,3,1,TA,5,Typ,0,Gd,Attchd,1980.0,Unf,0,0,TA,TA,Y,0,0,0,0,0,0,Gd,MnPrv,Shed,0,8,2009,WD,Normal,124000,0.12335428774759814,1040,2.0,46,0,0,0,0,3
466,120,RM,69.0,3072,Pave,Grvl,Reg,Lvl,AllPub,Inside,Gtl,Blmngtn,Norm,Norm,TwnhsE,1Story,7,5,2004,2004,Hip,CompShg,VinylSd,VinylSd,BrkFace,18.0,Gd,TA,PConc,Gd,TA,No,Unf,0,Unf,0,1375,1375,GasA,Ex,Y,SBrkr,1414,0,0,1414,0,0,2,0,2,1,Gd,6,Typ,1,TA,Attchd,2004.0,Fin,2,398,TA,TA,Y,144,20,0,0,0,0,Gd,MnPrv,Shed,0,5,2006,WD,Normal,178740,0.4601366742596811,1414,2.0,20,1,0,0,0,0
467,20,RL,85.0,10628,Pave,Grvl,Reg,Lvl,AllPub,Inside,Gtl,NAmes,Norm,Norm,1Fam,1Story,7,5,1970,1970,Flat,Tar&Grv,Plywood,Plywood,BrkFace,0.0,TA,Gd,CBlock,TA,Gd,Gd,GLQ,778,Unf,0,499,1277,GasA,TA,Y,SBrkr,1277,0,0,1277,1,0,1,0,2,1,TA,5,Typ,1,Po,Attchd,1970.0,Unf,2,526,TA,TA,Y,0,0,0,0,176,0,Gd,GdWo,Shed,0,4,2007,WD,Normal,167000,0.12014300498635808,1277,1.0,54,0,0,0,0,0
468,70,RL,79.0,9480,Pave,Grvl,Reg,Lvl,AllPub,Inside,Gtl,NAmes,Artery,Norm,1Fam,2Story,5,7,1942,1995,Gable,CompShg,MetalSd,MetalSd,Stone,224.0,TA,TA,CBlock,TA,TA,No,LwQ,386,Unf,0,342,728,GasA,Ex,Y,SBrkr,888,756,0,1644,0,0,1,1,3,1,Gd,7,Typ,2,Gd,Attchd,1942.0,Unf,1,312,TA,TA,Y,168,0,0,0,0,0,Gd,MnPrv,Shed,0,6,2007,WD,Normal,146500,0.17339943043982703,1644,1.5,82,0,0,0,0,0
469,20,RL,98.0,11428,Pave,Grvl,IR1,Lvl,AllPub,Inside,Gtl,NridgHt,Norm,Norm,1Fam,1Story,8,5,2006,2006,Gable,CompShg,VinylSd,VinylSd,Stone,248.0,Gd,TA,PConc,Gd,TA,No,Unf,0,Unf,0,1626,1626,GasA,Ex,Y,SBrkr,1634,0,0,1634,0,0,2,0,3,1,Gd,7,Typ,1,Gd,Attchd,2006.0,RFn,3,866,TA,TA,Y,0,44,0,0,0,0,Gd,MnPrv,Shed,0,5,2007,WD,Normal,250000,0.14296963863855106,1634,2.0,18,0,0,0,1,0
470,60,RL,76.0,9291,Pave,Grvl,IR1,Lvl,AllPub,Corner,Gtl,SawyerW,RRNe,Norm,1Fam,2Story,6,5,1993,1993,Gable,CompShg,HdBoard,HdBoard,BrkFace,120.0,Gd,TA,PConc,Gd,TA,No,GLQ,426,Unf,0,406,832,GasA,Ex,Y,SBrkr,832,878,0,1710,0,0,2,1,3,1,Gd,7,Typ,0,Gd,Attchd,1993.0,RFn,2,506,TA,TA,Y,144,70,0,0,0,0,Gd,MnPrv,Shed,0,6,2008,WD,Normal,187000,0.18402927249246664,1710,2.5,31,0,0,0,1,0
471,120,RL,69.0,6820,Pave,Grvl,IR1,Lvl,AllPub,Corner,Gtl,StoneBr,Norm,Norm,TwnhsE,1Story,8,5,1985,1985,Gable,CompShg,HdBoard,HdBoard,BrkFace,0.0,Gd,TA,PConc,Gd,TA,Av,GLQ,368,BLQ,1120,0,1488,GasA,TA,Y,SBrkr,1502,0,0,1502,1,0,1,1,1,1,Gd,4,Typ,0,Gd,Attchd,1985.0,RFn,2,528,TA,TA,Y,0,54,0,0,140,0,Gd,MnPrv,Shed,0,6,2010,WD,Normal,212000,0.22020231637589796,1502,1.5,39,0,0,0,1,0
472,60,RL,92.0,11952,Pave,Grvl,Reg,Lvl,AllPub,Inside,Gtl,NWAmes,PosA,Norm,1Fam,2Story,7,6,1977,1977,Mansard,WdShake,WdShing,Plywood,BrkFace,0.0,TA,TA,CBlock,Gd,TA,No,Unf,0,Unf,0,808,808,GasA,TA,Y,SBrkr,1161,808,0,1969,0,0,2,1,3,1,TA,8,Typ,1,Gd,Attchd,1977.0,RFn,2,534,TA,TA,Y,0,0,0,0,276,0,Gd,MnPrv,Shed,0,11,2007,WD,Normal,190000,0.16472852003681085,1969,2.5,47,0,0,0,0,0
473,180,RM,35.0,3675,Pave,Grvl,Reg,Lvl,AllPub,Inside,Gtl,Edwards,Norm,Norm,TwnhsE,SLvl,6,5,2005,2005,Gable,CompShg,VinylSd,VinylSd,BrkFace,80.0,TA,TA,PConc,Gd,TA,Gd,GLQ,459,Unf,0,88,547,GasA,Ex,Y,SBrkr,1072,0,0,1072,1,0,1,0,2,1,TA,5,Typ,0,Gd,Basment,2005.0,RFn,2,525,TA,TA,Y,0,28,0,0,0,0,Gd,MnPrv,Shed,0,6,2008,WD,Normal,148000,0.2916213275299238,1072,1.0,19,1,0,0,0,0
474,20,RL,110.0,14977,Pave,Grvl,IR1,Lvl,AllPub,Inside,Gtl,NridgHt,Norm,Norm,1Fam,1Story,8,5,2006,2007,Gable,CompShg,VinylSd,VinylSd,BrkFace,304.0,Gd,TA,PConc,Ex,TA,Gd,GLQ,1350,Unf,0,626,1976,GasA,Ex,Y,SBrkr,1976,0,0,1976,1,0,2,0,2,1,Gd,7,Typ,1,Ex,Attchd,2006.0,RFn,3,908,TA,TA,Y,250,63,0,0,0,0,Gd,MnPrv,Shed,0,7,2007,New,Partial,440000,0.1319268260114835,1976,2.0,18,0,0,0,1,0
475,120,RL,41.0,5330,Pave,Grvl,Reg,Lvl,AllPub,Inside,Gtl,StoneBr,Norm,Norm,TwnhsE,1Story,8,5,2000,2000,Gable,CompShg,CemntBd,CmentBd,BrkFace,0.0,Gd,TA,PConc,Gd,TA,Av,GLQ,1196,Unf,0,298,1494,GasA,Ex,Y,SBrkr,1652,0,0,1652,1,0,2,0,2,1,Ex,6,Typ,0,Gd,Attchd,2000.0,RFn,2,499,TA,TA,Y,96,48,0,0,0,0,Gd,MnPrv,Shed,0,8,2007,WD,Normal,251000,0.30988557493903585,1652,2.0,24,0,0,0,0,0
476,20,RL,80.0,8480,Pave,Grvl,Reg,Lvl,AllPub,Corner,Gtl,Sawyer,Norm,Norm,1Fam,1Story,5,6,1963,1963,Hip,CompShg,HdBoard,HdBoard,BrkFace,0.0,TA,TA,CBlock,TA,TA,No,GLQ,630,Unf,0,340,970,GasA,TA,Y,SBrkr,970,0,0,970,1,0,1,0,2,1,TA,5,Typ,0,Gd,Detchd,1996.0,Unf,2,624,TA,TA,Y,0,24,0,0,192,0,Gd,MnPrv,Shed,0,7,2007,WD,Normal,132500,0.11437330503478363,970,1.0,61,0,0,0,0,0
477,20,RL,75.0,13125,Pave,Grvl,Reg,Lvl,AllPub,Inside,Mod,CollgCr,Norm,Norm,1Fam,1Story,6,5,1997,1998,Gable,CompShg,VinylSd,VinylSd,BrkFace,215.0,TA,TA,PConc,Gd,TA,Gd,GLQ,994,Unf,0,484,1478,GasA,Ex,Y,SBrkr,1493,0,0,1493,1,0,2,0,3,1,Gd,7,Typ,1,TA,Attchd,1997.0,Fin,2,508,TA,TA,Y,140,39,0,0,0,0,Gd,MnPrv,Shed,0,4,2008,WD,Normal,208900,0.11374371476458936,1493,2.0,27,0,0,0,0,0
478,60,RL,105.0,13693,Pave,Grvl,Reg,Lvl,AllPub,Inside,Gtl,NridgHt,Norm,Norm,1Fam,2Story,9,5,2006,2006,Hip,CompShg,VinylSd,VinylSd,BrkFace,772.0,Ex,TA,PConc,Gd,TA,Av,Unf,0,Unf,0,2153,2153,GasA,Ex,Y,SBrkr,2069,574,0,2643,0,0,2,1,3,1,Ex,9,Typ,1,Gd,BuiltIn,2006.0,Fin,3,694,TA,TA,Y,414,84,0,0,0,0,Gd,MnPrv,Shed,0,3,2007,WD,Normal,380000,0.19300423543157588,2643,2.5,18,0,0,0,0,0
479,20,RL,79.0,10637,Pave,Grvl,Reg,Lvl,AllPub,Inside,Gtl,CollgCr,Norm,Norm,1Fam,1Story,8,5,2007,2008,Hip,CompShg,VinylSd,VinylSd,Stone,336.0,Gd,TA,PConc,Ex,TA,Gd,GLQ,1288,Unf,0,417,1705,GasA,Ex,Y,SBrkr,1718,0,0,1718,1,0,2,0,3,1,Gd,7,Typ,1,Gd,Attchd,2007.0,RFn,3,826,TA,TA,Y,208,44,0,0,0,0,Gd,MnPrv,Shed,0,9,2009,WD,Normal,297000,0.16149652190261327,1718,2.0,17,0,0,0,0,0
480,30,RM,50.0,5925,Pave,Grvl,Reg,Bnk,AllPub,Inside,Gtl,OldTown,Norm,Norm,1Fam,1Story,4,7,1937,2000,Hip,CompShg,Stucco,Stucco,BrkCmn,435.0,TA,TA,BrkTil,Fa,TA,No,Rec,168,Unf,0,739,907,GasA,TA,Y,SBrkr,1131,0,0,1131,0,0,1,0,2,1,TA,7,Typ,0,Gd,Detchd,1995.0,Unf,2,672,TA,TA,Y,0,72,0,0,0,0,Gd,MnPrv,Shed,0,3,2007,WD,Alloca,89471,0.1908538643266959,1131,1.0,87,1,0,0,0,1
481,20,RL,98.0,16033,Pave,Grvl,IR1,Lvl,AllPub,FR2,Gtl,NridgHt,Norm,Norm,1Fam,1Story,9,5,2004,2005,Hip,CompShg,VinylSd,VinylSd,BrkFace,378.0,Gd,TA,PConc,Ex,TA,Gd,GLQ,1261,Unf,0,572,1833,GasA,Ex,Y,SBrkr,1850,0,0,1850,1,0,2,0,3,1,Gd,8,Typ,1,Gd,Attchd,2004.0,Fin,3,772,TA,TA,Y,519,112,0,0,0,0,Gd,MnPrv,Shed,0,3,2006,WD,Normal,326000,0.11537981788699014,1850,2.0,20,0,0,0,1,0
482,20,RL,72.0,11846,Pave,Grvl,IR1,HLS,AllPub,Inside,Gtl,NridgHt,Norm,Norm,1Fam,1Story,9,5,2003,2004,Hip,CompShg,VinylSd,VinylSd,BrkFace,562.0,Gd,TA,PConc,Ex,TA,Gd,GLQ,1567,Unf,0,225,1792,GasA,Ex,Y,SBrkr,1792,0,0,1792,1,0,2,0,2,1,Ex,6,Typ,1,Gd,Attchd,2003.0,Fin,3,874,TA,TA,Y,206,49,0,0,0,0,Gd,MnPrv,Shed,0,8,2006,WD,Normal,374000,0.15126192284966658,1792,2.0,21,0,0,0,1,3
483,70,RM,50.0,2500,Pave,Pave,Reg,Lvl,AllPub,Corner,Gtl,OldTown,Norm,Norm,1Fam,2Story,7,8,1915,2005,Gable,CompShg,Stucco,Stucco,BrkFace,0.0,Gd,TA,PConc,TA,TA,No,ALQ,299,Unf,0,611,910,GasA,Ex,Y,SBrkr,916,910,0,1826,1,0,1,1,4,1,Ex,7,Min2,1,Gd,Attchd,1915.0,Unf,1,164,Fa,Fa,Y,0,0,0,0,0,0,Gd,MnPrv,Shed,0,6,2009,WD,Normal,155000,0.7301079568172731,1826,1.5,109,1,0,1,0,0
484,120,RM,32.0,4500,Pave,Grvl,Reg,Lvl,AllPub,FR2,Gtl,Mitchel,Norm,Norm,Twnhs,1Story,6,5,1998,1998,Hip,CompShg,VinylSd,VinylSd,BrkFace,116.0,TA,TA,PConc,Ex,TA,No,GLQ,897,Unf,0,319,1216,GasA,Ex,Y,SBrkr,1216,0,0,1216,1,0,2,0,2,1,TA,5,Typ,0,Gd,Attchd,1998.0,Unf,2,402,TA,TA,Y,0,125,0,0,0,0,Gd,MnPrv,Shed,0,5,2006,WD,Normal,164000,0.2701621861808487,1216,2.0,26,1,0,0,0,0
485,20,RL,69.0,7758,Pave,Grvl,IR1,Lvl,AllPub,Corner,Gtl,Sawyer,Norm,Norm,1Fam,1Story,5,7,1962,2001,Gable,CompShg,HdBoard,Plywood,BrkFace,0.0,TA,Gd,CBlock,TA,TA,No,ALQ,588,Unf,0,411,999,GasA,Gd,Y,SBrkr,999,0,0,999,1,0,1,0,3,1,Gd,6,Typ,0,Gd,Detchd,1963.0,Unf,1,264,TA,TA,Y,0,132,0,0,0,0,Gd,MnPrv,Shed,0,3,2007,WD,Normal,132500,0.12875370537440392,999,1.0,62,0,0,0,1,0
486,20,RL,80.0,9600,Pave,Grvl,Reg,Lvl,AllPub,Inside,Gtl,NAmes,Norm,Norm,1Fam,1Story,5,7,1950,2007,Gable,CompShg,MetalSd,MetalSd,BrkFace,0.0,Gd,TA,CBlock,TA,TA,No,ALQ,607,Unf,0,506,1113,GasA,Gd,Y,SBrkr,1113,0,0,1113,0,0,1,0,3,1,Gd,5,Typ,1,Gd,Attchd,1950.0,Unf,1,264,TA,TA,Y,0,80,120,0,0,0,Gd,MnPrv,Shed,0,7,2009,WD,Normal,147000,0.1159254244349547,1113,1.0,74,0,0,0,0,0
487,20,RL,79.0,10289,Pave,Grvl,Reg,Lvl,AllPub,Inside,Gtl,NAmes,Norm,Norm,1Fam,1Story,5,7,1965,1965,Hip,CompShg,MetalSd,MetalSd,BrkFace,168.0,TA,TA,CBlock,TA,TA,No,ALQ,836,Unf,0,237,1073,GasA,TA,Y,SBrkr,1073,0,0,1073,1,0,1,1,3,1,TA,6,Typ,0,Gd,Attchd,1965.0,RFn,2,515,TA,TA,Y,0,0,0,0,0,0,Gd,MnPrv,Shed,0,6,2007,WD,Normal,156000,0.1042759961127308,1073,1.5,59,0,0,0,0,0
488,20,RL,70.0,12243,Pave,Grvl,IR1,Lvl,AllPub,Inside,Gtl,NWAmes,Norm,Norm,1Fam,1Story,5,6,1971,1971,Gable,CompShg,Plywood,Plywood,BrkFace,0.0,TA,TA,CBlock,Gd,TA,Av,ALQ,998,Unf,0,486,1484,GasA,Gd,Y,SBrkr,1484,0,0,1484,0,0,2,0,3,1,TA,7,Typ,1,TA,Attchd,1971.0,Unf,2,487,TA,TA,Y,224,0,0,0,180,0,Gd,MnPrv,Shed,0,2,2007,WD,Normal,175000,0.12120222149624306,1484,2.0,53,0,0,0,1,0
489,190,RL,60.0,10800,Pave,Grvl,Reg,Lvl,AllPub,Corner,Gtl,OldTown,Norm,Norm,2fmCon,1.5Fin,5,4,1900,1970,Gable,CompShg,Wd Sdng,Wd Sdng,BrkFace,0.0,TA,Fa,CBlock,TA,Fa,No,BLQ,664,Unf,0,290,954,GasA,TA,N,FuseA,1766,648,0,2414,0,0,2,0,3,2,TA,10,Mod,1,Gd,Attchd,1970.0,Unf,2,520,TA,Fa,N,142,0,0,0,0,0,Gd,MnPrv,Shed,0,5,2006,ConLD,Normal,160000,0.22349782427553005,2414,2.0,124,0,0,0,0,0
490,180,RM,21.0,1526,Pave,Grvl,Reg,Lvl,AllPub,Inside,Gtl,MeadowV,Norm,Norm,Twnhs,SFoyer,4,8,1970,2002,Gable,CompShg,CemntBd,CmentBd,BrkFace,0.0,TA,Gd,CBlock,Gd,TA,Av,GLQ,515,Unf,0,115,630,GasA,TA,Y,SBrkr,630,0,0,630,1,0,1,0,1,1,Gd,3,Typ,0,Gd,Attchd,1970.0,Unf,1,286,TA,TA,Y,0,0,0,0,0,0,Gd,MnPrv,Shed,0,5,2009,WD,Normal,86000,0.412573673870334,630,1.0,54,1,0,0,0,0
491,160,RM,69.0,2665,Pave,Grvl,Reg,Lvl,AllPub,Inside,Gtl,MeadowV,Norm,Norm,TwnhsE,2Story,5,6,1976,1976,Gable,CompShg,CemntBd,CmentBd,BrkFace,0.0,TA,TA,PConc,Gd,TA,Mn,Unf,0,Unf,0,264,264,GasA,TA,Y,SBrkr,616,688,0,1304,0,0,1,1,3,1,TA,4,Typ,1,Gd,BuiltIn,1976.0,Fin,1,336,TA,TA,Y,141,24,0,0,0,0,Gd,MnPrv,Shed,0,6,2008,WD,Normal,115000,0.4891222805701425,1304,1.5,48,1,0,0,0,0
492,50,RL,79.0,9490,Pave,Grvl,Reg,Lvl,AllPub,Inside,Gtl,NAmes,Artery,Norm,1Fam,1.5Fin,6,7,1941,1950,Gable,CompShg,Wd Sdng,Wd Sdng,BrkFace,0.0,TA,TA,CBlock,TA,TA,No,BLQ,403,Rec,165,238,806,GasA,TA,Y,FuseA,958,620,0,1578,1,0,1,0,3,1,Fa,5,Typ,2,TA,Attchd,1941.0,Unf,1,240,TA,TA,Y,0,0,32,0,0,0,Gd,MnPrv,Shed,0,8,2006,WD,Normal,133000,0.16626277526077338,1578,1.0,83,0,0,0,0,0
493,60,RL,105.0,15578,Pave,Grvl,IR1,Lvl,AllPub,Corner,Gtl,Gilbert,Norm,Norm,1Fam,2Story,6,5,2006,2006,Gable,CompShg,VinylSd,VinylSd,BrkFace,0.0,Gd,TA,PConc,Gd,TA,No,Unf,0,Unf,0,728,728,GasA,Gd,Y,SBrkr,728,728,0,1456,0,0,2,1,3,1,TA,8,Typ,0,Gd,Attchd,2006.0,RFn,2,429,TA,TA,Y,0,0,0,0,0,0,Gd,MnPrv,Shed,0,5,2006,New,Partial,172785,0.09345914371910906,1456,2.5,18,0,0,0,1,0
494,20,RL,70.0,7931,Pave,Grvl,Reg,Lvl,AllPub,Inside,Gtl,NAmes,Norm,Norm,1Fam,1Story,5,6,1960,1960,Gable,CompShg,BrkFace,Wd Sdng,BrkFace,0.0,TA,TA,CBlock,TA,TA,No,BLQ,374,LwQ,532,363,1269,GasA,TA,Y,FuseA,1269,0,0,1269,0,0,1,1,3,1,TA,6,Typ,1,Fa,Detchd,1964.0,Unf,1,308,TA,TA,Y,0,0,0,0,0,0,Gd,MnPrv,Shed,0,6,2008,WD,Normal,155000,0.15998487140695916,1269,1.5,64,0,0,0,0,0
495,30,RM,50.0,5784,Pave,Grvl,Reg,Lvl,AllPub,Inside,Gtl,OldTown,Artery,Norm,1Fam,1Story,5,8,1938,1996,Gable,CompShg,MetalSd,MetalSd,BrkFace,0.0,TA,TA,BrkTil,Fa,TA,No,Unf,0,Unf,0,190,190,GasA,Gd,Y,FuseA,886,0,0,886,0,0,1,0,2,1,TA,4,Typ,0,Gd,Attchd,1938.0,Unf,1,273,TA,TA,Y,144,20,80,0,0,0,Gd,MnPrv,Shed,0,12,2009,WD,Normal,91300,0.15315471045808124,886,1.0,86,1,0,0,0,0
496,30,C (all),60.0,7879,Pave,Grvl,Reg,Lvl,AllPub,Inside,Gtl,IDOTRR,Norm,Norm,1Fam,1Story,4,5,1920,1950,Gable,CompShg,Wd Sdng,Wd Sdng,BrkFace,0.0,TA,TA,CBlock,TA,TA,No,Rec,495,Unf,0,225,720,GasA,TA,N,FuseA,720,0,0,720,0,0,1,0,2,1,TA,4,Typ,0,Gd,Attchd,1980.0,Unf,0,0,TA,TA,N,0,523,115,0,0,0,Gd,GdWo,Shed,0,11,2009,WD,Abnorml,34900,0.09137055837563451,720,1.0,104,2,0,0,0,0
497,20,RL,69.0,12692,Pave,Grvl,IR1,Lvl,AllPub,Inside,Gtl,NoRidge,Norm,Norm,1Fam,1Story,8,5,1992,1993,Hip,CompShg,BrkFace,BrkFace,BrkFace,0.0,Gd,TA,PConc,Gd,TA,No,GLQ,1231,Unf,0,1969,3200,GasA,Ex,Y,SBrkr,3228,0,0,3228,1,0,3,0,4,1,Gd,10,Typ,1,Gd,Attchd,1992.0,RFn,2,546,TA,TA,Y,264,75,291,0,0,0,Gd,MnPrv,Shed,0,5,2007,WD,Normal,430000,0.2543134010872134,3228,3.0,32,0,0,0,1,0
498,50,RL,60.0,9120,Pave,Pave,Reg,Lvl,AllPub,Inside,Gtl,BrkSide,Norm,Norm,1Fam,1.5Fin,7,6,1925,1950,Gable,CompShg,Wd Sdng,Wd Sdng,BrkFace,0.0,TA,Gd,PConc,TA,TA,No,Rec,329,Unf,0,697,1026,GasA,Ex,Y,SBrkr,1133,687,0,1820,1,0,2,0,4,1,TA,8,Typ,0,Gd,Detchd,1925.0,Unf,1,240,TA,TA,N,0,100,0,0,0,0,Gd,GdPrv,Shed,0,6,2008,WD,Normal,184000,0.1995395241749808,1820,2.0,99,0,0,1,0,0
499,20,RL,65.0,7800,Pave,Grvl,Reg,Lvl,AllPub,Inside,Gtl,Sawyer,Norm,Norm,1Fam,1Story,5,7,1967,2004,Hip,CompShg,HdBoard,HdBoard,BrkFace,89.0,TA,TA,PConc,TA,TA,No,ALQ,450,Unf,0,414,864,GasA,Ex,Y,SBrkr,899,0,0,899,0,0,1,0,3,1,Gd,5,Typ,0,Gd,Attchd,1967.0,Fin,1,288,TA,TA,Y,64,0,0,0,0,0,Gd,MnPrv,Shed,0,6,2009,WD,Normal,130000,0.11524163568773234,899,1.0,57,0,0,0,0,0
500,20,RL,70.0,7535,Pave,Grvl,IR1,Lvl,AllPub,Inside,Gtl,NAmes,Norm,Norm,1Fam,1Story,5,7,1958,1985,Gable,CompShg,MetalSd,MetalSd,BrkFace,0.0,TA,TA,CBlock,TA,TA,No,BLQ,111,LwQ,279,522,912,GasA,Fa,Y,SBrkr,912,0,0,912,0,1,1,0,2,1,TA,5,Typ,0,Gd,Attchd,1958.0,Fin,1,297,TA,TA,Y,12,285,0,0,0,0,Gd,MnWw,Shed,480,6,2007,WD,Normal,120000,0.12101910828025478,912,1.0,66,0,0,0,1,0
501,160,RM,21.0,1890,Pave,Grvl,Reg,Lvl,AllPub,Inside,Gtl,BrDale,Norm,Norm,Twnhs,2Story,6,5,1973,1973,Gable,CompShg,HdBoard,HdBoard,BrkFace,285.0,TA,TA,CBlock,TA,TA,No,BLQ,356,Unf,0,316,672,GasA,TA,Y,SBrkr,672,546,0,1218,0,0,1,1,3,1,TA,7,Typ,0,Gd,Detchd,1973.0,Unf,1,264,TA,TA,Y,144,28,0,0,0,0,Gd,MnPrv,Shed,0,5,2007,WD,Normal,113000,0.6441036488630354,1218,1.5,51,1,0,0,0,0
502,60,FV,75.0,9803,Pave,Grvl,Reg,Lvl,AllPub,Inside,Gtl,Somerst,Norm,Norm,1Fam,2Story,7,5,2005,2005,Gable,CompShg,VinylSd,VinylSd,BrkFace,0.0,Gd,TA,PConc,Gd,TA,No,GLQ,400,Unf,0,466,866,GasA,Gd,Y,SBrkr,866,902,0,1768,0,0,2,1,3,1,Gd,7,Typ,0,Gd,Attchd,2005.0,RFn,2,603,TA,TA,Y,0,108,0,0,0,0,Gd,MnPrv,Shed,0,2,2008,WD,Normal,226700,0.18033455732354142,1768,2.5,19,3,0,0,0,0
503,20,RL,70.0,9170,Pave,Grvl,Reg,Lvl,AllPub,Corner,Gtl,Edwards,Feedr,Norm,1Fam,1Story,5,7,1965,1965,Hip,CompShg,MetalSd,MetalSd,BrkFace,0.0,TA,TA,CBlock,TA,TA,No,ALQ,698,GLQ,96,420,1214,GasA,Ex,Y,SBrkr,1214,0,0,1214,1,0,1,0,2,1,TA,6,Typ,0,Gd,Detchd,1965.0,Unf,2,461,Fa,Fa,Y,0,0,184,0,0,0,Gd,GdPrv,Shed,400,4,2007,WD,Normal,140000,0.1323737869370843,1214,1.0,59,0,0,0,0,0
504,20,RL,100.0,15602,Pave,Grvl,IR1,Lvl,AllPub,Inside,Gtl,Crawfor,Norm,Norm,1Fam,1Story,7,8,1959,1997,Gable,CompShg,BrkFace,Wd Sdng,BrkFace,0.0,TA,TA,CBlock,TA,TA,No,ALQ,1247,Unf,0,254,1501,GasA,TA,Y,SBrkr,1801,0,0,1801,1,0,2,0,1,1,TA,6,Typ,2,TA,Attchd,1959.0,Fin,2,484,TA,TA,Y,0,54,0,0,161,0,Gd,GdWo,Shed,0,3,2010,WD,Normal,289000,0.11542652054092162,1801,2.0,65,0,0,0,1,0
505,160,RL,24.0,2308,Pave,Grvl,Reg,Lvl,AllPub,Inside,Gtl,NPkVill,Norm,Norm,TwnhsE,2Story,6,5,1974,1974,Gable,CompShg,Plywood,Brk Cmn,BrkFace,0.0,TA,TA,CBlock,TA,TA,No,ALQ,257,Rec,495,103,855,GasA,TA,Y,SBrkr,855,467,0,1322,0,1,2,1,3,1,TA,6,Typ,1,Fa,Attchd,1974.0,Unf,2,440,TA,TA,Y,260,0,0,0,0,0,Gd,MnPrv,Shed,0,6,2009,WD,Normal,147000,0.5725422260718926,1322,2.5,50,0,0,0,0,0
506,90,RM,60.0,7596,Pave,Grvl,Reg,Lvl,AllPub,Inside,Gtl,OldTown,Artery,Norm,Duplex,2Story,5,5,1952,1952,Hip,CompShg,Wd Sdng,Wd Sdng,BrkFace,360.0,TA,TA,CBlock,TA,TA,No,Unf,0,Unf,0,960,960,GasA,Gd,Y,SBrkr,960,1000,0,1960,0,0,2,0,4,2,TA,10,Typ,0,Gd,Detchd,1952.0,Unf,2,400,TA,TA,N,0,0,0,0,0,0,Gd,MnPrv,Shed,0,7,2009,COD,Normal,124500,0.25799657759641964,1960,2.0,72,1,0,0,0,0
507,60,RL,80.0,9554,Pave,Grvl,IR1,Lvl,AllPub,Inside,Gtl,SawyerW,Norm,Norm,1Fam,2Story,8,5,1993,1994,Gable,CompShg,VinylSd,VinylSd,BrkFace,125.0,Gd,TA,PConc,Gd,TA,No,GLQ,380,Unf,0,397,777,GasA,Ex,Y,SBrkr,1065,846,0,1911,0,0,2,1,3,1,Gd,8,Typ,1,TA,Attchd,1993.0,RFn,2,471,TA,TA,Y,182,81,0,0,0,0,Gd,MnPrv,Shed,0,9,2006,WD,Normal,215000,0.2,1911,2.5,31,0,0,0,1,0
508,20,FV,75.0,7862,Pave,Grvl,IR1,Lvl,AllPub,Inside,Gtl,Somerst,Norm,Norm,1Fam,1Story,6,5,2009,2009,Gable,CompShg,VinylSd,VinylSd,BrkFace,0.0,Gd,TA,PConc,Gd,TA,No,GLQ,27,Unf,0,1191,1218,GasA,Ex,Y,SBrkr,1218,0,0,1218,0,0,2,0,2,1,Gd,4,Typ,0,Gd,Attchd,2009.0,Fin,2,676,TA,TA,Y,0,102,0,0,0,0,Gd,MnPrv,Shed,0,9,2009,New,Partial,208300,0.15490270888973673,1218,2.0,15,3,0,0,1,0
509,70,RM,60.0,9600,Pave,Grvl,Reg,Lvl,AllPub,Inside,Gtl,OldTown,Norm,Norm,1Fam,2Story,7,9,1928,2005,Gambrel,CompShg,MetalSd,MetalSd,BrkFace,0.0,TA,Ex,BrkTil,TA,TA,No,Rec,141,Unf,0,548,689,GasA,Ex,Y,SBrkr,689,689,0,1378,0,0,2,0,3,1,Gd,7,Typ,1,Gd,Detchd,1928.0,Unf,2,360,TA,TA,N,0,0,116,0,0,0,Gd,MnPrv,Shed,0,10,2008,WD,Normal,161000,0.14352671596708677,1378,2.0,96,1,0,0,0,0
510,20,RL,80.0,9600,Pave,Grvl,Reg,Lvl,AllPub,Corner,Gtl,NAmes,Norm,Norm,1Fam,1Story,5,6,1959,1959,Gable,CompShg,MetalSd,MetalSd,BrkFace,132.0,TA,TA,CBlock,TA,TA,No,ALQ,991,Unf,0,50,1041,GasA,Ex,Y,SBrkr,1041,0,0,1041,1,0,1,0,3,1,TA,6,Typ,0,Gd,Attchd,1959.0,RFn,1,270,TA,TA,Y,224,88,0,0,0,0,Gd,MnPrv,Shed,0,7,2009,WD,Normal,124500,0.10842620560358296,1041,1.0,65,0,0,0,0,0
511,20,RL,75.0,14559,Pave,Grvl,Reg,Lvl,AllPub,Inside,Gtl,NAmes,Norm,Norm,1Fam,1Story,5,7,1951,2000,Hip,CompShg,Wd Sdng,Wd Sdng,BrkCmn,70.0,Gd,TA,CBlock,TA,TA,No,BLQ,650,Rec,180,178,1008,GasA,Ex,Y,SBrkr,1363,0,0,1363,1,0,1,0,2,1,TA,6,Min1,2,TA,CarPort,1951.0,Unf,1,288,TA,TA,Y,324,42,0,0,168,0,Gd,MnPrv,Shed,2000,6,2009,WD,Normal,164900,0.09361263736263736,1363,1.0,73,0,0,0,0,0
512,120,RL,40.0,6792,Pave,Grvl,IR1,Lvl,AllPub,Inside,Gtl,NridgHt,Norm,Norm,TwnhsE,1Story,7,5,2005,2006,Gable,CompShg,VinylSd,VinylSd,Stone,94.0,Gd,TA,PConc,Gd,TA,No,Unf,0,Unf,0,1368,1368,GasA,Ex,Y,SBrkr,1368,0,0,1368,0,0,2,0,2,1,Gd,6,Typ,1,Gd,Attchd,2005.0,RFn,2,474,TA,TA,Y,132,35,0,0,0,0,Gd,MnPrv,Shed,0,3,2006,New,Partial,202665,0.20138377741793023,1368,2.0,19,0,0,0,1,0
513,20,RL,70.0,9100,Pave,Grvl,Reg,Lvl,AllPub,Corner,Gtl,NAmes,Feedr,Norm,1Fam,1Story,5,5,1958,1958,Gable,CompShg,VinylSd,VinylSd,BrkFace,0.0,TA,TA,CBlock,TA,TA,No,BLQ,521,LwQ,174,169,864,GasA,TA,Y,SBrkr,864,0,0,864,1,0,1,0,3,1,TA,5,Typ,0,Gd,Detchd,1964.0,Unf,2,624,TA,TA,Y,0,0,0,0,0,0,Gd,MnPrv,Shed,0,7,2006,WD,Normal,129900,0.09493462256894847,864,1.0,66,0,0,0,0,0
514,20,RL,71.0,9187,Pave,Grvl,Reg,Bnk,AllPub,Corner,Gtl,Mitchel,Norm,Norm,1Fam,1Story,6,5,1983,1983,Gable,CompShg,VinylSd,VinylSd,BrkFace,0.0,TA,Gd,PConc,TA,TA,No,ALQ,336,Unf,0,748,1084,GasA,TA,Y,SBrkr,1080,0,0,1080,0,0,1,1,3,1,TA,5,Typ,0,Gd,Attchd,1983.0,Unf,2,484,TA,TA,Y,120,0,158,0,0,0,Gd,MnPrv,Shed,0,6,2007,WD,Normal,134000,0.1175446234218546,1080,1.5,41,0,0,0,0,1
515,45,RL,55.0,10594,Pave,Grvl,Reg,Lvl,AllPub,Inside,Gtl,Crawfor,Norm,Norm,1Fam,1.5Unf,5,5,1926,1950,Gable,CompShg,Wd Sdng,Wd Sdng,BrkFace,0.0,TA,TA,BrkTil,TA,TA,No,Unf,0,Unf,0,768,768,Grav,Fa,N,SBrkr,789,0,0,789,0,0,1,0,2,1,TA,5,Typ,0,Gd,Detchd,1926.0,Unf,1,200,Po,Po,Y,0,0,112,0,0,0,Gd,MnPrv,Shed,0,6,2007,WD,Normal,96500,0.07446908919301558,789,1.0,98,0,0,0,0,0
516,20,RL,94.0,12220,Pave,Grvl,Reg,Lvl,AllPub,Inside,Gtl,NridgHt,Norm,Norm,1Fam,1Story,10,5,2009,2009,Hip,CompShg,CemntBd,CmentBd,BrkFace,305.0,Ex,TA,CBlock,Ex,TA,No,GLQ,1436,Unf,0,570,2006,GasA,Ex,Y,SBrkr,2020,0,0,2020,1,0,2,1,3,1,Ex,9,Typ,1,Gd,Attchd,2009.0,Fin,3,900,TA,TA,Y,156,54,0,0,0,0,Gd,MnPrv,Shed,0,9,2009,New,Partial,402861,0.1652892561983471,2020,2.5,15,0,0,0,0,0
517,80,RL,69.0,10448,Pave,Grvl,IR1,Lvl,AllPub,Corner,Gtl,NWAmes,Norm,Norm,1Fam,SLvl,6,6,1972,1972,Gable,CompShg,HdBoard,HdBoard,BrkFace,333.0,TA,TA,CBlock,TA,TA,No,Unf,0,Unf,0,689,689,GasA,TA,Y,SBrkr,1378,741,0,2119,0,0,2,1,3,1,TA,7,Typ,1,TA,Attchd,1972.0,RFn,2,583,TA,TA,Y,0,104,0,0,0,0,Gd,GdPrv,Shed,0,8,2009,COD,Abnorml,158000,0.20279452579194182,2119,2.5,52,0,0,0,1,0
518,60,RL,79.0,10208,Pave,Grvl,IR1,Lvl,AllPub,Inside,Gtl,NoRidge,Norm,Norm,1Fam,2Story,7,5,1996,1997,Gable,CompShg,VinylSd,VinylSd,BrkFace,921.0,Gd,TA,PConc,Gd,TA,No,Unf,0,Unf,0,1264,1264,GasA,Ex,Y,SBrkr,1277,1067,0,2344,0,0,2,1,3,1,Gd,7,Typ,1,TA,Attchd,1996.0,RFn,3,889,TA,TA,Y,220,0,0,0,0,0,Gd,MnPrv,Shed,0,7,2009,WD,Normal,265000,0.22960133215789988,2344,2.5,28,0,0,0,1,0
519,60,RL,69.0,9531,Pave,Grvl,IR1,Lvl,AllPub,CulDSac,Gtl,CollgCr,Norm,Norm,1Fam,2Story,6,5,1998,1998,Gable,CompShg,VinylSd,VinylSd,BrkFace,0.0,TA,TA,PConc,Gd,TA,Mn,GLQ,706,Unf,0,88,794,GasA,Ex,Y,SBrkr,882,914,0,1796,1,0,2,1,3,1,TA,7,Typ,0,Gd,Attchd,1998.0,RFn,2,546,TA,TA,Y,0,36,0,0,0,0,Gd,MnPrv,Shed,0,5,2007,WD,Normal,211000,0.18841796055392362,1796,2.5,26,0,0,0,1,0
520,70,RL,53.0,10918,Pave,Grvl,Reg,Lvl,AllPub,Inside,Gtl,Crawfor,Norm,Norm,1Fam,2Story,7,9,1926,2004,Gambrel,CompShg,MetalSd,MetalSd,BrkFace,0.0,Gd,TA,BrkTil,Gd,TA,No,Unf,0,Unf,0,1276,1276,GasA,Ex,Y,SBrkr,1276,804,0,2080,0,0,1,1,3,1,Gd,9,Typ,2,Gd,Detchd,1926.0,Unf,1,282,TA,TA,Y,0,0,0,0,145,0,Gd,MnPrv,Shed,0,6,2009,WD,Normal,234000,0.19049363494825533,2080,1.5,98,0,0,0,0,0
521,190,RL,60.0,10800,Pave,Grvl,Reg,Lvl,AllPub,Inside,Gtl,OldTown,Norm,Norm,2fmCon,2Story,4,7,1900,2000,Gable,CompShg,MetalSd,MetalSd,BrkFace,0.0,TA,TA,BrkTil,TA,TA,No,Unf,0,Unf,0,0,0,GasA,TA,N,FuseA,694,600,0,1294,0,0,2,0,3,2,TA,7,Typ,0,Gd,Attchd,1980.0,Unf,0,0,TA,TA,N,220,114,210,0,0,0,Gd,MnPrv,Shed,0,8,2008,WD,Normal,106250,0.11980372187760392,1294,2.0,124,0,0,0,0,0
522,20,RL,90.0,11988,Pave,Grvl,IR1,Lvl,AllPub,Corner,Gtl,NAmes,Feedr,Norm,1Fam,1Story,6,6,1957,1957,Gable,CompShg,VinylSd,VinylSd,BrkFace,0.0,TA,TA,CBlock,TA,TA,No,Rec,777,Unf,0,467,1244,GasA,Ex,Y,FuseA,1244,0,0,1244,0,0,1,1,3,1,TA,6,Typ,2,Gd,Attchd,1957.0,Unf,1,336,TA,TA,Y,0,40,0,0,0,0,Gd,MnPrv,Shed,0,5,2007,WD,Normal,150000,0.10376178163316373,1244,1.5,67,0,0,0,1,0
523,50,RM,50.0,5000,Pave,Grvl,Reg,Lvl,AllPub,Corner,Gtl,BrkSide,Feedr,Norm,1Fam,1.5Fin,6,7,1947,1950,Gable,CompShg,CemntBd,CmentBd,BrkFace,0.0,TA,Gd,CBlock,TA,TA,No,ALQ,399,Unf,0,605,1004,GasA,Ex,Y,SBrkr,1004,660,0,1664,0,0,2,0,3,1,TA,7,Typ,2,Gd,Detchd,1950.0,Unf,2,420,TA,TA,Y,0,24,36,0,0,0,Gd,MnPrv,Shed,0,10,2006,WD,Normal,159000,0.3327334533093381,1664,2.0,77,1,0,0,0,0
524,60,RL,130.0,40094,Pave,Grvl,IR1,Bnk,AllPub,Inside,Gtl,Edwards,PosN,PosN,1Fam,2Story,10,5,2007,2008,Hip,CompShg,CemntBd,CmentBd,Stone,762.0,Ex,TA,PConc,Ex,TA,Gd,GLQ,2260,Unf,0,878,3138,GasA,Ex,Y,SBrkr,3138,1538,0,4676,1,0,3,1,3,1,Ex,11,Typ,1,Gd,BuiltIn,2007.0,Fin,3,884,TA,TA,Y,208,406,0,0,0,0,Gd,MnPrv,Shed,0,10,2007,New,Partial,184750,0.11662302032672403,4676,3.5,17,0,0,0,1,1
525,60,RL,95.0,11787,Pave,Grvl,IR1,Lvl,AllPub,Inside,Gtl,NoRidge,Norm,Norm,1Fam,2Story,7,5,1996,1997,Gable,CompShg,VinylSd,VinylSd,BrkFace,594.0,Gd,TA,PConc,Gd,TA,No,GLQ,719,Unf,0,660,1379,GasA,Ex,Y,SBrkr,1383,1015,0,2398,1,0,2,1,3,1,Gd,8,Typ,1,TA,Attchd,1996.0,Fin,3,834,TA,TA,Y,239,60,0,0,0,0,Gd,MnPrv,Shed,0,8,2007,WD,Normal,315750,0.20342721411605022,2398,2.5,28,0,0,0,1,0
526,20,FV,62.0,7500,Pave,Pave,Reg,Lvl,AllPub,Inside,Gtl,Somerst,Norm,Norm,1Fam,1Story,7,5,2005,2005,Gable,CompShg,VinylSd,VinylSd,BrkFace,0.0,Gd,TA,PConc,Gd,TA,No,Unf,0,Unf,0,1257,1257,GasA,Ex,Y,SBrkr,1266,0,0,1266,0,0,2,0,3,1,Gd,6,Typ,1,TA,Attchd,2005.0,Unf,2,453,TA,TA,Y,38,144,0,0,0,0,Gd,MnPrv,Shed,0,4,2006,WD,Normal,176000,0.16877749633382216,1266,2.0,19,3,0,1,0,0
527,20,RL,70.0,13300,Pave,Grvl,Reg,Lvl,AllPub,Inside,Gtl,NAmes,Norm,Norm,1Fam,1Story,5,7,1956,2000,Hip,CompShg,Wd Sdng,Wd Sdng,BrkFace,0.0,TA,TA,CBlock,Gd,TA,No,Rec,377,Unf,0,551,928,GasA,TA,Y,SBrkr,928,0,0,928,0,0,1,0,2,1,TA,4,Typ,0,Gd,Attchd,1956.0,Unf,1,252,TA,TA,Y,261,0,156,0,0,0,Gd,MnPrv,Shed,0,6,2007,WD,Normal,132000,0.06976919028644463,928,1.0,68,0,0,0,0,0
528,60,RL,67.0,14948,Pave,Grvl,IR1,Lvl,AllPub,Inside,Gtl,NridgHt,Norm,Norm,1Fam,2Story,9,5,2008,2008,Hip,CompShg,VinylSd,VinylSd,Stone,268.0,Ex,TA,PConc,Ex,TA,Av,GLQ,1330,Unf,0,122,1452,GasA,Ex,Y,SBrkr,1476,1237,0,2713,1,0,2,1,3,1,Ex,11,Typ,1,Gd,Attchd,2008.0,Fin,3,858,TA,TA,Y,126,66,0,0,0,0,Gd,MnPrv,Shed,0,11,2008,New,Partial,446261,0.1814837112850358,2713,2.5,16,0,0,0,1,0
529,30,RL,58.0,9098,Pave,Grvl,IR1,Lvl,AllPub,Inside,Gtl,Edwards,Norm,Norm,1Fam,1Story,4,7,1920,2002,Gable,CompShg,Wd Sdng,Wd Sdng,BrkFace,0.0,TA,TA,BrkTil,TA,TA,Mn,ALQ,348,Unf,0,180,528,GasA,Ex,Y,SBrkr,605,0,0,605,1,0,1,0,2,1,TA,5,Typ,0,Gd,Attchd,1980.0,Unf,0,0,TA,TA,N,0,0,144,0,0,0,Gd,MnPrv,Shed,0,7,2007,WD,Normal,86000,0.06649082316738103,605,1.0,104,0,0,0,1,0
530,20,RL,69.0,32668,Pave,Grvl,IR1,Lvl,AllPub,CulDSac,Gtl,Crawfor,Norm,Norm,1Fam,1Story,6,3,1957,1975,Hip,CompShg,Wd Sdng,Stone,BrkFace,0.0,Gd,TA,PConc,TA,TA,No,Rec,1219,Unf,0,816,2035,GasA,TA,Y,SBrkr,2515,0,0,2515,1,0,3,0,4,2,TA,9,Maj1,2,TA,Attchd,1975.0,RFn,2,484,TA,TA,Y,0,0,200,0,0,0,Gd,MnPrv,Shed,0,3,2007,WD,Alloca,200624,0.07698429704000735,2515,3.0,67,0,0,0,1,0
531,80,RL,85.0,10200,Pave,Grvl,Reg,Lvl,AllPub,Inside,Gtl,Timber,Norm,Norm,1Fam,SLvl,6,5,1988,1989,Gable,CompShg,HdBoard,HdBoard,BrkFace,219.0,Gd,TA,CBlock,Gd,TA,Av,GLQ,783,Unf,0,678,1461,GasA,Ex,Y,SBrkr,1509,0,0,1509,1,0,2,0,3,1,Gd,5,Typ,1,Fa,Attchd,1988.0,RFn,2,600,TA,TA,Y,224,0,0,0,0,0,Gd,MnPrv,Shed,0,8,2008,WD,Abnorml,175000,0.14792667385550437,1509,2.0,36,0,0,0,0,0
532,70,RM,60.0,6155,Pave,Grvl,IR1,Lvl,AllPub,FR3,Gtl,BrkSide,RRNn,Feedr,1Fam,2Story,6,8,1920,1999,Gable,CompShg,Wd Sdng,Wd Sdng,BrkFace,0.0,TA,TA,BrkTil,Fa,Fa,Mn,Unf,0,Unf,0,611,611,GasA,Ex,Y,SBrkr,751,611,0,1362,0,0,2,0,3,1,TA,6,Typ,0,Gd,Detchd,1920.0,Fin,2,502,TA,Fa,Y,0,0,84,0,0,0,Gd,MnPrv,Shed,0,6,2008,WD,Normal,128000,0.2212475633528265,1362,2.0,104,1,0,0,1,0
533,20,RL,60.0,7200,Pave,Grvl,Reg,Lvl,AllPub,Inside,Gtl,NAmes,Norm,Norm,1Fam,1Story,5,7,1955,2007,Gable,CompShg,VinylSd,VinylSd,BrkFace,0.0,TA,TA,Slab,TA,TA,No,Unf,0,Unf,0,0,0,GasA,Ex,Y,SBrkr,827,0,0,827,0,0,1,0,2,1,TA,5,Mod,1,Po,Detchd,1967.0,Unf,1,392,TA,TA,Y,0,0,0,0,0,0,Gd,MnPrv,Shed,0,4,2010,WD,Normal,107500,0.11484516039438966,827,1.0,69,0,0,0,0,0
534,20,RL,50.0,5000,Pave,Grvl,Reg,Low,AllPub,Inside,Mod,BrkSide,Norm,Norm,1Fam,1Story,1,3,1946,1950,Gable,CompShg,VinylSd,VinylSd,BrkFace,0.0,Fa,Fa,Slab,TA,TA,No,Unf,0,Unf,0,0,0,GasA,Fa,N,FuseF,334,0,0,334,0,0,1,0,1,1,Fa,2,Typ,0,Gd,Attchd,1980.0,Unf,0,0,TA,TA,N,0,0,0,0,0,0,Gd,MnPrv,Shed,0,1,2007,WD,Normal,39300,0.06678664267146571,334,1.0,78,0,0,0,0,2
535,60,RL,74.0,9056,Pave,Grvl,IR1,Lvl,AllPub,Inside,Gtl,Gilbert,Norm,Norm,1Fam,2Story,8,5,2004,2004,Gable,CompShg,VinylSd,VinylSd,BrkFace,0.0,Gd,TA,PConc,Ex,Gd,Av,Unf,0,Unf,0,707,707,GasA,Ex,Y,SBrkr,707,707,0,1414,0,0,2,1,3,1,Gd,6,Typ,1,Gd,Attchd,2004.0,Fin,2,403,TA,TA,Y,100,35,0,0,0,0,Gd,MnPrv,Shed,0,10,2006,WD,Normal,178000,0.1561223363144529,1414,2.5,20,0,0,0,1,0
536,190,RL,70.0,7000,Pave,Grvl,Reg,Lvl,AllPub,Inside,Gtl,Edwards,Norm,Norm,2fmCon,2Story,5,7,1910,1991,Gable,CompShg,MetalSd,MetalSd,BrkFace,0.0,TA,TA,CBlock,Gd,TA,Gd,GLQ,969,Unf,0,148,1117,GasA,TA,Y,SBrkr,820,527,0,1347,1,0,1,0,3,1,TA,5,Typ,0,Gd,Attchd,1980.0,Unf,0,0,TA,TA,N,85,0,148,0,0,0,Gd,MnPrv,Shed,0,1,2008,WD,Normal,107500,0.19240108555920582,1347,1.0,114,0,0,0,0,0
537,60,RL,57.0,8924,Pave,Grvl,IR1,Lvl,AllPub,CulDSac,Gtl,CollgCr,Norm,Norm,1Fam,2Story,7,5,1998,1999,Gable,CompShg,VinylSd,VinylSd,BrkFace,0.0,TA,TA,PConc,Gd,TA,Av,Unf,0,Unf,0,880,880,GasA,Ex,Y,SBrkr,880,844,0,1724,0,0,2,1,3,1,Gd,8,Typ,0,Gd,Attchd,1998.0,Fin,2,527,TA,TA,Y,120,155,0,0,0,0,Gd,MnPrv,Shed,0,7,2008,WD,Normal,188000,0.19316526610644258,1724,2.5,26,0,0,0,1,0
538,20,RL,69.0,12735,Pave,Grvl,IR1,Lvl,AllPub,FR2,Gtl,NAmes,Norm,Norm,1Fam,1Story,4,5,1972,1972,Hip,CompShg,MetalSd,MetalSd,BrkFace,0.0,TA,TA,CBlock,TA,TA,No,BLQ,600,Unf,0,264,864,GasA,TA,Y,SBrkr,864,0,0,864,0,0,1,0,3,1,TA,5,Typ,0,Gd,Detchd,1980.0,Unf,2,576,TA,TA,Y,216,0,0,0,0,0,Gd,MnWw,Shed,0,4,2008,COD,Normal,111250,0.0678391959798995,864,1.0,52,0,0,0,1,0
539,20,RL,69.0,11553,Pave,Grvl,IR1,Lvl,AllPub,Inside,Gtl,Sawyer,Norm,Norm,1Fam,1Story,5,5,1968,1968,Hip,CompShg,Plywood,Plywood,BrkFace,188.0,TA,TA,CBlock,TA,TA,No,BLQ,673,Unf,0,378,1051,GasA,TA,Y,SBrkr,1159,0,0,1159,0,0,1,1,3,1,TA,7,Typ,1,Fa,Attchd,1968.0,Unf,1,336,TA,TA,Y,466,0,0,0,0,0,Gd,MnPrv,Shed,0,7,2006,WD,Normal,158000,0.10031158040505453,1159,1.5,56,0,0,0,1,0
540,20,RL,69.0,11423,Pave,Grvl,Reg,Lvl,AllPub,Inside,Gtl,CollgCr,Norm,Norm,1Fam,1Story,8,5,2001,2002,Gable,CompShg,VinylSd,VinylSd,BrkFace,479.0,Gd,TA,PConc,Gd,TA,Av,GLQ,1358,Unf,0,223,1581,GasA,Ex,Y,SBrkr,1601,0,0,1601,1,0,2,0,3,1,Gd,6,Typ,1,TA,Attchd,2001.0,RFn,2,670,TA,TA,Y,180,0,0,0,0,0,Gd,MnPrv,Shed,2000,5,2010,WD,Normal,272000,0.1401435574229692,1601,2.0,23,0,0,0,0,0
541,20,RL,85.0,14601,Pave,Grvl,Reg,Lvl,AllPub,Inside,Gtl,Timber,Norm,Norm,1Fam,1Story,9,5,2006,2006,Hip,CompShg,VinylSd,VinylSd,BrkFace,584.0,Ex,TA,PConc,Ex,TA,Av,GLQ,1260,Unf,0,578,1838,GasA,Ex,Y,SBrkr,1838,0,0,1838,1,0,2,0,2,1,Ex,8,Typ,1,Gd,Attchd,2006.0,Fin,3,765,TA,TA,Y,270,68,0,0,0,0,Gd,MnPrv,Shed,0,3,2009,WD,Normal,315000,0.12587316805916998,1838,2.0,18,0,0,0,0,0
542,60,RL,69.0,11000,Pave,Grvl,Reg,Lvl,AllPub,FR2,Gtl,NoRidge,Norm,Norm,1Fam,2Story,8,5,2000,2000,Gable,CompShg,VinylSd,VinylSd,BrkFace,72.0,Gd,TA,PConc,Gd,TA,No,Unf,0,Unf,0,969,969,GasA,Ex,Y,SBrkr,997,1288,0,2285,0,0,2,1,4,1,Gd,8,Typ,1,TA,BuiltIn,2000.0,Fin,3,648,TA,TA,Y,0,56,0,0,0,0,Gd,MnPrv,Shed,0,6,2007,WD,Normal,248000,0.20770839014635034,2285,2.5,24,0,0,0,0,0
543,20,RL,78.0,10140,Pave,Grvl,Reg,Lvl,AllPub,Inside,Gtl,NWAmes,RRAn,Norm,1Fam,1Story,7,5,1998,1999,Hip,CompShg,VinylSd,VinylSd,BrkFace,0.0,Gd,TA,PConc,Ex,TA,No,LwQ,144,GLQ,1127,379,1650,GasA,Ex,Y,SBrkr,1680,0,0,1680,1,0,2,0,3,1,Gd,7,Maj1,1,TA,Attchd,1998.0,Fin,2,583,TA,TA,Y,78,73,0,0,0,0,Gd,MnPrv,Shed,0,6,2009,WD,Normal,213250,0.1656641356868159,1680,2.0,26,0,0,0,0,0
544,120,RH,34.0,4058,Pave,Grvl,Reg,Lvl,AllPub,Inside,Gtl,NAmes,Norm,Norm,TwnhsE,SFoyer,7,5,1998,1998,Gable,CompShg,MetalSd,MetalSd,BrkFace,182.0,TA,TA,PConc,Gd,TA,Av,GLQ,584,LwQ,139,0,723,GasA,Ex,Y,SBrkr,767,0,0,767,1,0,1,0,1,1,TA,4,Typ,0,Gd,Attchd,1998.0,Fin,1,367,TA,TA,Y,120,40,0,0,0,0,Gd,MnPrv,Shed,0,6,2007,WD,Normal,133000,0.1889627987188963,767,1.0,26,4,0,0,0,0
545,60,RL,58.0,17104,Pave,Grvl,IR1,Lvl,AllPub,Inside,Gtl,Gilbert,Norm,Norm,1Fam,2Story,7,5,2006,2006,Gable,CompShg,VinylSd,VinylSd,BrkFace,0.0,Gd,TA,PConc,Gd,Gd,Av,GLQ,554,Unf,0,100,654,GasA,Ex,Y,SBrkr,664,832,0,1496,1,0,2,1,3,1,Gd,7,Typ,1,Gd,Attchd,2006.0,RFn,2,426,TA,TA,Y,100,24,0,0,0,0,Gd,MnPrv,Shed,0,9,2006,New,Partial,179665,0.08745980707395498,1496,2.5,18,0,0,0,1,0
546,50,RL,69.0,13837,Pave,Grvl,IR1,Lvl,AllPub,Corner,Gtl,NWAmes,Norm,Norm,1Fam,1.5Fin,7,5,1988,1988,Gable,CompShg,HdBoard,HdBoard,BrkFace,178.0,Gd,Gd,PConc,Gd,Gd,No,GLQ,1002,LwQ,202,0,1204,GasA,Gd,Y,SBrkr,1377,806,0,2183,0,0,2,1,4,1,Gd,9,Typ,0,Gd,Attchd,1988.0,Unf,3,786,TA,TA,Y,0,0,0,0,0,0,Gd,MnPrv,Shed,0,2,2006,WD,Normal,229000,0.15775401069518716,2183,2.5,36,0,0,0,1,0
547,50,RL,70.0,8737,Pave,Grvl,IR1,Bnk,AllPub,Inside,Gtl,BrkSide,Norm,Norm,1Fam,1.5Fin,6,7,1923,1950,Gable,CompShg,BrkFace,Wd Sdng,BrkFace,0.0,TA,TA,BrkTil,Gd,TA,No,Rec,300,Unf,0,765,1065,GasA,Ex,Y,FuseA,915,720,0,1635,0,0,1,1,3,1,TA,6,Typ,1,Gd,Detchd,1950.0,Unf,2,440,TA,TA,Y,0,38,0,144,0,0,Gd,MnPrv,Shed,0,5,2007,WD,Normal,210000,0.18711375600823987,1635,1.5,101,0,0,0,1,1
548,85,RL,54.0,7244,Pave,Grvl,Reg,Lvl,AllPub,Inside,Gtl,Mitchel,Norm,Norm,1Fam,SFoyer,5,7,1970,1970,Gable,CompShg,VinylSd,VinylSd,BrkFace,0.0,TA,Gd,CBlock,Gd,TA,Av,ALQ,619,Unf,0,149,768,GasA,Ex,Y,SBrkr,768,0,0,768,1,0,1,0,2,1,TA,5,Typ,0,Gd,Detchd,1987.0,Unf,2,624,TA,TA,Y,104,0,0,0,0,0,Gd,MnPrv,Shed,0,4,2007,WD,Normal,129500,0.10600414078674948,768,1.0,54,0,0,0,0,0
549,20,RM,49.0,8235,Pave,Grvl,IR1,HLS,AllPub,Inside,Gtl,OldTown,Feedr,RRNn,1Fam,1Story,5,7,1955,1995,Gable,CompShg,MetalSd,MetalSd,BrkFace,0.0,TA,Gd,CBlock,TA,TA,No,LwQ,180,Rec,645,0,825,GasA,TA,Y,SBrkr,825,0,0,825,1,0,1,0,2,1,TA,4,Typ,0,Gd,Detchd,1963.0,RFn,2,720,TA,TA,Y,140,50,0,0,0,0,Gd,MnPrv,Shed,0,6,2008,WD,Normal,125000,0.10016998542982031,825,1.0,69,1,0,0,1,3
550,60,FV,75.0,9375,Pave,Grvl,Reg,Lvl,AllPub,Inside,Gtl,Somerst,Norm,Norm,1Fam,2Story,7,5,2003,2004,Gable,CompShg,VinylSd,VinylSd,BrkFace,0.0,Gd,TA,PConc,Gd,TA,No,Unf,0,Unf,0,912,912,GasA,Ex,Y,SBrkr,912,1182,0,2094,0,0,2,1,4,1,Gd,8,Typ,1,Gd,BuiltIn,2003.0,Fin,2,615,TA,TA,Y,182,182,0,0,0,0,Gd,MnPrv,Shed,0,11,2009,WD,Normal,263000,0.22333617747440274,2094,2.5,21,3,0,0,0,0
551,120,RL,53.0,4043,Pave,Grvl,Reg,Lvl,AllPub,Inside,Gtl,NPkVill,Norm,Norm,TwnhsE,1Story,6,6,1977,1977,Gable,CompShg,Plywood,Plywood,BrkFace,0.0,TA,TA,CBlock,Gd,TA,No,ALQ,559,Unf,0,510,1069,GasA,TA,Y,SBrkr,1069,0,0,1069,0,0,2,0,2,1,TA,4,Typ,0,Gd,Attchd,1977.0,RFn,2,440,TA,TA,Y,0,55,0,0,200,0,Gd,MnPrv,Shed,0,10,2008,COD,Abnorml,140000,0.2643422354104847,1069,2.0,47,0,0,0,0,0
552,20,RM,50.0,6000,Pave,Grvl,Reg,Lvl,AllPub,Inside,Gtl,OldTown,Norm,Norm,1Fam,1Story,5,6,1957,1957,Hip,CompShg,BrkFace,BrkFace,BrkFace,0.0,TA,TA,CBlock,TA,TA,No,Rec,308,Unf,0,620,928,GasA,Gd,Y,FuseA,928,0,0,928,0,0,1,0,3,1,TA,5,Typ,0,Gd,Attchd,1957.0,Fin,1,288,TA,TA,Y,0,0,0,0,0,0,Gd,MnPrv,Shed,0,6,2008,WD,Normal,112500,0.15464089318446925,928,1.0,67,1,0,0,0,0
553,20,RL,87.0,11146,Pave,Grvl,IR1,Lvl,AllPub,Inside,Gtl,NridgHt,Norm,Norm,1Fam,1Story,8,5,2006,2006,Gable,CompShg,VinylSd,VinylSd,Stone,250.0,Gd,TA,PConc,Ex,TA,Av,Unf,0,Unf,0,1709,1709,GasA,Ex,Y,SBrkr,1717,0,0,1717,0,0,2,0,3,1,Gd,7,Typ,1,Gd,Attchd,2006.0,RFn,3,908,TA,TA,Y,169,39,0,0,0,0,Gd,MnPrv,Shed,0,7,2009,WD,Normal,255500,0.15403247510540952,1717,2.0,18,0,0,0,1,0
554,20,RL,67.0,8777,Pave,Grvl,Reg,Lvl,AllPub,Inside,Gtl,Edwards,Feedr,Norm,1Fam,1Story,4,5,1949,2003,Gable,CompShg,VinylSd,VinylSd,BrkFace,0.0,TA,TA,CBlock,TA,TA,No,Unf,0,Unf,0,0,0,GasA,Ex,Y,SBrkr,1126,0,0,1126,0,0,2,0,2,1,Gd,5,Typ,0,Gd,Detchd,2002.0,Fin,2,520,TA,TA,N,0,96,0,0,0,0,Gd,MnPrv,Shed,0,5,2009,WD,Normal,108000,0.12827523353839143,1126,2.0,75,0,0,0,0,0
555,60,RL,85.0,10625,Pave,Grvl,Reg,Lvl,AllPub,Inside,Gtl,NridgHt,Norm,Norm,1Fam,2Story,7,5,2003,2004,Gable,CompShg,VinylSd,VinylSd,BrkFace,292.0,Gd,TA,PConc,Gd,TA,No,GLQ,866,Unf,0,132,998,GasA,Ex,Y,SBrkr,1006,1040,0,2046,1,0,2,1,3,1,Gd,8,Typ,1,Gd,BuiltIn,2003.0,RFn,3,871,TA,TA,Y,320,62,0,0,0,0,Gd,MnPrv,Shed,0,8,2008,WD,Normal,284000,0.19254658385093168,2046,2.5,21,0,0,0,0,0
556,45,RM,58.0,6380,Pave,Grvl,Reg,Lvl,AllPub,Inside,Gtl,BrkSide,Norm,Norm,1Fam,1.5Unf,5,6,1922,1950,Gable,CompShg,MetalSd,MetalSd,BrkFace,0.0,TA,TA,BrkTil,TA,Fa,No,Unf,0,Unf,0,993,993,GasA,TA,Y,FuseA,1048,0,0,1048,0,0,1,0,2,1,TA,5,Typ,1,Gd,Detchd,1922.0,Unf,1,280,TA,TA,Y,0,0,116,0,0,0,Gd,MnPrv,Shed,0,8,2006,WD,Normal,113000,0.1642375803165648,1048,1.0,102,1,0,0,0,0
557,20,RL,69.0,14850,Pave,Grvl,IR1,Lvl,AllPub,Inside,Gtl,NAmes,Norm,Norm,1Fam,1Story,5,5,1957,1957,Gable,CompShg,Wd Sdng,Wd Sdng,BrkFace,0.0,TA,TA,CBlock,TA,TA,No,Rec,895,Unf,0,197,1092,GasA,TA,Y,FuseA,1092,0,0,1092,1,0,1,0,2,1,TA,6,Typ,1,TA,Attchd,1957.0,Fin,1,299,TA,TA,Y,268,0,0,0,122,0,Gd,MnWw,Shed,0,5,2006,WD,Normal,141000,0.07353040199313178,1092,1.0,67,0,0,0,1,0
558,50,C (all),60.0,11040,Pave,Grvl,Reg,Low,AllPub,Inside,Mod,IDOTRR,Norm,Norm,1Fam,1.5Fin,4,6,1920,1950,Gable,CompShg,MetalSd,MetalSd,BrkFace,0.0,TA,TA,CBlock,TA,TA,No,Rec,637,Unf,0,0,637,GasA,Gd,Y,SBrkr,897,439,0,1336,0,0,1,1,3,1,TA,7,Typ,0,Gd,CarPort,1994.0,Unf,1,570,TA,TA,Y,0,47,120,0,0,0,Gd,MnPrv,Shed,0,9,2006,COD,Normal,108000,0.12100353228874196,1336,1.5,104,2,0,0,0,2
559,60,RL,57.0,21872,Pave,Grvl,IR2,HLS,AllPub,FR2,Gtl,Gilbert,Norm,Norm,1Fam,2Story,7,5,1996,1997,Gable,CompShg,HdBoard,HdBoard,BrkFace,0.0,TA,TA,PConc,Gd,TA,Gd,GLQ,604,Unf,0,125,729,GasA,Ex,Y,SBrkr,729,717,0,1446,0,1,2,1,3,1,TA,6,Typ,1,TA,Attchd,1996.0,Unf,2,406,TA,TA,Y,264,22,0,0,0,0,Gd,MnPrv,Shed,0,8,2008,WD,Normal,175000,0.06610890138526951,1446,2.5,28,0,0,0,2,3
560,120,RL,69.0,3196,Pave,Grvl,Reg,Lvl,AllPub,Inside,Gtl,Blmngtn,Norm,Norm,TwnhsE,1Story,7,5,2003,2004,Gable,CompShg,VinylSd,VinylSd,BrkFace,18.0,Gd,TA,PConc,Gd,TA,Gd,Unf,0,Unf,0,1374,1374,GasA,Ex,Y,SBrkr,1557,0,0,1557,0,0,2,0,2,1,Gd,7,Typ,1,TA,Attchd,2003.0,Fin,2,420,TA,TA,Y,143,20,0,0,0,0,Gd,MnPrv,Shed,0,10,2006,WD,Normal,234000,0.4870190803878636,1557,2.0,21,0,0,0,0,0
561,20,RL,69.0,11341,Pave,Grvl,IR1,Lvl,AllPub,Inside,Gtl,Sawyer,Norm,Norm,1Fam,1Story,5,6,1957,1996,Hip,CompShg,Wd Sdng,Wd Sdng,BrkFace,180.0,TA,TA,CBlock,Gd,TA,No,ALQ,1302,Unf,0,90,1392,GasA,TA,Y,SBrkr,1392,0,0,1392,1,0,1,1,3,1,TA,5,Mod,1,Gd,Detchd,1957.0,Unf,2,528,TA,TA,Y,0,0,0,0,95,0,Gd,MnPrv,Shed,0,5,2010,WD,Normal,121500,0.12272967730558984,1392,1.5,67,0,0,0,1,0
562,20,RL,77.0,10010,Pave,Grvl,Reg,Lvl,AllPub,Inside,Mod,Mitchel,Norm,Norm,1Fam,1Story,5,5,1974,1975,Gable,CompShg,HdBoard,HdBoard,BrkFace,0.0,TA,TA,CBlock,Gd,TA,Av,ALQ,1071,LwQ,123,195,1389,GasA,Gd,Y,SBrkr,1389,0,0,1389,1,0,1,0,2,1,TA,6,Typ,1,TA,Attchd,1975.0,RFn,2,418,TA,TA,Y,240,38,0,0,0,0,Gd,MnPrv,Shed,0,4,2006,WD,Normal,170000,0.13874737788432723,1389,1.0,50,0,0,0,0,0
563,30,RL,63.0,13907,Pave,Grvl,Reg,Lvl,AllPub,Inside,Gtl,Edwards,Norm,Norm,1Fam,1Story,5,6,1940,1969,Gable,CompShg,WdShing,Wd Shng,BrkFace,0.0,TA,TA,CBlock,TA,TA,No,BLQ,290,Unf,0,706,996,GasA,Ex,Y,SBrkr,996,0,0,996,1,0,1,0,3,1,TA,6,Typ,1,Gd,Attchd,1980.0,Unf,0,0,TA,TA,Y,144,0,0,0,0,0,Gd,MnPrv,Shed,0,7,2008,WD,Normal,108000,0.07161345987920621,996,1.0,84,0,0,0,0,0
564,50,RL,66.0,21780,Pave,Grvl,Reg,Lvl,AllPub,Inside,Gtl,Edwards,Norm,Norm,1Fam,1.5Fin,6,7,1918,1950,Gable,CompShg,Wd Sdng,Wd Sdng,BrkFace,0.0,TA,TA,BrkTil,Gd,TA,Mn,Unf,0,Unf,0,1163,1163,GasA,Ex,Y,SBrkr,1163,511,0,1674,0,0,2,0,4,1,TA,8,Typ,1,Gd,Detchd,1955.0,Fin,2,396,TA,TA,N,72,36,0,0,144,0,Gd,MnPrv,Shed,0,7,2008,WD,Normal,185000,0.07685597539139617,1674,2.0,106,0,0,0,0,0
565,60,RL,69.0,13346,Pave,Grvl,IR1,Lvl,AllPub,CulDSac,Gtl,NoRidge,Norm,Norm,1Fam,2Story,7,5,1992,2000,Gable,CompShg,HdBoard,HdBoard,BrkFace,0.0,Gd,TA,PConc,Gd,TA,No,GLQ,728,Unf,0,367,1095,GasA,Ex,Y,SBrkr,1166,1129,0,2295,1,0,2,1,4,1,Gd,9,Typ,1,TA,Attchd,1992.0,RFn,2,590,TA,TA,Y,0,40,0,0,0,0,Gd,MnPrv,Shed,0,7,2006,WD,Normal,268000,0.17194875252865813,2295,2.5,32,0,0,0,1,0
566,70,RL,66.0,6858,Pave,Grvl,Reg,Bnk,AllPub,Corner,Gtl,SWISU,Norm,Norm,1Fam,2Story,6,4,1915,1950,Gable,CompShg,Wd Sdng,Wd Sdng,BrkFace,0.0,TA,TA,PConc,Gd,TA,No,Unf,0,Unf,0,806,806,GasA,TA,N,FuseF,841,806,0,1647,1,0,1,1,4,1,Fa,6,Typ,0,Gd,Detchd,1920.0,Unf,1,216,TA,TA,Y,0,66,136,0,0,0,Gd,MnPrv,Shed,0,5,2010,WD,Normal,128000,0.2401224668318997,1647,1.5,109,0,0,0,0,1
567,60,RL,77.0,11198,Pave,Grvl,IR1,Lvl,AllPub,Inside,Gtl,StoneBr,Norm,Norm,1Fam,2Story,9,5,2005,2007,Hip,CompShg,VinylSd,VinylSd,BrkFace,245.0,Gd,TA,PConc,Gd,Gd,No,Unf,0,Unf,0,1122,1122,GasA,Ex,Y,SBrkr,1134,1370,0,2504,0,0,2,1,4,1,Ex,11,Typ,1,Gd,BuiltIn,2005.0,Fin,3,656,TA,TA,Y,144,39,0,0,0,0,Gd,MnPrv,Shed,0,6,2008,WD,Normal,325000,0.22359139208857934,2504,2.5,19,0,0,0,1,0
568,20,RL,70.0,10171,Pave,Grvl,IR1,Lvl,AllPub,Inside,Gtl,NridgHt,Norm,Norm,1Fam,1Story,7,5,2004,2004,Gable,CompShg,VinylSd,VinylSd,BrkFace,168.0,Gd,TA,PConc,Gd,TA,No,GLQ,2,Unf,0,1515,1517,GasA,Ex,Y,SBrkr,1535,0,0,1535,0,0,2,0,3,1,Gd,7,Typ,0,Gd,Attchd,2004.0,RFn,2,532,TA,TA,Y,0,0,0,0,0,0,Gd,MnPrv,Shed,0,3,2010,WD,Normal,214000,0.1509044435705859,1535,2.0,20,0,0,0,1,0
569,50,RL,79.0,12327,Pave,Grvl,IR1,Low,AllPub,Inside,Mod,SawyerW,Norm,Norm,1Fam,1.5Fin,8,8,1983,2009,Gable,CompShg,Wd Sdng,Wd Sdng,BrkFace,0.0,Gd,TA,CBlock,Gd,TA,Gd,GLQ,1441,Unf,0,55,1496,GasA,Ex,Y,SBrkr,1496,636,0,2132,1,0,1,1,1,1,Gd,5,Min2,1,Gd,BuiltIn,1983.0,Fin,2,612,Gd,TA,Y,349,40,0,0,0,0,Gd,MnPrv,Shed,0,9,2009,WD,Normal,316600,0.17293964957819596,2132,1.5,41,0,0,0,1,2
570,90,RL,69.0,7032,Pave,Grvl,IR1,Lvl,AllPub,Corner,Gtl,NAmes,Norm,Norm,Duplex,SFoyer,5,5,1979,1979,Gable,CompShg,MetalSd,MetalSd,BrkFace,0.0,TA,TA,CBlock,Gd,TA,Gd,GLQ,943,Unf,0,0,943,GasA,TA,Y,SBrkr,943,0,0,943,1,0,1,0,2,1,TA,4,Typ,2,TA,Detchd,1979.0,Unf,2,600,TA,TA,Y,42,0,0,0,0,0,Gd,MnPrv,Shed,0,12,2006,WD,Normal,135960,0.13408218398976254,943,1.0,45,0,0,0,1,0
571,90,RL,74.0,13101,Pave,Grvl,IR1,Lvl,AllPub,Inside,Gtl,NAmes,Norm,Norm,Duplex,1Story,5,5,1965,1965,Gable,CompShg,HdBoard,HdBoard,BrkFace,108.0,TA,TA,CBlock,TA,TA,No,LwQ,231,Unf,0,1497,1728,GasA,TA,Y,SBrkr,1728,0,0,1728,0,0,2,0,6,2,TA,10,Typ,0,Gd,Detchd,1987.0,Unf,2,576,TA,TA,Y,0,0,0,0,0,0,Gd,MnPrv,Shed,0,11,2008,WD,Normal,142600,0.13188826133414747,1728,2.0,59,0,0,0,1,0
572,20,RL,60.0,7332,Pave,Grvl,Reg,Lvl,AllPub,Inside,Gtl,NAmes,Norm,Norm,1Fam,1Story,6,6,1959,1959,Gable,CompShg,WdShing,Wd Shng,BrkFace,207.0,TA,TA,CBlock,TA,TA,No,BLQ,414,Unf,0,450,864,GasA,Ex,Y,SBrkr,864,0,0,864,1,0,1,0,2,1,Gd,4,Typ,0,Gd,Attchd,1959.0,Unf,1,288,TA,TA,Y,168,0,0,0,0,0,Gd,MnPrv,Shed,0,10,2006,WD,Abnorml,120000,0.11782353743351971,864,1.0,65,0,0,0,0,0
573,60,RL,83.0,13159,Pave,Grvl,IR1,HLS,AllPub,Corner,Gtl,Timber,Norm,Norm,1Fam,2Story,7,5,2009,2009,Gable,CompShg,VinylSd,VinylSd,BrkFace,0.0,TA,TA,PConc,Ex,TA,Av,Unf,0,Unf,0,846,846,GasA,Gd,Y,SBrkr,846,846,0,1692,0,0,2,1,3,1,Gd,6,Typ,0,Gd,Attchd,2009.0,RFn,2,650,TA,TA,Y,208,114,0,0,0,0,Gd,MnPrv,Shed,0,7,2009,New,Partial,224500,0.12857142857142856,1692,2.5,15,0,0,0,1,3
574,80,RL,76.0,9967,Pave,Grvl,IR1,Lvl,AllPub,Inside,Gtl,Gilbert,Norm,Norm,1Fam,SLvl,7,5,2000,2000,Gable,CompShg,VinylSd,VinylSd,BrkFace,0.0,TA,TA,PConc,Gd,TA,No,Unf,0,Unf,0,384,384,GasA,Ex,Y,SBrkr,774,656,0,1430,0,0,2,1,3,1,TA,8,Typ,1,TA,BuiltIn,2000.0,RFn,2,400,TA,TA,Y,100,0,0,0,0,0,Gd,MnPrv,Shed,0,12,2007,WD,Normal,170000,0.14345906902086678,1430,2.5,24,0,0,0,1,0
575,80,RL,70.0,10500,Pave,Grvl,Reg,Lvl,AllPub,FR2,Gtl,NAmes,Norm,Norm,1Fam,SLvl,5,7,1971,2005,Gambrel,CompShg,MetalSd,AsphShn,BrkFace,82.0,TA,TA,CBlock,TA,TA,Av,ALQ,349,Unf,0,23,372,GasA,TA,Y,SBrkr,576,533,0,1109,0,1,1,0,3,1,TA,5,Typ,0,Gd,BuiltIn,1971.0,Unf,1,288,TA,TA,Y,35,0,0,0,0,0,Gd,GdWo,Shed,0,12,2007,WD,Normal,139000,0.10560898962003619,1109,1.0,53,0,0,0,0,0
576,50,RL,80.0,8480,Pave,Grvl,Reg,Lvl,AllPub,Inside,Gtl,NAmes,Norm,Norm,1Fam,1.5Fin,5,5,1947,1950,Gable,CompShg,MetalSd,MetalSd,BrkFace,0.0,TA,TA,CBlock,TA,TA,No,Rec,442,Unf,0,390,832,GasA,TA,Y,SBrkr,832,384,0,1216,0,0,1,0,2,1,TA,6,Typ,0,Gd,Detchd,1947.0,Unf,1,336,TA,TA,Y,158,0,102,0,0,0,Gd,MnPrv,Shed,0,10,2008,COD,Abnorml,118500,0.14337931847659474,1216,1.0,77,0,0,0,0,0
577,50,RL,52.0,6292,Pave,Grvl,Reg,Lvl,AllPub,Inside,Gtl,SWISU,Norm,Norm,1Fam,1.5Fin,7,7,1928,1950,Gable,CompShg,Wd Sdng,Wd Sdng,BrkFace,0.0,TA,TA,BrkTil,TA,TA,No,Unf,0,Unf,0,861,861,GasA,Gd,Y,SBrkr,877,600,0,1477,0,1,2,0,3,1,TA,6,Typ,1,Gd,Detchd,1928.0,Unf,1,216,TA,TA,Y,0,50,0,0,0,0,Gd,MnPrv,Shed,0,8,2009,WD,Normal,145000,0.2347052280311457,1477,2.0,96,0,0,0,0,0
578,80,RL,96.0,11777,Pave,Grvl,IR1,Lvl,AllPub,Inside,Gtl,Sawyer,Norm,Norm,1Fam,SLvl,5,6,1966,1966,Gable,CompShg,VinylSd,VinylSd,BrkFace,97.0,TA,TA,CBlock,TA,TA,Av,LwQ,328,ALQ,551,285,1164,GasA,Ex,Y,SBrkr,1320,0,0,1320,1,0,1,0,3,1,TA,6,Typ,2,Fa,Attchd,1966.0,RFn,2,564,TA,TA,Y,160,68,240,0,0,0,Gd,MnPrv,Shed,0,5,2006,WD,Abnorml,164500,0.11207335710646969,1320,1.0,58,0,0,0,1,0
579,160,FV,34.0,3604,Pave,Pave,Reg,Lvl,AllPub,Corner,Gtl,Somerst,Norm,Norm,TwnhsE,2Story,7,5,2007,2007,Gable,CompShg,VinylSd,VinylSd,BrkFace,0.0,Gd,TA,PConc,Gd,TA,No,Unf,0,Unf,0,689,689,GasA,Ex,Y,SBrkr,703,689,0,1392,0,0,2,0,2,1,Gd,5,Typ,0,Gd,Detchd,2007.0,Unf,2,540,TA,TA,Y,0,102,0,0,0,0,Gd,MnPrv,Shed,0,2,2008,WD,Abnorml,146000,0.386130374479889,1392,2.0,17,3,0,1,0,0
580,50,RM,81.0,12150,Pave,Grvl,Reg,Lvl,AllPub,Inside,Gtl,OldTown,Norm,Norm,1Fam,1.5Fin,5,5,1954,1954,Gable,CompShg,MetalSd,MetalSd,BrkFace,335.0,TA,TA,BrkTil,TA,TA,No,Unf,0,Unf,0,1050,1050,GasA,Ex,N,FuseF,1050,745,0,1795,0,0,2,0,4,1,TA,7,Typ,0,Gd,Attchd,1954.0,Unf,1,352,Fa,TA,Y,0,0,0,0,0,0,Gd,MnPrv,Shed,0,11,2008,WD,Normal,131500,0.14772446712204756,1795,2.0,70,1,0,0,0,0
581,20,RL,69.0,14585,Pave,Grvl,IR1,Lvl,AllPub,CulDSac,Gtl,NAmes,Norm,Norm,1Fam,1Story,6,6,1960,1987,Gable,CompShg,Wd Sdng,Wd Sdng,BrkFace,85.0,TA,TA,CBlock,TA,TA,No,BLQ,594,Rec,219,331,1144,GasA,Ex,Y,SBrkr,1429,0,0,1429,0,1,1,0,3,1,Gd,7,Typ,2,Gd,Attchd,1960.0,Unf,2,572,TA,TA,Y,216,110,0,0,0,0,Gd,MnPrv,Shed,0,6,2007,WD,Normal,181900,0.0979706567941862,1429,1.0,64,0,0,0,1,0
582,20,RL,98.0,12704,Pave,Grvl,Reg,Lvl,AllPub,Inside,Gtl,NridgHt,Norm,Norm,1Fam,1Story,8,5,2008,2009,Hip,CompShg,VinylSd,VinylSd,BrkFace,306.0,Ex,TA,PConc,Ex,TA,No,Unf,0,Unf,0,2042,2042,GasA,Ex,Y,SBrkr,2042,0,0,2042,0,0,2,1,3,1,Ex,8,Typ,1,Gd,Attchd,2009.0,RFn,3,1390,TA,TA,Y,0,90,0,0,0,0,Gd,MnPrv,Shed,0,8,2009,New,Partial,253293,0.160724124360488,2042,2.5,16,0,0,0,0,0
583,90,RL,81.0,11841,Grvl,Grvl,Reg,Lvl,AllPub,Inside,Gtl,Edwards,Norm,Norm,Duplex,SFoyer,6,5,1990,1990,Gable,CompShg,HdBoard,HdBoard,BrkFace,104.0,TA,Gd,CBlock,Gd,TA,Av,GLQ,816,Unf,0,0,816,GasA,TA,Y,SBrkr,816,0,0,816,1,0,1,0,3,1,TA,5,Typ,0,Gd,Attchd,1980.0,Unf,0,0,TA,TA,Y,0,32,0,0,0,0,Gd,MnPrv,Shed,0,5,2007,WD,Normal,118500,0.06890727917581489,816,1.0,34,0,1,0,0,0
584,75,RM,75.0,13500,Pave,Grvl,Reg,Lvl,AllPub,Inside,Gtl,OldTown,Artery,PosA,1Fam,2.5Unf,10,9,1893,2000,Gable,CompShg,Wd Sdng,Wd Sdng,BrkFace,0.0,Ex,Ex,BrkTil,TA,TA,No,Unf,0,Unf,0,1237,1237,GasA,Gd,Y,SBrkr,1521,1254,0,2775,0,0,3,1,3,1,Gd,9,Typ,1,Gd,Detchd,1988.0,Unf,2,880,Gd,TA,Y,105,502,0,0,0,0,Gd,MnPrv,Shed,0,7,2008,WD,Normal,325000,0.2055403303459003,2775,3.5,131,1,0,0,0,0
585,50,RM,51.0,6120,Pave,Grvl,Reg,Lvl,AllPub,Inside,Gtl,BrkSide,Norm,Norm,1Fam,1.5Fin,4,7,1935,1995,Gable,CompShg,AsbShng,AsbShng,BrkFace,0.0,TA,TA,BrkTil,TA,TA,No,Unf,0,Unf,0,884,884,GasA,Ex,Y,SBrkr,989,584,0,1573,0,0,1,0,3,1,Gd,6,Typ,0,Gd,Detchd,1935.0,Unf,1,240,TA,TA,Y,0,0,54,0,120,0,Gd,MnPrv,Shed,0,7,2009,WD,Normal,133000,0.25698415291619014,1573,1.0,89,1,0,0,0,0
586,20,RL,88.0,11443,Pave,Grvl,Reg,Lvl,AllPub,Inside,Gtl,Timber,Norm,Norm,1Fam,1Story,8,5,2005,2006,Hip,CompShg,VinylSd,VinylSd,BrkFace,208.0,Gd,TA,PConc,Ex,TA,Gd,GLQ,1460,Unf,0,408,1868,GasA,Ex,Y,SBrkr,2028,0,0,2028,1,0,2,0,2,1,Gd,7,Typ,2,Gd,Attchd,2005.0,RFn,3,880,TA,TA,Y,326,66,0,0,0,0,Gd,MnPrv,Shed,0,3,2006,New,Partial,369900,0.17721076546662007,2028,2.0,19,0,0,0,0,0
587,30,RL,55.0,10267,Pave,Grvl,Reg,Lvl,AllPub,Inside,Gtl,BrkSide,RRAn,Norm,1Fam,1Story,6,7,1918,2000,Gable,CompShg,Stucco,Wd Shng,BrkFace,0.0,TA,Gd,BrkTil,TA,Gd,Mn,Rec,210,ALQ,606,0,816,GasA,Ex,Y,SBrkr,838,0,0,838,1,0,1,0,2,1,Fa,5,Typ,0,Gd,Detchd,1961.0,Fin,1,275,TA,TA,N,0,0,112,0,0,0,Gd,MnWw,Shed,0,5,2008,WD,Normal,130000,0.08161277756135567,838,1.0,106,0,0,0,0,0
588,85,RL,74.0,8740,Pave,Grvl,IR1,Lvl,AllPub,Inside,Gtl,Sawyer,Norm,Norm,1Fam,SFoyer,5,6,1982,1982,Hip,CompShg,HdBoard,HdBoard,BrkFace,0.0,TA,TA,CBlock,TA,TA,Av,ALQ,672,Unf,0,168,840,GasA,TA,Y,SBrkr,860,0,0,860,1,0,1,0,2,1,TA,4,Typ,0,Gd,Detchd,1996.0,Unf,2,528,TA,TA,Y,0,0,0,0,0,0,Gd,MnPrv,Shed,0,7,2009,WD,Normal,137000,0.09838691225260268,860,1.0,42,0,0,0,1,0
589,20,RL,65.0,25095,Pave,Grvl,IR1,Low,AllPub,Inside,Sev,ClearCr,Norm,Norm,1Fam,1Story,5,8,1968,2003,Flat,Tar&Grv,Wd Sdng,Wd Sdng,BrkFace,0.0,TA,TA,CBlock,TA,TA,Gd,GLQ,1324,Unf,0,113,1437,GasA,Ex,Y,SBrkr,1473,0,0,1473,2,0,1,0,1,1,Ex,5,Typ,2,Gd,Attchd,1968.0,Unf,1,452,TA,TA,Y,0,48,0,0,60,0,Gd,MnPrv,Shed,0,6,2009,WD,Partial,143000,0.058694612687280844,1473,1.0,56,0,0,0,1,2
590,40,RM,50.0,9100,Pave,Grvl,Reg,Lvl,AllPub,Inside,Gtl,BrkSide,RRAn,Feedr,1Fam,1Story,5,6,1930,1960,Gable,CompShg,VinylSd,VinylSd,BrkFace,0.0,TA,TA,BrkTil,TA,TA,No,Unf,0,Unf,0,742,742,GasA,TA,Y,FuseA,779,0,156,935,0,0,1,0,2,1,TA,4,Typ,0,Gd,Detchd,1988.0,Unf,1,308,TA,TA,P,0,0,0,0,0,0,Gd,MnPrv,Shed,600,8,2008,WD,Normal,79500,0.10273596308098011,779,1.0,94,1,0,0,0,0
591,60,RL,64.0,8320,Pave,Grvl,Reg,Lvl,AllPub,Inside,Gtl,CollgCr,Norm,Norm,1Fam,2Story,7,5,2004,2004,Gable,CompShg,VinylSd,VinylSd,BrkFace,0.0,Gd,TA,PConc,Gd,TA,No,GLQ,490,Unf,0,280,770,GasA,Ex,Y,SBrkr,770,812,0,1582,0,0,2,1,3,1,Gd,6,Typ,0,Gd,Attchd,2004.0,RFn,2,520,TA,TA,Y,0,45,0,0,0,0,Gd,MnPrv,Shed,0,9,2008,WD,Normal,185900,0.19012137964186998,1582,2.5,20,0,0,0,0,0
592,60,RL,97.0,13478,Pave,Grvl,IR1,Lvl,AllPub,Corner,Gtl,NridgHt,Norm,Norm,1Fam,2Story,10,5,2008,2008,Gable,CompShg,CemntBd,CmentBd,Stone,420.0,Ex,TA,PConc,Ex,TA,Gd,GLQ,1338,Unf,0,384,1722,GasA,Ex,Y,SBrkr,1728,568,0,2296,1,0,2,1,3,1,Ex,10,Typ,1,Gd,BuiltIn,2008.0,RFn,3,842,TA,TA,Y,382,274,0,0,0,0,Gd,MnPrv,Shed,0,6,2009,ConLI,Normal,451950,0.17033904592328808,2296,2.5,16,0,0,0,1,0
593,20,RL,60.0,6600,Pave,Grvl,Reg,Lvl,AllPub,Inside,Gtl,Mitchel,Norm,Norm,1Fam,1Story,5,8,1982,2003,Gable,CompShg,HdBoard,HdBoard,BrkFace,0.0,TA,Gd,PConc,TA,Gd,No,GLQ,816,Unf,0,0,816,GasA,Ex,Y,SBrkr,816,0,0,816,1,0,1,0,2,1,TA,4,Typ,0,Gd,Detchd,1985.0,Fin,2,816,TA,TA,Y,0,0,0,0,0,0,Gd,MnPrv,Shed,0,6,2008,WD,Normal,138000,0.12361763369186488,816,1.0,42,0,0,0,0,0
594,120,RM,69.0,4435,Pave,Grvl,Reg,Lvl,AllPub,Inside,Gtl,CollgCr,Norm,Norm,TwnhsE,1Story,6,5,2003,2003,Gable,CompShg,VinylSd,VinylSd,BrkFace,170.0,Gd,TA,PConc,Gd,TA,Av,GLQ,685,Unf,0,163,848,GasA,Ex,Y,SBrkr,848,0,0,848,1,0,1,0,1,1,Gd,4,Typ,0,Gd,Attchd,2003.0,Fin,2,420,TA,TA,Y,140,0,0,0,0,0,Gd,MnPrv,Shed,0,5,2009,WD,Normal,140000,0.19116321009918846,848,1.0,21,1,0,0,0,0
595,20,RL,88.0,7990,Pave,Grvl,IR1,Lvl,AllPub,Inside,Gtl,CollgCr,Norm,Norm,1Fam,1Story,5,6,1975,1975,Hip,CompShg,HdBoard,HdBoard,BrkFace,0.0,TA,TA,CBlock,Gd,TA,No,Unf,0,Unf,0,924,924,GasA,TA,Y,SBrkr,924,0,0,924,0,0,1,0,3,1,TA,5,Typ,0,Gd,Detchd,1981.0,Unf,1,280,TA,TA,Y,0,0,0,0,0,0,Gd,MnPrv,Shed,0,4,2008,WD,Normal,110000,0.11563008384432487,924,1.0,49,0,0,0,1,0
596,20,RL,69.0,11302,Pave,Grvl,IR1,Lvl,AllPub,Inside,Gtl,StoneBr,Norm,Norm,1Fam,1Story,8,5,2005,2006,Gable,CompShg,VinylSd,Other,BrkFace,238.0,Gd,TA,PConc,Gd,TA,Gd,GLQ,1422,Unf,0,392,1814,GasA,Ex,Y,SBrkr,1826,0,0,1826,1,0,2,0,3,1,Gd,7,Typ,1,TA,Attchd,2005.0,Fin,3,758,TA,TA,Y,180,75,0,0,120,0,Gd,MnPrv,Shed,0,8,2006,New,Partial,319000,0.16155003096523046,1826,2.0,19,0,0,0,1,0
597,70,RM,60.0,3600,Pave,Grvl,Reg,Lvl,AllPub,Inside,Gtl,OldTown,Norm,Norm,1Fam,2Story,6,7,1910,1993,Gable,CompShg,VinylSd,VinylSd,BrkFace,0.0,TA,TA,CBlock,TA,TA,No,Unf,0,Unf,0,684,684,GasA,Ex,N,FuseA,684,684,0,1368,0,0,1,0,3,1,TA,7,Typ,0,Gd,Detchd,1930.0,Unf,1,216,TA,Fa,N,0,158,0,0,0,0,Gd,MnPrv,Shed,0,10,2006,WD,Normal,114504,0.37989447375728963,1368,1.0,114,1,0,0,0,0
598,120,RL,53.0,3922,Pave,Grvl,Reg,Lvl,AllPub,Inside,Gtl,Blmngtn,Norm,Norm,TwnhsE,1Story,7,5,2006,2007,Gable,CompShg,VinylSd,VinylSd,BrkFace,72.0,Gd,TA,PConc,Ex,TA,Av,Unf,0,Unf,0,1258,1258,GasA,Ex,Y,SBrkr,1402,0,0,1402,0,2,0,2,2,1,Gd,7,Typ,1,Gd,Attchd,2006.0,Fin,3,648,TA,TA,Y,120,16,0,0,0,0,Gd,MnPrv,Shed,0,2,2007,New,Partial,194201,0.3573795564618914,1402,1.0,18,0,0,0,0,0
599,20,RL,80.0,12984,Pave,Grvl,Reg,Bnk,AllPub,Inside,Gtl,Crawfor,Norm,Norm,1Fam,1Story,5,6,1977,1977,Gable,CompShg,Plywood,Plywood,BrkFace,459.0,TA,TA,CBlock,Gd,TA,Mn,ALQ,1283,LwQ,147,0,1430,GasA,Ex,Y,SBrkr,1647,0,0,1647,1,0,2,0,3,1,Gd,7,Typ,1,TA,Attchd,1977.0,Fin,2,621,TA,TA,Y,0,0,0,0,0,0,Gd,MnPrv,Shed,0,3,2006,WD,Normal,217500,0.12683865999229882,1647,2.0,47,0,0,0,0,1
600,160,RM,24.0,1950,Pave,Grvl,Reg,Lvl,AllPub,Inside,Gtl,Blueste,Norm,Norm,Twnhs,2Story,6,6,1980,1980,Gable,CompShg,MetalSd,MetalSd,BrkFace,0.0,TA,Gd,CBlock,Gd,TA,No,LwQ,81,GLQ,612,23,716,GasA,TA,Y,SBrkr,716,840,0,1556,1,0,2,1,3,1,TA,6,Typ,1,TA,Attchd,1980.0,Fin,2,452,TA,TA,Y,161,0,0,0,0,0,Gd,GdPrv,Shed,0,7,2008,COD,Normal,151000,0.7975397232188621,1556,2.5,44,1,0,0,0,0
601,60,RL,74.0,10927,Pave,Grvl,Reg,Lvl,AllPub,Inside,Gtl,NridgHt,Norm,Norm,1Fam,2Story,8,5,2005,2005,Gable,CompShg,VinylSd,VinylSd,BrkFace,280.0,Gd,TA,PConc,Gd,TA,Av,GLQ,546,Unf,0,512,1058,GasA,Ex,Y,SBrkr,1058,846,0,1904,1,0,2,1,3,1,Ex,8,Typ,1,Gd,BuiltIn,2003.0,Fin,2,736,TA,TA,Y,179,60,0,0,0,0,Gd,MnPrv,Shed,0,6,2006,WD,Normal,275000,0.17423133235724744,1904,2.5,19,0,0,0,0,0
602,50,RM,50.0,9000,Pave,Grvl,Reg,Bnk,AllPub,Inside,Gtl,IDOTRR,Norm,Norm,1Fam,1.5Fin,6,6,1937,1950,Gable,CompShg,Wd Sdng,Wd Sdng,BrkFace,0.0,TA,Gd,PConc,TA,TA,No,Unf,0,Unf,0,780,780,GasA,TA,Y,SBrkr,780,595,0,1375,0,0,1,1,3,1,Gd,6,Typ,1,Gd,Detchd,1979.0,Unf,1,544,TA,TA,P,0,162,0,0,126,0,Gd,MnPrv,Shed,0,12,2007,WD,Normal,141000,0.15276080435507167,1375,1.5,87,1,0,0,0,1
603,60,RL,80.0,10041,Pave,Grvl,IR1,Lvl,AllPub,Inside,Gtl,SawyerW,Norm,Norm,1Fam,2Story,8,5,1992,1992,Gable,CompShg,HdBoard,HdBoard,BrkFace,0.0,Gd,TA,PConc,Gd,TA,Mn,GLQ,789,Unf,0,119,908,GasA,Ex,Y,SBrkr,927,988,0,1915,1,0,2,1,3,1,Gd,8,Typ,1,TA,Attchd,1992.0,Fin,2,506,TA,TA,Y,120,150,0,0,0,0,Gd,MnPrv,Shed,0,2,2006,WD,Abnorml,220000,0.19069906393148775,1915,2.5,32,0,0,0,1,0
604,160,FV,30.0,3182,Pave,Pave,Reg,Lvl,AllPub,Inside,Gtl,Somerst,Norm,Norm,TwnhsE,2Story,7,5,2004,2005,Gable,CompShg,MetalSd,MetalSd,BrkFace,0.0,Gd,TA,PConc,Gd,TA,No,Unf,0,Unf,0,600,600,GasA,Ex,Y,SBrkr,600,600,0,1200,0,0,2,1,2,1,Gd,4,Typ,0,Gd,Detchd,2004.0,RFn,2,480,TA,TA,Y,0,172,0,0,0,0,Gd,MnPrv,Shed,0,6,2010,WD,Normal,151000,0.3770028275212064,1200,2.5,20,3,0,1,0,0
605,20,RL,88.0,12803,Pave,Grvl,IR1,Lvl,AllPub,Inside,Gtl,CollgCr,Norm,Norm,1Fam,1Story,7,5,2002,2002,Gable,CompShg,VinylSd,VinylSd,BrkFace,99.0,Gd,TA,PConc,Gd,TA,Mn,GLQ,922,Unf,0,572,1494,GasA,Ex,Y,SBrkr,1494,0,0,1494,1,0,2,0,3,1,Gd,6,Typ,1,TA,Attchd,2002.0,RFn,2,530,TA,TA,Y,192,36,0,0,0,0,Gd,MnPrv,Shed,0,9,2008,WD,Normal,221000,0.11668228678537956,1494,2.0,22,0,0,0,1,0
606,60,RL,85.0,13600,Pave,Grvl,Reg,Lvl,AllPub,Inside,Gtl,NAmes,Norm,Norm,1Fam,2Story,7,6,1965,1990,Gable,CompShg,HdBoard,HdBoard,BrkFace,176.0,TA,TA,CBlock,TA,TA,No,BLQ,454,Unf,0,314,768,GasA,TA,Y,SBrkr,1186,800,0,1986,0,0,2,1,3,1,TA,7,Typ,3,Fa,Attchd,1965.0,Unf,2,486,TA,TA,Y,0,42,0,0,189,0,Gd,MnPrv,Shed,0,10,2009,WD,Normal,205000,0.1460186750974193,1986,2.5,59,0,0,0,0,0
607,20,RL,82.0,12464,Pave,Grvl,IR2,Low,AllPub,Corner,Mod,CollgCr,Norm,Norm,1Fam,1Story,5,5,1996,1996,Gable,CompShg,VinylSd,VinylSd,BrkFace,0.0,TA,Gd,PConc,Gd,TA,No,GLQ,732,Unf,0,308,1040,GasA,Gd,Y,SBrkr,1040,0,0,1040,1,0,1,0,3,1,Gd,6,Typ,0,Gd,Detchd,2000.0,Unf,2,576,TA,TA,Y,168,0,0,0,0,0,Gd,GdPrv,Shed,0,11,2009,WD,Normal,152000,0.08343361411953469,1040,1.0,28,0,0,0,2,2
608,20,RL,78.0,7800,Pave,Grvl,Reg,Bnk,AllPub,Inside,Mod,Edwards,Norm,Norm,1Fam,2Story,5,8,1948,2002,Gable,CompShg,MetalSd,MetalSd,BrkFace,0.0,TA,Gd,CBlock,TA,Gd,No,GLQ,603,Unf,0,293,896,GasA,Ex,Y,SBrkr,1112,896,0,2008,1,0,3,0,3,1,Ex,8,Typ,0,Gd,Attchd,1948.0,Unf,1,230,TA,TA,Y,103,0,0,0,0,0,Gd,MnPrv,Shed,0,8,2006,WD,Normal,225000,0.2574028970644789,2008,3.0,76,0,0,0,0,1
609,70,RL,78.0,12168,Pave,Grvl,Reg,HLS,AllPub,Inside,Mod,Crawfor,Norm,Norm,1Fam,2Story,8,6,1934,1998,Gable,CompShg,BrkFace,Wd Sdng,BrkFace,0.0,TA,TA,PConc,Gd,TA,Mn,BLQ,428,Unf,0,537,965,GasA,TA,Y,SBrkr,1940,1254,0,3194,0,0,2,1,4,1,TA,10,Typ,2,Gd,Basment,1934.0,Unf,2,380,TA,TA,Y,0,0,0,0,0,0,Gd,MnPrv,Shed,0,9,2007,WD,Alloca,359100,0.26247021119237407,3194,2.5,90,0,0,0,0,3
610,20,RL,61.0,7943,Pave,Grvl,Reg,Lvl,AllPub,Inside,Gtl,Sawyer,Feedr,Norm,1Fam,1Story,4,5,1961,1961,Gable,CompShg,VinylSd,VinylSd,BrkCmn,192.0,TA,Fa,CBlock,TA,TA,Mn,Rec,903,Unf,0,126,1029,GasA,Gd,Y,SBrkr,1029,0,0,1029,1,0,1,0,3,1,TA,5,Typ,0,Gd,Attchd,1961.0,Unf,1,261,TA,TA,Y,64,0,39,0,0,0,Gd,MnPrv,Shed,0,4,2007,WD,Normal,118500,0.12953172205438065,1029,1.0,63,0,0,0,0,0
611,60,RL,69.0,11050,Pave,Grvl,Reg,Lvl,AllPub,Inside,Gtl,CollgCr,PosN,Norm,1Fam,2Story,9,5,2000,2000,Hip,CompShg,VinylSd,VinylSd,BrkFace,204.0,Gd,TA,PConc,Ex,TA,Mn,GLQ,904,Unf,0,536,1440,GasA,Ex,Y,SBrkr,1476,677,0,2153,1,0,2,1,3,1,Ex,8,Typ,2,Ex,Attchd,2000.0,Fin,3,736,TA,TA,Y,253,142,0,0,0,0,Gd,MnPrv,Shed,0,5,2009,WD,Normal,313000,0.19482399782825083,2153,2.5,24,0,0,0,0,0
612,80,RL,69.0,10395,Pave,Grvl,IR1,Lvl,AllPub,FR2,Gtl,NWAmes,Norm,Norm,1Fam,SLvl,6,6,1978,1978,Gable,CompShg,HdBoard,HdBoard,BrkFace,233.0,TA,TA,CBlock,Gd,TA,Av,ALQ,605,Unf,0,427,1032,GasA,TA,Y,SBrkr,1032,0,0,1032,0,1,2,0,3,1,TA,6,Typ,1,TA,Attchd,1978.0,Unf,2,564,TA,TA,Y,0,0,0,0,0,0,Gd,MnPrv,Shed,500,7,2007,WD,Normal,148000,0.09926894959599845,1032,2.0,46,0,0,0,1,0
613,60,RL,69.0,11885,Pave,Grvl,Reg,Lvl,AllPub,Inside,Gtl,CollgCr,Norm,Norm,1Fam,2Story,8,5,2001,2001,Gable,CompShg,VinylSd,VinylSd,BrkFace,108.0,Gd,TA,PConc,Gd,TA,Av,GLQ,990,Unf,0,309,1299,GasA,Ex,Y,SBrkr,1299,573,0,1872,1,0,2,1,3,1,Ex,7,Typ,1,TA,BuiltIn,2001.0,RFn,2,531,TA,TA,Y,160,122,0,0,0,0,Gd,MnPrv,Shed,0,11,2009,WD,Normal,261500,0.1574962140333165,1872,2.5,23,0,0,0,0,0
614,20,RL,70.0,8402,Pave,Grvl,Reg,Lvl,AllPub,Inside,Gtl,Mitchel,Feedr,Norm,1Fam,1Story,5,5,2007,2007,Gable,CompShg,VinylSd,VinylSd,BrkFace,0.0,TA,TA,PConc,Gd,TA,No,ALQ,206,Unf,0,914,1120,GasA,Ex,Y,SBrkr,1120,0,0,1120,0,0,1,0,3,1,TA,6,Typ,0,Gd,Attchd,1980.0,Unf,0,0,TA,TA,Y,0,30,0,0,0,0,Gd,MnPrv,Shed,0,12,2007,New,Partial,147000,0.13328573128644533,1120,1.0,17,0,0,0,0,0
615,180,RM,21.0,1491,Pave,Grvl,Reg,Lvl,AllPub,Inside,Gtl,MeadowV,Norm,Norm,TwnhsE,SFoyer,4,6,1972,1972,Gable,CompShg,CemntBd,CmentBd,BrkFace,0.0,TA,TA,CBlock,Gd,TA,Av,LwQ,150,GLQ,480,0,630,GasA,Ex,Y,SBrkr,630,0,0,630,1,0,1,0,1,1,TA,3,Typ,0,Gd,Attchd,1980.0,Unf,0,0,TA,TA,Y,96,24,0,0,0,0,Gd,MnPrv,Shed,0,5,2010,WD,Normal,75500,0.4222520107238606,630,1.0,52,1,0,0,0,0
616,85,RL,80.0,8800,Pave,Grvl,Reg,Lvl,AllPub,Inside,Gtl,NAmes,Feedr,Norm,1Fam,SFoyer,6,7,1963,1963,Gable,CompShg,MetalSd,MetalSd,BrkFace,156.0,TA,Gd,PConc,TA,TA,Gd,GLQ,763,Unf,0,173,936,GasA,Ex,Y,SBrkr,1054,0,0,1054,1,0,1,0,3,1,Gd,6,Typ,0,Gd,Attchd,1963.0,RFn,2,480,TA,TA,Y,120,0,0,0,0,0,Gd,MnPrv,Shed,0,5,2010,WD,Abnorml,137500,0.11975911828201341,1054,1.0,61,0,0,0,0,0
617,60,RL,69.0,7861,Pave,Grvl,IR1,Lvl,AllPub,Inside,Gtl,Gilbert,Norm,Norm,1Fam,2Story,6,5,2002,2003,Gable,CompShg,VinylSd,VinylSd,BrkFace,0.0,Gd,TA,PConc,Gd,TA,No,GLQ,457,Unf,0,326,783,GasA,Ex,Y,SBrkr,807,702,0,1509,1,0,2,1,3,1,Gd,7,Typ,1,Gd,Attchd,2002.0,Fin,2,393,TA,TA,Y,100,75,0,0,0,0,Gd,MnPrv,Shed,0,6,2006,WD,Normal,183200,0.1919358941745103,1509,2.5,22,0,0,0,1,0
618,45,RL,59.0,7227,Pave,Grvl,Reg,HLS,AllPub,Corner,Mod,NAmes,Artery,Norm,1Fam,1.5Unf,6,6,1954,1954,Gable,CompShg,MetalSd,MetalSd,BrkFace,0.0,TA,TA,CBlock,TA,TA,No,Unf,0,Unf,0,832,832,GasA,Gd,Y,SBrkr,832,0,0,832,0,0,1,0,2,1,Gd,4,Typ,0,Gd,Detchd,1962.0,Unf,2,528,TA,TA,Y,0,0,0,0,0,0,Gd,MnPrv,Shed,0,6,2008,WD,Normal,105500,0.11510791366906475,832,1.0,70,0,0,0,0,3
619,20,RL,90.0,11694,Pave,Grvl,Reg,Lvl,AllPub,Inside,Gtl,NridgHt,Norm,Norm,1Fam,1Story,9,5,2007,2007,Hip,CompShg,CemntBd,CmentBd,BrkFace,452.0,Ex,TA,PConc,Ex,TA,Av,GLQ,48,Unf,0,1774,1822,GasA,Ex,Y,SBrkr,1828,0,0,1828,0,0,2,0,3,1,Gd,9,Typ,1,Gd,Attchd,2007.0,Unf,3,774,TA,TA,Y,0,108,0,0,260,0,Gd,MnPrv,Shed,0,7,2007,New,Partial,314813,0.1563061137238136,1828,2.0,17,0,0,0,0,0
620,60,RL,85.0,12244,Pave,Grvl,Reg,Lvl,AllPub,Inside,Gtl,Timber,Norm,Norm,1Fam,2Story,8,5,2003,2003,Hip,CompShg,VinylSd,VinylSd,Stone,226.0,Gd,TA,PConc,Gd,TA,Gd,GLQ,871,Unf,0,611,1482,GasA,Ex,Y,SBrkr,1482,780,0,2262,1,0,2,1,4,1,Gd,10,Typ,2,Gd,Attchd,2003.0,Fin,3,749,TA,TA,Y,168,0,0,0,0,0,Gd,MnPrv,Shed,0,8,2008,WD,Normal,305000,0.1847284605961617,2262,2.5,21,0,0,0,0,0
621,30,RL,45.0,8248,Pave,Grvl,Reg,Lvl,AllPub,Inside,Gtl,Edwards,Norm,Norm,1Fam,1Story,3,3,1914,1950,Gable,CompShg,Stucco,Stucco,BrkFace,0.0,TA,TA,BrkTil,TA,TA,No,BLQ,41,Unf,0,823,864,GasA,TA,N,FuseF,864,0,0,864,1,0,1,0,2,1,TA,5,Typ,0,Gd,Attchd,1980.0,Unf,0,0,TA,TA,N,0,0,100,0,0,0,Gd,MnPrv,Shed,0,9,2008,WD,Normal,67000,0.104739968481028,864,1.0,110,0,0,0,0,0
622,60,RL,90.0,10800,Pave,Grvl,Reg,Lvl,AllPub,Inside,Gtl,NWAmes,Norm,Norm,1Fam,2Story,6,7,1974,1997,Gable,CompShg,HdBoard,HdBoard,BrkFace,0.0,TA,TA,CBlock,TA,TA,No,ALQ,956,Rec,182,384,1522,GasA,TA,Y,SBrkr,1548,1066,0,2614,0,0,2,1,4,1,TA,9,Typ,1,TA,Attchd,1974.0,RFn,2,624,TA,TA,Y,38,243,0,0,0,0,Gd,MnPrv,Shed,0,6,2008,WD,Normal,240000,0.2420146282751597,2614,2.5,50,0,0,0,0,0
623,20,RL,71.0,7064,Pave,Grvl,Reg,Lvl,AllPub,Inside,Gtl,Sawyer,Norm,Norm,1Fam,1Story,5,6,1977,1977,Gable,CompShg,Plywood,Plywood,BrkFace,153.0,TA,TA,CBlock,TA,TA,No,BLQ,560,Unf,0,420,980,GasA,TA,Y,SBrkr,980,0,0,980,0,0,1,0,3,1,TA,6,Typ,0,Gd,Detchd,1986.0,Unf,2,484,TA,TA,Y,192,0,0,0,0,0,Gd,MnPrv,Shed,0,7,2009,WD,Normal,135000,0.1387119603680113,980,1.0,47,0,0,0,0,0
624,160,FV,69.0,2117,Pave,Grvl,Reg,Lvl,AllPub,Inside,Gtl,Somerst,Norm,Norm,TwnhsE,2Story,6,5,2000,2000,Gable,CompShg,MetalSd,MetalSd,BrkFace,513.0,Gd,TA,PConc,Gd,TA,No,GLQ,420,Unf,0,336,756,GasA,Ex,Y,SBrkr,756,756,0,1512,0,0,2,1,2,1,Gd,4,Typ,1,TA,Detchd,2000.0,Unf,2,440,TA,TA,Y,0,32,0,0,0,0,Gd,MnPrv,Shed,0,6,2007,WD,Normal,168500,0.7138810198300283,1512,2.5,24,3,0,0,0,0
625,60,RL,80.0,10400,Pave,Grvl,Reg,Lvl,AllPub,Inside,Gtl,NWAmes,Norm,Norm,1Fam,2Story,6,5,1972,1972,Gable,CompShg,VinylSd,VinylSd,BrkFace,288.0,TA,TA,CBlock,TA,TA,No,Rec,247,Unf,0,485,732,GasA,Gd,Y,SBrkr,1012,778,0,1790,1,0,1,2,4,1,TA,8,Min2,1,TA,Attchd,1972.0,RFn,2,484,TA,TA,Y,148,0,0,0,147,0,Gd,MnPrv,Shed,0,11,2006,WD,Normal,165150,0.17209883665032208,1790,2.0,52,0,0,0,0,0
626,20,RL,87.0,10000,Pave,Grvl,IR1,Lvl,AllPub,Corner,Gtl,NAmes,Norm,Norm,1Fam,1Story,6,6,1962,1962,Hip,CompShg,Wd Sdng,Wd Sdng,BrkFace,261.0,TA,TA,CBlock,TA,TA,No,Unf,0,Unf,0,1116,1116,GasA,TA,Y,SBrkr,1116,0,0,1116,0,0,1,1,3,1,TA,5,Typ,0,Gd,Attchd,1962.0,Unf,2,440,TA,TA,Y,0,0,0,0,385,0,Gd,MnPrv,Shed,0,2,2010,WD,Normal,160000,0.11158884111588842,1116,1.5,62,0,0,0,1,0
627,20,RL,69.0,12342,Pave,Grvl,IR1,Lvl,AllPub,Inside,Gtl,NAmes,Norm,Norm,1Fam,1Story,5,5,1960,1978,Hip,CompShg,Wd Sdng,Wd Sdng,BrkFace,0.0,TA,TA,CBlock,TA,TA,No,Unf,0,Unf,0,978,978,GasA,TA,Y,SBrkr,1422,0,0,1422,0,0,1,0,3,1,TA,6,Min1,1,TA,Attchd,1960.0,RFn,1,286,TA,TA,Y,0,0,36,0,0,0,Gd,GdWo,Shed,600,8,2007,WD,Normal,139900,0.11520699991898242,1422,1.0,64,0,0,0,1,0
628,80,RL,80.0,9600,Pave,Grvl,Reg,Lvl,AllPub,Inside,Gtl,NAmes,Norm,Norm,1Fam,SLvl,6,6,1955,1972,Gable,CompShg,AsbShng,AsbShng,BrkFace,164.0,TA,TA,CBlock,TA,TA,Av,BLQ,674,LwQ,132,350,1156,GasA,Ex,Y,SBrkr,1520,0,0,1520,1,0,1,0,3,1,TA,7,Typ,2,Gd,Basment,1955.0,RFn,1,364,TA,TA,Y,0,0,189,0,0,0,Gd,MnPrv,Shed,0,3,2010,WD,Normal,153000,0.15831684199562546,1520,1.0,69,0,0,0,0,0
629,60,RL,70.0,11606,Pave,Grvl,IR1,HLS,AllPub,Inside,Sev,NAmes,Norm,Norm,1Fam,2Story,5,5,1969,1969,Gable,CompShg,Plywood,Plywood,BrkFace,192.0,TA,TA,PConc,Gd,TA,Av,Rec,650,Unf,0,390,1040,GasA,TA,Y,SBrkr,1040,1040,0,2080,0,1,1,2,5,1,Fa,9,Typ,2,TA,Attchd,1969.0,Unf,2,504,TA,TA,Y,335,0,0,0,0,0,Gd,MnPrv,Shed,0,9,2007,WD,Family,135000,0.17920220556560695,2080,2.0,55,0,0,0,1,3
630,80,RL,82.0,9020,Pave,Grvl,Reg,Lvl,AllPub,Corner,Gtl,NAmes,Feedr,Norm,1Fam,SLvl,6,5,1964,1964,Gable,WdShngl,Plywood,Wd Sdng,BrkFace,259.0,TA,TA,CBlock,TA,TA,Gd,GLQ,624,Rec,336,288,1248,GasA,TA,Y,SBrkr,1350,0,0,1350,1,0,1,1,3,1,TA,6,Typ,0,Gd,Attchd,1964.0,RFn,2,520,TA,TA,Y,176,0,0,0,0,0,Gd,GdPrv,Shed,0,6,2008,WD,Normal,168500,0.14965081476554706,1350,1.5,60,0,0,0,0,0
631,70,RM,50.0,9000,Pave,Grvl,Reg,Lvl,AllPub,Corner,Gtl,OldTown,Artery,Norm,1Fam,2Story,5,6,1880,1991,Gable,CompShg,VinylSd,VinylSd,BrkFace,0.0,TA,TA,BrkTil,Fa,Fa,No,Unf,0,Unf,0,636,636,GasA,TA,Y,FuseA,1089,661,0,1750,0,0,1,0,3,1,Ex,8,Typ,0,Gd,Detchd,1937.0,Unf,1,240,Fa,Po,N,0,0,293,0,0,0,Gd,MnPrv,Shed,0,6,2006,WD,Abnorml,124000,0.19442284190645484,1750,1.0,144,1,0,0,0,0
632,120,RL,34.0,4590,Pave,Grvl,Reg,Lvl,AllPub,Inside,Gtl,NridgHt,Norm,Norm,Twnhs,1Story,8,5,2006,2006,Gable,CompShg,VinylSd,VinylSd,Stone,108.0,Gd,TA,PConc,Gd,Gd,Mn,GLQ,24,Unf,0,1530,1554,GasA,Ex,Y,SBrkr,1554,0,0,1554,0,0,2,0,2,1,Gd,6,Typ,1,Gd,Attchd,2006.0,RFn,2,627,TA,TA,Y,156,73,0,0,0,0,Gd,MnPrv,Shed,0,8,2007,WD,Normal,209500,0.33848834676541056,1554,2.0,18,0,0,0,0,0
633,20,RL,85.0,11900,Pave,Grvl,Reg,Lvl,AllPub,Inside,Gtl,NWAmes,Norm,Norm,1Fam,1Story,7,5,1977,1977,Hip,CompShg,Plywood,Plywood,BrkFace,209.0,TA,Gd,CBlock,TA,TA,No,ALQ,822,Unf,0,564,1386,GasA,TA,Y,SBrkr,1411,0,0,1411,0,0,2,0,3,1,TA,6,Typ,1,TA,Attchd,1977.0,Fin,2,544,TA,TA,Y,192,0,0,0,0,0,Gd,MnPrv,Shed,0,4,2009,WD,Family,82500,0.11856146542307369,1411,2.0,47,0,0,0,0,0
634,20,RL,80.0,9250,Pave,Grvl,Reg,Lvl,AllPub,Corner,Gtl,NAmes,Norm,Norm,1Fam,1Story,5,7,1954,2005,Gable,CompShg,Wd Sdng,Wd Sdng,BrkFace,0.0,TA,TA,CBlock,TA,TA,No,BLQ,480,LwQ,468,108,1056,GasA,TA,Y,SBrkr,1056,0,0,1056,0,1,1,0,3,1,TA,6,Typ,0,Gd,Attchd,1954.0,Unf,1,260,TA,TA,Y,390,0,0,0,0,0,Gd,MnPrv,Shed,0,7,2007,WD,Normal,139400,0.11414982164090369,1056,1.0,70,0,0,0,0,0
635,90,RL,64.0,6979,Pave,Grvl,Reg,Lvl,AllPub,Inside,Gtl,OldTown,Norm,Norm,Duplex,SFoyer,6,5,1980,1980,Gable,CompShg,Plywood,Plywood,BrkFace,0.0,TA,TA,CBlock,TA,TA,No,GLQ,1056,Unf,0,0,1056,GasA,Gd,Y,SBrkr,1056,0,0,1056,2,0,0,0,0,2,TA,4,Typ,0,Gd,Detchd,1980.0,Unf,2,576,TA,TA,Y,264,56,0,0,0,0,Gd,GdPrv,Shed,600,6,2010,WD,Normal,144000,0.1512893982808023,1056,0.0,44,0,0,0,0,0
636,190,RH,60.0,10896,Pave,Pave,Reg,Bnk,AllPub,Inside,Gtl,SWISU,Feedr,Norm,2fmCon,2.5Fin,6,7,1914,1995,Hip,CompShg,VinylSd,VinylSd,BrkFace,0.0,Fa,TA,CBlock,TA,Fa,No,LwQ,256,Unf,0,1184,1440,GasA,Ex,Y,FuseA,1440,1440,515,3395,0,0,2,0,8,2,Fa,14,Typ,0,Gd,Attchd,1980.0,Unf,0,0,TA,TA,N,0,110,0,0,0,0,Gd,MnPrv,Shed,0,3,2007,WD,Abnorml,200000,0.3115536386161329,2880,2.0,110,4,0,1,0,1
637,30,RM,51.0,6120,Pave,Grvl,Reg,Lvl,AllPub,Inside,Gtl,BrkSide,Norm,Norm,1Fam,1Story,2,3,1936,1950,Gable,CompShg,AsbShng,AsbShng,BrkFace,0.0,Fa,Fa,BrkTil,TA,Fa,No,Unf,0,Unf,0,264,264,Grav,Fa,N,FuseA,800,0,0,800,0,0,1,0,1,1,Fa,4,Maj1,1,Po,Attchd,1980.0,Unf,0,0,TA,TA,N,0,0,0,0,0,0,Gd,MnPrv,Shed,0,1,2009,ConLw,Normal,60000,0.13069759843162881,800,1.0,88,1,0,0,0,0
638,190,RM,50.0,6000,Pave,Grvl,Reg,Lvl,AllPub,Inside,Gtl,OldTown,Norm,Norm,2fmCon,1.5Fin,5,4,1954,1954,Gable,CompShg,Wd Sdng,Wd Sdng,BrkFace,0.0,TA,TA,CBlock,TA,TA,No,Unf,0,Unf,0,811,811,GasA,TA,Y,FuseA,811,576,0,1387,0,0,2,0,3,2,Gd,7,Typ,0,Gd,BuiltIn,1954.0,Unf,1,256,TA,TA,Y,0,0,0,0,0,0,Gd,MnPrv,Shed,0,11,2009,WD,Normal,93000,0.23112814530911516,1387,2.0,70,1,0,0,0,0
639,30,RL,67.0,8777,Pave,Grvl,Reg,Lvl,AllPub,Inside,Gtl,Edwards,Feedr,Norm,1Fam,1Story,5,7,1910,1950,Gable,CompShg,MetalSd,Wd Sdng,BrkFace,0.0,TA,TA,CBlock,Fa,TA,No,Unf,0,Unf,0,796,796,GasA,Gd,Y,FuseA,796,0,0,796,0,0,1,0,2,1,TA,4,Typ,0,Gd,Attchd,1980.0,Unf,0,0,TA,TA,P,328,0,164,0,0,0,Gd,MnPrv,Shed,0,5,2008,WD,Normal,85000,0.09068124857598542,796,1.0,114,0,0,0,0,0
640,120,RL,53.0,3982,Pave,Grvl,Reg,Lvl,AllPub,Inside,Gtl,Blmngtn,Norm,Norm,TwnhsE,1Story,8,5,2006,2006,Hip,CompShg,VinylSd,VinylSd,BrkFace,0.0,Gd,TA,PConc,Gd,Gd,Av,GLQ,1154,Unf,0,366,1520,GasA,Ex,Y,SBrkr,1567,0,0,1567,1,0,2,0,1,1,Ex,7,Typ,1,Gd,Attchd,2006.0,Fin,3,648,TA,TA,Y,312,0,0,0,0,0,Gd,MnPrv,Shed,0,10,2006,New,Partial,264561,0.3934220436856641,1567,2.0,18,0,0,0,0,0
641,120,RL,62.0,12677,Pave,Grvl,IR1,Lvl,AllPub,Inside,Gtl,NridgHt,Norm,Norm,TwnhsE,1Story,8,5,2003,2004,Hip,CompShg,MetalSd,MetalSd,BrkFace,472.0,Ex,TA,PConc,Ex,TA,Gd,GLQ,1218,Unf,0,300,1518,GasA,Ex,Y,SBrkr,1518,0,0,1518,0,0,1,1,1,1,Ex,6,Typ,1,Gd,Attchd,2003.0,RFn,2,588,TA,TA,Y,185,140,0,0,0,0,Gd,MnPrv,Shed,0,4,2008,WD,Normal,274000,0.11973497397065783,1518,1.5,21,0,0,0,1,0
642,60,FV,69.0,7050,Pave,Grvl,Reg,Lvl,AllPub,Inside,Gtl,Somerst,Norm,Norm,1Fam,2Story,7,5,2001,2001,Gable,CompShg,VinylSd,VinylSd,BrkFace,0.0,Gd,TA,PConc,Gd,TA,No,GLQ,738,Unf,0,319,1057,GasA,Ex,Y,SBrkr,1057,872,0,1929,1,0,2,1,3,1,Gd,7,Typ,1,TA,Attchd,2001.0,Fin,2,650,TA,TA,Y,0,235,0,0,0,0,Gd,MnPrv,Shed,0,5,2007,WD,Normal,226000,0.27357821585590697,1929,2.5,23,3,0,0,0,0
643,80,RL,75.0,13860,Pave,Grvl,Reg,Lvl,AllPub,Inside,Gtl,NAmes,Norm,Norm,1Fam,SLvl,8,7,1972,1995,Gable,CompShg,Plywood,Wd Sdng,BrkFace,0.0,Gd,TA,CBlock,Gd,TA,Gd,GLQ,1410,Unf,0,542,1952,GasA,Gd,Y,SBrkr,2000,704,0,2704,1,0,2,1,4,1,Ex,9,Typ,3,TA,Attchd,1972.0,Fin,2,538,TA,TA,Y,269,111,0,0,0,0,Gd,MnPrv,Shed,0,7,2009,WD,Normal,345000,0.19507972007791646,2704,2.5,52,0,0,0,0,0
644,60,RL,80.0,10793,Pave,Grvl,Reg,Lvl,AllPub,Inside,Gtl,NWAmes,RRAn,Norm,1Fam,2Story,5,5,1969,1969,Mansard,CompShg,WdShing,HdBoard,BrkFace,263.0,TA,TA,CBlock,TA,TA,No,Rec,493,BLQ,287,0,780,GasA,Ex,Y,SBrkr,780,840,0,1620,0,0,2,1,4,1,TA,7,Min1,0,Gd,Attchd,1969.0,Fin,2,462,TA,TA,Y,208,0,0,0,0,0,Gd,GdWo,Shed,0,4,2007,WD,Normal,152000,0.15008337965536409,1620,2.5,55,0,0,0,0,0
645,20,FV,85.0,9187,Pave,Grvl,Reg,Lvl,AllPub,Inside,Gtl,Somerst,Norm,Norm,1Fam,1Story,9,5,2009,2009,Gable,CompShg,CemntBd,CmentBd,Stone,162.0,Ex,TA,PConc,Ex,TA,Mn,GLQ,1121,Unf,0,645,1766,GasA,Ex,Y,SBrkr,1766,0,0,1766,1,0,2,1,2,1,Ex,7,Typ,1,Gd,Attchd,2009.0,Fin,3,478,TA,TA,Y,195,130,0,0,0,0,Gd,MnPrv,Shed,0,10,2009,New,Partial,370878,0.19220722681758814,1766,2.5,15,3,0,0,0,0
646,20,RL,69.0,10530,Pave,Grvl,IR1,Lvl,AllPub,Corner,Gtl,NAmes,Norm,Norm,1Fam,1Story,6,5,1971,1971,Hip,CompShg,Plywood,Plywood,BrkFace,0.0,TA,TA,CBlock,TA,TA,No,ALQ,282,LwQ,35,664,981,GasA,TA,Y,SBrkr,981,0,0,981,1,0,1,1,3,1,TA,5,Typ,0,Gd,Detchd,1979.0,Unf,2,576,TA,TA,Y,0,312,40,0,0,0,Gd,MnPrv,Shed,0,3,2007,WD,Normal,143250,0.09315354667173108,981,1.5,53,0,0,0,1,0
647,20,RL,60.0,7200,Pave,Grvl,Reg,Lvl,AllPub,Inside,Gtl,NAmes,Norm,Norm,1Fam,1Story,5,5,1950,1950,Hip,CompShg,MetalSd,MetalSd,BrkFace,0.0,TA,TA,CBlock,TA,TA,No,Unf,0,Unf,0,0,0,GasA,Gd,Y,SBrkr,1048,0,0,1048,0,0,1,0,3,1,TA,7,Min1,0,Gd,Detchd,1950.0,Unf,2,420,TA,TA,Y,0,27,0,0,0,0,Gd,MnPrv,Shed,0,7,2008,WD,Normal,98300,0.14553534231356757,1048,1.0,74,0,0,0,0,0
648,20,RL,85.0,10452,Pave,Grvl,IR1,Lvl,AllPub,Inside,Gtl,Edwards,Norm,Norm,1Fam,1Story,6,5,1953,1953,Hip,CompShg,Wd Sdng,Wd Sdng,Stone,216.0,TA,TA,CBlock,TA,TA,Mn,Rec,500,Unf,0,594,1094,GasA,Ex,Y,SBrkr,1094,0,0,1094,0,0,1,0,3,1,TA,5,Typ,2,Gd,Attchd,1953.0,RFn,2,495,TA,TA,Y,0,0,0,0,287,0,Gd,MnPrv,Shed,0,6,2008,WD,Normal,155000,0.10465894958385152,1094,1.0,71,0,0,0,1,0
649,60,RL,70.0,7700,Pave,Grvl,Reg,Lvl,AllPub,Inside,Gtl,NAmes,PosN,Norm,1Fam,2Story,6,5,1966,1966,Gable,CompShg,MetalSd,MetalSd,BrkFace,351.0,TA,TA,CBlock,TA,TA,No,Unf,0,Unf,0,756,756,GasA,TA,Y,SBrkr,1051,788,0,1839,0,0,1,1,4,1,TA,7,Typ,1,TA,Attchd,1966.0,Unf,2,442,TA,TA,Y,0,124,216,0,0,0,Gd,MnPrv,Shed,0,6,2010,WD,Normal,155000,0.23880015582391897,1839,1.5,58,0,0,0,0,0
650,180,RM,21.0,1936,Pave,Grvl,Reg,Lvl,AllPub,Inside,Gtl,MeadowV,Norm,Norm,Twnhs,SFoyer,4,6,1970,1970,Gable,CompShg,CemntBd,CmentBd,BrkFace,0.0,TA,TA,CBlock,Gd,TA,Av,BLQ,131,GLQ,499,0,630,GasA,Gd,Y,SBrkr,630,0,0,630,1,0,1,0,1,1,TA,3,Typ,0,Gd,Attchd,1980.0,Unf,0,0,TA,TA,Y,0,0,0,0,0,0,Gd,MnPrv,Shed,0,12,2007,WD,Normal,84500,0.3252452245740836,630,1.0,54,1,0,0,0,0
651,60,FV,65.0,8125,Pave,Grvl,Reg,Lvl,AllPub,Inside,Gtl,Somerst,Norm,Norm,1Fam,2Story,7,6,2007,2007,Gable,CompShg,CemntBd,CmentBd,BrkFace,0.0,Gd,TA,PConc,Gd,TA,No,Unf,0,Unf,0,813,813,GasA,Ex,Y,SBrkr,822,843,0,1665,0,0,2,1,3,1,Gd,7,Typ,0,Gd,Attchd,2007.0,RFn,2,562,TA,TA,Y,0,0,0,0,0,0,Gd,MnPrv,Shed,0,5,2008,WD,Normal,205950,0.20489785872507998,1665,2.5,17,3,0,0,0,0
652,70,RL,60.0,9084,Pave,Grvl,Reg,Lvl,AllPub,Inside,Gtl,Edwards,Artery,Norm,1Fam,2Story,4,5,1940,1950,Gable,CompShg,MetalSd,MetalSd,BrkFace,0.0,TA,TA,CBlock,TA,TA,Mn,Unf,0,Unf,0,755,755,GasA,TA,Y,SBrkr,755,755,0,1510,1,0,1,0,4,1,TA,7,Typ,1,Gd,Detchd,1940.0,Unf,1,296,Fa,Po,P,120,0,0,0,0,0,Gd,MnPrv,Shed,0,10,2009,WD,Normal,108000,0.16620803522289487,1510,1.0,84,0,0,0,0,0
653,60,RL,70.0,8750,Pave,Grvl,Reg,Lvl,AllPub,Inside,Gtl,CollgCr,Norm,Norm,1Fam,2Story,7,5,1996,1996,Gable,CompShg,VinylSd,VinylSd,BrkFace,0.0,Gd,TA,PConc,Gd,TA,No,Unf,0,Unf,0,880,880,GasA,Ex,Y,SBrkr,909,807,0,1716,0,0,2,1,2,1,Gd,7,Typ,1,TA,Attchd,1996.0,RFn,2,512,TA,TA,Y,0,120,0,0,0,0,Gd,MnPrv,Shed,0,7,2009,WD,Normal,191000,0.19609187521426122,1716,2.5,28,0,0,0,0,0
654,50,RM,60.0,10320,Pave,Grvl,Reg,Lvl,AllPub,Inside,Gtl,IDOTRR,Norm,Norm,1Fam,1.5Fin,6,7,1906,1995,Gable,CompShg,MetalSd,MetalSd,BrkFace,0.0,TA,TA,CBlock,TA,TA,No,Unf,0,Unf,0,756,756,GasA,Ex,Y,SBrkr,756,713,0,1469,0,0,1,0,3,1,TA,7,Typ,0,Gd,Detchd,1906.0,Unf,1,216,TA,TA,Y,57,0,239,0,0,0,Gd,MnPrv,Shed,0,6,2008,WD,Normal,135000,0.14233116946032362,1469,1.0,118,1,0,0,0,0
655,20,RL,91.0,10437,Pave,Grvl,IR1,Lvl,AllPub,Inside,Gtl,NoRidge,Norm,Norm,1Fam,1Story,8,6,1995,1995,Hip,CompShg,MetalSd,MetalSd,BrkFace,660.0,Gd,Gd,PConc,Gd,TA,Gd,GLQ,1696,Unf,0,413,2109,GasA,Ex,Y,SBrkr,2113,0,0,2113,1,0,2,1,2,1,Gd,7,Typ,1,TA,Attchd,1995.0,Fin,3,839,TA,TA,Y,236,46,0,0,0,0,Gd,MnPrv,Shed,0,8,2008,WD,Normal,350000,0.202433416363288,2113,2.5,29,0,0,0,1,0
656,160,RM,21.0,1680,Pave,Grvl,Reg,Lvl,AllPub,Inside,Gtl,BrDale,Norm,Norm,Twnhs,2Story,6,5,1971,1971,Gable,CompShg,HdBoard,ImStucc,BrkFace,381.0,TA,TA,CBlock,TA,TA,No,Unf,0,Unf,0,525,525,GasA,TA,Y,SBrkr,525,567,0,1092,0,0,1,1,3,1,TA,6,Typ,0,Gd,Detchd,1971.0,Unf,1,264,TA,TA,Y,0,0,0,0,0,0,Gd,MnPrv,Shed,0,3,2010,WD,Family,88000,0.6496133254015467,1092,1.5,53,1,0,0,0,0
657,20,RL,72.0,10007,Pave,Grvl,IR1,Lvl,AllPub,Inside,Gtl,NAmes,Norm,Norm,1Fam,1Story,5,7,1959,2006,Gable,CompShg,HdBoard,HdBoard,BrkFace,54.0,Gd,TA,CBlock,TA,TA,No,ALQ,806,Unf,0,247,1053,GasA,Ex,Y,SBrkr,1053,0,0,1053,1,0,1,1,3,1,Gd,5,Typ,0,Gd,Attchd,1959.0,RFn,1,312,TA,TA,Y,0,0,0,0,0,0,Gd,MnPrv,Shed,0,8,2008,WD,Normal,145500,0.1052158273381295,1053,1.5,65,0,0,0,1,0
658,70,RL,60.0,7200,Pave,Grvl,Reg,HLS,AllPub,Inside,Mod,Crawfor,Norm,Norm,1Fam,2Story,7,6,1931,2000,Gable,CompShg,Stucco,Wd Shng,BrkFace,0.0,TA,Fa,BrkTil,Gd,TA,No,Unf,0,Unf,0,776,776,GasA,TA,Y,SBrkr,851,651,0,1502,0,0,1,1,3,1,TA,6,Typ,1,Gd,Attchd,1931.0,RFn,1,270,TA,TA,P,0,0,112,0,0,0,Gd,MnPrv,Shed,0,2,2008,WD,Normal,149000,0.20858214136925426,1502,1.5,93,0,0,0,0,3
659,50,RL,78.0,17503,Pave,Grvl,Reg,Lvl,AllPub,Inside,Gtl,NAmes,Artery,Norm,1Fam,1.5Fin,6,5,1948,1950,Gable,CompShg,VinylSd,VinylSd,BrkFace,0.0,TA,TA,CBlock,TA,TA,No,Unf,0,Unf,0,912,912,GasA,TA,Y,SBrkr,912,546,0,1458,0,1,1,0,3,1,TA,6,Typ,1,Gd,Attchd,1948.0,Unf,1,330,TA,TA,Y,192,0,0,0,0,0,Gd,MnPrv,Shed,0,1,2010,WD,Abnorml,97500,0.08329524680073126,1458,1.0,76,0,0,0,0,0
660,20,RL,75.0,9937,Pave,Grvl,Reg,Lvl,AllPub,Corner,Gtl,Edwards,Norm,Norm,1Fam,1Story,5,7,1964,1999,Hip,CompShg,MetalSd,MetalSd,BrkFace,0.0,TA,Gd,PConc,TA,TA,No,BLQ,637,Unf,0,849,1486,GasA,Ex,Y,SBrkr,1486,0,0,1486,1,0,1,0,3,1,TA,7,Typ,0,Gd,Detchd,1968.0,Fin,2,480,TA,TA,Y,0,0,0,0,0,0,Gd,MnPrv,Shed,0,3,2009,WD,Normal,167000,0.14952706782048703,1486,1.0,60,0,0,0,0,0
661,60,RL,69.0,12384,Pave,Grvl,Reg,Lvl,AllPub,CulDSac,Gtl,NWAmes,Norm,Norm,1Fam,2Story,7,7,1976,1976,Gable,CompShg,Plywood,Plywood,BrkFace,233.0,TA,TA,CBlock,Gd,TA,No,Unf,0,Unf,0,793,793,GasA,TA,Y,SBrkr,1142,793,0,1935,0,0,2,1,3,1,TA,7,Typ,1,TA,Attchd,1976.0,RFn,2,550,TA,TA,Y,0,113,252,0,0,0,Gd,MnPrv,Shed,0,11,2007,WD,Normal,197900,0.156237383932176,1935,2.5,48,0,0,0,0,0
662,60,RL,52.0,46589,Pave,Grvl,IR2,Lvl,AllPub,CulDSac,Gtl,NoRidge,Norm,Norm,1Fam,2Story,8,7,1994,2005,Hip,CompShg,VinylSd,VinylSd,BrkFace,528.0,Gd,TA,PConc,Gd,Gd,No,GLQ,1361,Rec,180,88,1629,GasA,Ex,Y,SBrkr,1686,762,0,2448,1,0,2,1,4,1,Gd,8,Typ,1,TA,Attchd,1994.0,RFn,3,711,TA,TA,Y,517,76,0,0,0,0,Gd,MnPrv,Shed,0,7,2009,WD,Normal,402000,0.05254346426271732,2448,2.5,30,0,0,0,2,0
663,20,RL,120.0,13560,Pave,Grvl,Reg,Lvl,AllPub,Corner,Gtl,NAmes,Norm,Norm,1Fam,1Story,6,3,1968,1968,Hip,CompShg,Wd Sdng,Wd Sdng,BrkFace,216.0,TA,TA,CBlock,Fa,Fa,No,Unf,0,Unf,0,1392,1392,GasA,Gd,Y,SBrkr,1392,0,0,1392,1,0,1,0,2,1,TA,5,Maj2,2,TA,Attchd,1968.0,RFn,2,576,TA,TA,Y,0,0,240,0,0,0,Gd,MnPrv,Shed,0,7,2009,WD,Normal,110000,0.10264729739694713,1392,1.0,56,0,0,0,0,0
664,85,RL,90.0,10012,Pave,Grvl,Reg,Lvl,AllPub,Inside,Gtl,Edwards,Norm,Norm,1Fam,SFoyer,4,5,1972,1972,Gable,CompShg,Plywood,Plywood,BrkFace,0.0,TA,TA,CBlock,Gd,TA,Av,BLQ,920,Rec,180,38,1138,GasA,TA,Y,SBrkr,1181,0,0,1181,1,0,2,0,3,1,TA,6,Typ,0,Gd,Detchd,1974.0,RFn,2,588,TA,TA,Y,0,0,180,0,0,0,Gd,MnPrv,Shed,0,4,2008,WD,Normal,137500,0.11794666932987116,1181,2.0,52,0,0,0,0,0
665,20,RL,49.0,20896,Pave,Grvl,IR2,Lvl,AllPub,CulDSac,Gtl,Somerst,RRAn,Norm,1Fam,1Story,8,5,2005,2006,Gable,CompShg,VinylSd,VinylSd,BrkFace,0.0,Gd,TA,PConc,Ex,TA,Mn,GLQ,1721,Unf,0,356,2077,GasA,Ex,Y,SBrkr,2097,0,0,2097,1,0,1,1,1,1,Ex,8,Typ,1,Ex,Attchd,2005.0,Fin,3,1134,TA,TA,Y,192,267,0,0,0,0,Gd,MnPrv,Shed,0,1,2006,New,Partial,423000,0.10034933244006317,2097,1.5,19,0,0,0,2,0
666,60,RL,106.0,11194,Pave,Grvl,IR1,Lvl,AllPub,Corner,Gtl,Gilbert,Norm,Norm,1Fam,2Story,8,5,2000,2000,Gable,CompShg,VinylSd,VinylSd,BrkFace,40.0,Gd,TA,PConc,Gd,TA,No,Unf,0,Unf,0,1406,1406,GasA,Ex,Y,SBrkr,1454,482,0,1936,0,0,2,1,3,1,Gd,7,Typ,1,TA,Attchd,2000.0,RFn,2,504,TA,TA,Y,188,124,0,0,0,0,Gd,MnPrv,Shed,0,11,2006,WD,Normal,230500,0.1729343456900402,1936,2.5,24,0,0,0,1,0
667,60,RL,69.0,18450,Pave,Grvl,IR1,Lvl,AllPub,Inside,Gtl,NAmes,Norm,Norm,1Fam,2Story,6,5,1965,1979,Flat,Tar&Grv,Plywood,Plywood,BrkCmn,113.0,TA,Gd,CBlock,Gd,TA,No,LwQ,187,Rec,723,111,1021,GasA,TA,Y,SBrkr,1465,915,0,2380,0,0,2,1,3,1,TA,7,Sev,1,Po,CarPort,1965.0,Unf,2,596,TA,TA,Y,0,265,0,0,0,0,Gd,MnPrv,Shed,0,8,2007,WD,Abnorml,129000,0.1289902986288006,2380,2.5,59,0,0,0,1,0
668,20,RL,65.0,8125,Pave,Grvl,Reg,Lvl,AllPub,Inside,Gtl,SawyerW,Norm,Norm,1Fam,1Story,6,5,1994,1998,Gable,CompShg,HdBoard,HdBoard,BrkFace,258.0,TA,TA,PConc,Gd,TA,No,GLQ,1138,Unf,0,270,1408,GasA,Ex,Y,SBrkr,1679,0,0,1679,1,0,2,0,3,1,Gd,7,Typ,1,Fa,Attchd,1994.0,RFn,2,575,TA,TA,Y,224,42,0,0,0,0,Gd,MnPrv,Shed,0,10,2008,WD,Normal,193500,0.20662072360324882,1679,2.0,30,0,0,0,0,0
669,20,RL,69.0,14175,Pave,Grvl,Reg,Bnk,AllPub,Corner,Mod,Sawyer,Norm,Norm,1Fam,1Story,5,6,1956,1987,Gable,CompShg,CemntBd,Wd Sdng,BrkFace,0.0,TA,TA,CBlock,TA,TA,No,Rec,988,Unf,0,200,1188,GasA,Gd,Y,SBrkr,1437,0,0,1437,1,0,1,1,3,1,TA,6,Min2,1,TA,Detchd,1999.0,Unf,2,576,TA,TA,Y,304,0,0,0,0,0,Gd,MnPrv,Shed,0,11,2006,WD,Normal,168000,0.10136851015801354,1437,1.5,68,0,0,0,0,1
670,30,RL,80.0,11600,Pave,Grvl,Reg,Lvl,AllPub,Inside,Gtl,Crawfor,Norm,Norm,1Fam,1Story,4,5,1922,1950,Gable,CompShg,MetalSd,MetalSd,BrkFace,0.0,TA,TA,BrkTil,Fa,TA,No,Unf,0,Unf,0,700,700,GasA,Ex,Y,SBrkr,1180,0,0,1180,0,0,1,0,2,1,Fa,5,Typ,1,Gd,Detchd,1922.0,Unf,1,252,TA,Fa,Y,0,0,67,0,0,0,Gd,MnPrv,Shed,0,7,2006,WD,Normal,137500,0.10171536936470994,1180,1.0,102,0,0,0,0,0
671,60,RL,64.0,8633,Pave,Grvl,Reg,Lvl,AllPub,FR2,Gtl,CollgCr,Norm,Norm,1Fam,2Story,6,5,2005,2005,Gable,CompShg,VinylSd,VinylSd,BrkFace,0.0,Gd,TA,PConc,Gd,TA,No,GLQ,193,Unf,0,545,738,GasA,Ex,Y,SBrkr,738,738,0,1476,1,0,2,1,3,1,Gd,7,Typ,0,Gd,Attchd,2005.0,Fin,2,540,TA,TA,Y,100,35,0,0,0,0,Gd,MnPrv,Shed,0,2,2009,WD,Normal,173500,0.17095205003474634,1476,2.5,19,0,0,0,0,0
672,70,RH,54.0,6629,Pave,Grvl,Reg,Lvl,AllPub,Inside,Gtl,Edwards,Artery,Norm,1Fam,2Story,6,6,1925,1950,Gambrel,CompShg,Wd Sdng,Wd Sdng,BrkFace,0.0,TA,Gd,BrkTil,TA,TA,No,BLQ,551,Unf,0,121,672,GasA,TA,N,SBrkr,697,672,0,1369,1,0,2,0,3,1,TA,6,Typ,0,Gd,Detchd,1930.0,Unf,1,300,TA,TA,Y,147,0,0,0,0,0,Gd,MnPrv,Shed,0,7,2009,WD,Normal,103600,0.20648567119155353,1369,2.0,99,4,0,0,0,0
673,20,RL,69.0,11250,Pave,Grvl,IR1,Lvl,AllPub,Inside,Gtl,Veenker,Norm,Norm,1Fam,1Story,6,6,1977,1977,Gable,CompShg,Plywood,Plywood,BrkFace,0.0,Gd,TA,CBlock,Gd,TA,No,ALQ,767,Unf,0,441,1208,GasA,TA,Y,SBrkr,1208,0,0,1208,1,0,1,1,3,1,TA,6,Typ,1,TA,Attchd,1977.0,RFn,2,546,TA,TA,Y,198,42,0,0,0,0,Gd,MnPrv,Shed,0,6,2006,WD,Normal,165000,0.10736823393476136,1208,1.5,47,0,0,0,1,0
674,20,RL,110.0,14442,Pave,Grvl,Reg,Lvl,AllPub,Inside,Gtl,Crawfor,Norm,Norm,1Fam,1Story,6,7,1957,2004,Hip,CompShg,CemntBd,CmentBd,BrkFace,106.0,TA,TA,PConc,TA,TA,No,GLQ,1186,Unf,0,291,1477,GasA,Ex,Y,SBrkr,1839,0,0,1839,1,0,2,0,3,1,Gd,7,Typ,2,TA,Attchd,1957.0,Fin,2,416,TA,TA,Y,0,87,0,0,200,0,Gd,MnPrv,Shed,0,6,2007,WD,Normal,257500,0.12732811742712732,1839,2.0,67,0,0,0,0,0
675,20,RL,80.0,9200,Pave,Grvl,Reg,Lvl,AllPub,Inside,Gtl,NAmes,Norm,Norm,1Fam,1Story,6,6,1965,1965,Gable,CompShg,HdBoard,HdBoard,BrkFace,0.0,TA,TA,CBlock,TA,TA,No,Rec,892,Unf,0,244,1136,GasA,TA,Y,SBrkr,1136,0,0,1136,1,0,1,0,3,1,TA,5,Typ,1,Gd,Attchd,1965.0,RFn,1,384,TA,TA,Y,426,0,0,0,0,0,Gd,MnPrv,Shed,0,7,2008,WD,Normal,140000,0.12346484077817628,1136,1.0,59,0,0,0,0,0
676,160,RL,24.0,2289,Pave,Grvl,Reg,Lvl,AllPub,Inside,Gtl,NPkVill,Norm,Norm,Twnhs,2Story,6,6,1978,1978,Gable,CompShg,Plywood,Brk Cmn,BrkFace,0.0,TA,TA,CBlock,TA,TA,No,ALQ,311,Unf,0,544,855,GasA,TA,Y,SBrkr,855,586,0,1441,0,0,2,1,3,1,TA,7,Typ,1,TA,Attchd,1978.0,Unf,2,440,TA,TA,Y,28,0,0,0,0,0,Gd,MnPrv,Shed,0,4,2009,WD,Normal,148500,0.6292576419213973,1441,2.5,46,0,0,0,0,0
677,70,RM,60.0,9600,Pave,Grvl,Reg,Lvl,AllPub,Inside,Gtl,OldTown,Norm,Norm,1Fam,2Story,4,2,1900,1950,Gable,CompShg,AsbShng,Stucco,BrkFace,0.0,TA,TA,BrkTil,TA,Fa,No,Unf,0,Unf,0,1095,1095,GasW,Fa,N,SBrkr,1095,679,0,1774,1,0,2,0,4,2,TA,8,Min2,0,Gd,2Types,1920.0,Unf,3,779,Fa,Fa,N,0,0,90,0,0,0,Gd,MnPrv,Shed,0,5,2006,WD,Normal,87000,0.18477241953963128,1774,2.0,124,1,0,0,0,0
678,30,RL,52.0,9022,Pave,Grvl,Reg,Lvl,AllPub,Inside,Gtl,OldTown,Norm,Norm,1Fam,1Story,5,8,1924,2006,Gable,CompShg,VinylSd,VinylSd,BrkFace,0.0,Gd,TA,BrkTil,TA,TA,No,Unf,0,Unf,0,768,768,GasA,Ex,Y,SBrkr,792,0,0,792,0,0,1,0,2,1,Gd,5,Typ,0,Gd,Detchd,1924.0,Unf,1,240,Fa,Fa,N,316,0,120,0,0,0,Gd,MnPrv,Shed,0,5,2009,WD,Normal,109500,0.08777568436218552,792,1.0,100,0,0,0,0,0
679,20,RL,80.0,11844,Pave,Grvl,IR1,Lvl,AllPub,Inside,Gtl,StoneBr,Norm,Norm,1Fam,1Story,8,5,2008,2008,Hip,CompShg,VinylSd,VinylSd,Stone,464.0,Gd,TA,PConc,Ex,TA,Mn,Unf,0,Unf,0,2046,2046,GasA,Ex,Y,SBrkr,2046,0,0,2046,0,0,2,1,3,1,Gd,7,Typ,1,Gd,Attchd,2008.0,Fin,3,834,TA,TA,Y,322,82,0,0,0,0,Gd,MnPrv,Shed,0,7,2009,New,Partial,372500,0.1727311101730688,2046,2.5,16,0,0,0,1,0
680,20,RL,69.0,9945,Pave,Grvl,IR1,Lvl,AllPub,Inside,Gtl,Sawyer,Norm,Norm,1Fam,1Story,5,5,1961,1961,Hip,CompShg,Wd Sdng,Wd Sdng,BrkFace,57.0,TA,TA,CBlock,TA,TA,No,Rec,827,Unf,0,161,988,GasA,TA,Y,SBrkr,988,0,0,988,1,0,1,0,3,1,TA,5,Typ,0,Gd,Detchd,1963.0,Unf,2,572,TA,TA,Y,0,0,0,0,0,0,Gd,MnPrv,Shed,0,10,2007,WD,Normal,128500,0.09933641664990951,988,1.0,63,0,0,0,1,0
681,120,RL,50.0,8012,Pave,Grvl,Reg,Lvl,AllPub,Inside,Gtl,SawyerW,Norm,Norm,TwnhsE,1Story,6,5,1980,1980,Gable,CompShg,Plywood,Plywood,BrkFace,0.0,TA,TA,CBlock,Gd,TA,No,BLQ,543,BLQ,119,261,923,GasA,TA,Y,SBrkr,923,0,0,923,0,0,2,0,2,1,TA,5,Typ,1,TA,Attchd,1980.0,RFn,1,264,TA,TA,Y,80,0,0,0,0,0,Gd,MnPrv,Shed,0,5,2010,WD,Normal,143000,0.11518781979283664,923,2.0,44,0,0,0,0,0
682,50,RH,55.0,4500,Pave,Pave,IR2,Bnk,AllPub,Inside,Gtl,SWISU,Norm,Norm,1Fam,1.5Fin,5,5,1932,2000,Gable,CompShg,VinylSd,Stucco,BrkFace,0.0,TA,TA,BrkTil,TA,TA,No,Rec,182,Unf,0,611,793,GasA,Ex,Y,SBrkr,848,672,0,1520,0,0,1,0,3,1,TA,6,Typ,0,Gd,Detchd,1968.0,Unf,1,281,TA,TA,Y,0,0,56,0,0,0,Gd,MnPrv,Shed,0,7,2009,WD,Abnorml,159434,0.3377027327260609,1520,1.0,92,4,0,1,2,1
683,120,RL,69.0,2887,Pave,Grvl,Reg,HLS,AllPub,Inside,Gtl,ClearCr,Norm,Norm,1Fam,1Story,6,5,1996,1997,Gable,CompShg,Wd Sdng,Wd Sdng,BrkFace,0.0,TA,TA,PConc,Gd,TA,Mn,GLQ,1003,Unf,0,288,1291,GasA,Ex,Y,SBrkr,1291,0,0,1291,1,0,1,0,2,1,Gd,6,Typ,1,Gd,Attchd,1996.0,Unf,2,431,TA,TA,Y,307,0,0,0,0,0,Gd,MnPrv,Shed,0,11,2008,WD,Normal,173000,0.4470221606648199,1291,1.0,28,0,0,0,0,3
684,20,RL,90.0,11248,Pave,Grvl,IR1,Lvl,AllPub,Corner,Gtl,CollgCr,Norm,Norm,1Fam,1Story,9,5,2002,2002,Hip,CompShg,VinylSd,VinylSd,Stone,215.0,Gd,TA,PConc,Gd,TA,Av,GLQ,1059,Unf,0,567,1626,GasA,Ex,Y,SBrkr,1668,0,0,1668,1,0,2,0,3,1,Gd,7,Typ,1,TA,Attchd,2002.0,Fin,3,702,TA,TA,Y,257,45,0,0,0,0,Gd,MnPrv,Shed,0,7,2007,WD,Normal,285000,0.1482798470975198,1668,2.0,22,0,0,0,1,0
685,60,RL,58.0,16770,Pave,Grvl,IR2,Lvl,AllPub,CulDSac,Gtl,NoRidge,Norm,Norm,1Fam,2Story,7,5,1998,1998,Gable,CompShg,VinylSd,VinylSd,BrkFace,30.0,Gd,TA,PConc,Gd,TA,No,Unf,0,Unf,0,1195,1195,GasA,Gd,Y,SBrkr,1195,644,0,1839,0,0,2,1,4,1,TA,7,Typ,0,Gd,Attchd,1998.0,Fin,2,486,TA,TA,Y,0,81,0,0,0,0,Gd,MnPrv,Shed,0,6,2010,WD,Normal,221000,0.10965356866018723,1839,2.5,26,0,0,0,2,0
686,160,RL,69.0,5062,Pave,Grvl,IR1,Lvl,AllPub,CulDSac,Gtl,StoneBr,Norm,Norm,TwnhsE,2Story,7,5,1984,1984,Gable,CompShg,HdBoard,HdBoard,BrkFace,0.0,Gd,TA,CBlock,Gd,TA,Mn,GLQ,828,LwQ,182,180,1190,GasA,Gd,Y,SBrkr,1190,900,0,2090,1,0,2,0,3,1,Gd,6,Min1,1,TA,Attchd,1984.0,Fin,2,577,TA,TA,Y,219,0,0,0,0,0,Gd,MnPrv,Shed,0,9,2007,WD,Normal,207500,0.4127987359273158,2090,2.0,40,0,0,0,1,0
687,60,FV,84.0,10207,Pave,Grvl,Reg,Lvl,AllPub,Inside,Gtl,Somerst,Norm,Norm,1Fam,2Story,7,6,2007,2007,Gable,CompShg,VinylSd,VinylSd,BrkFace,0.0,Gd,TA,PConc,Gd,TA,No,Unf,0,Unf,0,874,874,GasA,Ex,Y,SBrkr,874,887,0,1761,0,0,3,0,3,1,Gd,7,Typ,0,Gd,Attchd,2007.0,Fin,2,578,TA,TA,Y,144,105,0,0,0,0,Gd,MnPrv,Shed,0,8,2007,New,Partial,227875,0.17251175548589343,1761,3.0,17,3,0,0,0,0
688,160,FV,69.0,5105,Pave,Grvl,IR2,Lvl,AllPub,FR2,Gtl,Somerst,Norm,Norm,TwnhsE,2Story,7,5,2004,2004,Gable,CompShg,MetalSd,MetalSd,BrkFace,0.0,Gd,TA,PConc,Gd,TA,No,GLQ,239,Unf,0,312,551,GasA,Ex,Y,SBrkr,551,551,0,1102,0,0,2,1,2,1,Gd,4,Typ,0,Gd,Detchd,2004.0,Unf,2,480,TA,TA,Y,0,60,0,0,0,0,Gd,MnPrv,Shed,0,3,2007,WD,Normal,148800,0.21582452017234627,1102,2.5,20,3,0,0,2,0
689,20,RL,60.0,8089,Pave,Grvl,Reg,HLS,AllPub,Inside,Gtl,StoneBr,Norm,Norm,1Fam,1Story,8,6,2007,2007,Gable,CompShg,MetalSd,MetalSd,BrkFace,0.0,Gd,TA,PConc,Gd,TA,Av,GLQ,945,Unf,0,474,1419,GasA,Ex,Y,SBrkr,1419,0,0,1419,1,0,2,0,2,1,Gd,7,Typ,1,Gd,Attchd,2007.0,RFn,2,567,TA,TA,Y,140,0,0,0,0,0,Gd,MnPrv,Shed,0,10,2007,New,Partial,392000,0.1754017305315204,1419,2.0,17,0,0,0,0,3
690,120,RL,61.0,7577,Pave,Grvl,IR1,Lvl,AllPub,Corner,Gtl,NridgHt,Norm,Norm,TwnhsE,1Story,6,5,2005,2006,Gable,CompShg,VinylSd,VinylSd,Stone,256.0,Gd,TA,PConc,Gd,TA,Av,ALQ,20,Unf,0,1342,1362,GasA,Ex,Y,SBrkr,1362,0,0,1362,0,0,2,0,2,1,Gd,6,Typ,1,Gd,Attchd,2005.0,RFn,2,460,TA,TA,Y,192,28,0,0,0,0,Gd,MnPrv,Shed,0,6,2007,WD,Normal,194700,0.17973079968329375,1362,2.0,19,0,0,0,1,0
691,120,RM,69.0,4426,Pave,Grvl,Reg,Lvl,AllPub,Inside,Gtl,CollgCr,Norm,Norm,TwnhsE,1Story,6,5,2004,2004,Gable,CompShg,VinylSd,VinylSd,BrkFace,147.0,Gd,TA,PConc,Gd,TA,Gd,GLQ,697,Unf,0,151,848,GasA,Ex,Y,SBrkr,848,0,0,848,1,0,1,0,1,1,Gd,3,Typ,1,TA,Attchd,2004.0,RFn,2,420,TA,TA,Y,149,0,0,0,0,0,Gd,MnPrv,Shed,0,5,2008,WD,Normal,141000,0.19155184097583014,848,1.0,20,1,0,0,0,0
692,60,RL,104.0,21535,Pave,Grvl,IR1,Lvl,AllPub,Corner,Gtl,NoRidge,Norm,Norm,1Fam,2Story,10,6,1994,1995,Gable,WdShngl,HdBoard,HdBoard,BrkFace,1170.0,Ex,TA,PConc,Ex,TA,Gd,GLQ,1455,Unf,0,989,2444,GasA,Ex,Y,SBrkr,2444,1872,0,4316,0,1,3,1,4,1,Ex,10,Typ,2,Ex,Attchd,1994.0,Fin,3,832,TA,TA,Y,382,50,0,0,0,0,Gd,MnPrv,Shed,0,1,2007,WD,Normal,755000,0.20040861812778604,4316,3.5,30,0,0,0,1,0
693,60,RL,42.0,26178,Pave,Grvl,IR1,Lvl,AllPub,Inside,Mod,Timber,Norm,Norm,1Fam,2Story,7,5,1989,1990,Hip,CompShg,MetalSd,MetalSd,BrkFace,293.0,Gd,TA,PConc,Gd,TA,Gd,GLQ,965,Unf,0,245,1210,GasA,Ex,Y,SBrkr,1238,1281,0,2519,1,0,2,1,4,1,Gd,9,Typ,2,Gd,Attchd,1989.0,RFn,2,628,TA,TA,Y,320,27,0,0,0,0,Gd,MnPrv,Shed,0,4,2006,WD,Normal,335000,0.09622216280224608,2519,2.5,35,0,0,0,1,0
694,30,RL,60.0,5400,Pave,Grvl,Reg,Lvl,AllPub,Corner,Sev,OldTown,Norm,Norm,1Fam,1Story,5,6,1921,1968,Gable,CompShg,MetalSd,MetalSd,BrkFace,0.0,TA,TA,BrkTil,TA,TA,No,Unf,0,Unf,0,1073,1073,GasA,Ex,Y,SBrkr,1073,0,0,1073,0,0,1,0,2,1,TA,4,Typ,0,Gd,Detchd,1968.0,Unf,1,326,TA,TA,Y,0,0,112,0,0,0,Gd,MnPrv,Shed,0,12,2006,WD,Abnorml,108480,0.19866691353453064,1073,1.0,103,0,0,0,0,0
695,50,RM,51.0,6120,Pave,Grvl,Reg,Lvl,AllPub,Corner,Gtl,BrkSide,Norm,Norm,1Fam,1.5Fin,5,6,1936,1950,Gable,CompShg,Wd Sdng,Wd Sdng,BrkFace,0.0,TA,Fa,BrkTil,TA,TA,No,Unf,0,Unf,0,927,927,GasA,TA,Y,SBrkr,1067,472,0,1539,0,0,1,1,3,1,TA,5,Typ,0,Gd,Detchd,1995.0,Unf,2,576,TA,TA,Y,112,0,0,0,0,0,Gd,MnPrv,Shed,0,4,2009,WD,Normal,141500,0.25142950498284594,1539,1.5,88,1,0,0,0,0
696,20,RL,54.0,13811,Pave,Grvl,IR1,Lvl,AllPub,Inside,Gtl,Timber,Norm,Norm,1Fam,1Story,6,6,1987,1987,Gable,CompShg,HdBoard,HdBoard,BrkFace,72.0,TA,TA,CBlock,Gd,Gd,No,GLQ,980,LwQ,40,92,1112,GasA,Gd,Y,SBrkr,1137,0,0,1137,1,0,2,0,2,1,Gd,5,Typ,1,TA,Attchd,1987.0,Unf,2,551,TA,TA,Y,125,0,0,0,0,0,Gd,MnPrv,Shed,0,7,2006,WD,Normal,176000,0.08231972198088619,1137,2.0,37,0,0,0,1,0
697,30,RM,50.0,6000,Pave,Grvl,Reg,Lvl,AllPub,Inside,Gtl,BrkSide,Norm,Norm,1Fam,1Story,5,7,1921,1950,Gable,CompShg,Wd Sdng,Wd Shng,BrkFace,0.0,TA,TA,CBlock,TA,TA,No,LwQ,616,Unf,0,0,616,GasA,Gd,Y,SBrkr,616,0,0,616,0,0,1,0,2,1,TA,4,Typ,0,Gd,Detchd,1921.0,Unf,1,205,TA,TA,Y,0,0,129,0,0,0,Gd,MnPrv,Shed,0,6,2006,WD,Normal,89000,0.10264955840693218,616,1.0,103,1,0,0,0,0
698,20,RL,57.0,6420,Pave,Grvl,IR1,Lvl,AllPub,Inside,Gtl,Edwards,Norm,Norm,1Fam,1Story,5,7,1952,1952,Gable,CompShg,Wd Sdng,Wd Sdng,BrkFace,0.0,TA,TA,PConc,Ex,Gd,Mn,LwQ,210,ALQ,551,219,980,GasA,Fa,Y,FuseA,1148,0,0,1148,0,1,1,0,2,1,TA,6,Typ,0,Gd,Detchd,1952.0,Unf,1,308,TA,TA,Y,0,0,0,0,0,0,Gd,MnPrv,Shed,0,9,2006,WD,Normal,123500,0.17878835072418625,1148,1.0,72,0,0,0,1,0
699,20,RL,65.0,8450,Pave,Grvl,Reg,Lvl,AllPub,Inside,Gtl,Sawyer,RRAe,Norm,1Fam,1Story,5,8,1965,2009,Gable,CompShg,MetalSd,MetalSd,BrkFace,0.0,TA,Gd,CBlock,TA,TA,No,GLQ,553,BLQ,117,224,894,GasA,Ex,Y,SBrkr,894,0,0,894,1,0,1,0,3,1,TA,5,Typ,1,Gd,Detchd,1973.0,Unf,1,336,TA,TA,Y,416,144,0,0,0,0,Gd,MnPrv,Shed,0,4,2010,WD,Normal,138500,0.10578629747958822,894,1.0,59,0,0,0,0,0
700,120,FV,59.0,4282,Pave,Pave,IR2,Lvl,AllPub,Inside,Gtl,Somerst,Norm,Norm,TwnhsE,1Story,7,5,2004,2004,Gable,CompShg,MetalSd,MetalSd,BrkFace,0.0,Gd,TA,PConc,Gd,TA,Mn,GLQ,16,Unf,0,1375,1391,GasA,Ex,Y,SBrkr,1391,0,0,1391,0,0,2,0,2,1,Gd,5,Typ,0,Gd,Attchd,2004.0,RFn,2,530,TA,TA,Y,156,158,0,0,0,0,Gd,MnPrv,Shed,0,7,2008,WD,Normal,196000,0.3247723558253561,1391,2.0,20,3,0,1,2,0
701,20,RL,85.0,14331,Pave,Grvl,Reg,Lvl,AllPub,Inside,Gtl,Timber,Norm,Norm,1Fam,1Story,8,5,2002,2002,Hip,CompShg,VinylSd,VinylSd,BrkFace,630.0,Gd,TA,PConc,Ex,TA,Gd,GLQ,1274,Unf,0,526,1800,GasA,Ex,Y,SBrkr,1800,0,0,1800,1,0,2,0,3,1,Gd,7,Typ,1,Gd,Attchd,2002.0,Fin,3,765,TA,TA,Y,270,78,0,0,0,0,Gd,MnPrv,Shed,0,5,2006,WD,Normal,312500,0.1255930784259001,1800,2.0,22,0,0,0,0,0
702,20,RL,80.0,9600,Pave,Grvl,Reg,Lvl,AllPub,Inside,Gtl,NWAmes,Norm,Norm,1Fam,1Story,7,5,1969,1969,Hip,CompShg,HdBoard,HdBoard,BrkFace,168.0,TA,TA,CBlock,TA,TA,No,Unf,0,Unf,0,1164,1164,GasA,TA,Y,SBrkr,1164,0,0,1164,0,0,1,1,3,1,TA,6,Typ,0,Gd,Attchd,1969.0,Unf,2,528,TA,TA,Y,0,0,0,0,0,0,Gd,MnPrv,Shed,0,7,2006,COD,Normal,140000,0.12123737110717633,1164,1.5,55,0,0,0,0,0
703,60,RL,82.0,12438,Pave,Grvl,IR1,Lvl,AllPub,Inside,Gtl,StoneBr,Norm,Norm,1Fam,2Story,8,5,2006,2006,Hip,CompShg,VinylSd,VinylSd,BrkFace,466.0,Ex,TA,PConc,Ex,Gd,No,Unf,0,Unf,0,1234,1234,GasA,Ex,Y,SBrkr,1264,1312,0,2576,0,0,2,1,4,1,Ex,10,Typ,1,Gd,BuiltIn,2006.0,Fin,3,666,TA,TA,Y,324,100,0,0,0,0,Gd,MnPrv,Shed,0,7,2006,New,Partial,361919,0.20709060213843555,2576,2.5,18,0,0,0,1,0
704,190,RM,76.0,7630,Pave,Grvl,Reg,Lvl,AllPub,Inside,Gtl,OldTown,Feedr,Norm,2fmCon,2Story,5,9,1900,1996,Gable,CompShg,Wd Sdng,Wd Sdng,BrkFace,0.0,TA,Gd,BrkTil,Gd,TA,No,Unf,0,Unf,0,360,360,GasA,Gd,Y,SBrkr,1032,780,0,1812,0,0,2,0,4,2,Gd,8,Typ,1,Po,Detchd,1999.0,Unf,2,672,TA,TA,N,344,0,40,0,0,0,Gd,MnPrv,Shed,0,5,2010,WD,Normal,140000,0.23745249639627833,1812,2.0,124,1,0,0,0,0
705,20,RL,70.0,8400,Pave,Grvl,Reg,Lvl,AllPub,Inside,Gtl,CollgCr,Norm,Norm,1Fam,1Story,7,5,2004,2005,Gable,CompShg,VinylSd,VinylSd,BrkFace,109.0,Gd,TA,PConc,Gd,TA,Av,GLQ,712,Unf,0,761,1473,GasA,Ex,Y,SBrkr,1484,0,0,1484,1,0,2,0,3,1,Gd,7,Typ,0,Gd,Attchd,2004.0,RFn,2,606,TA,TA,Y,0,35,0,144,0,0,Gd,MnPrv,Shed,0,5,2010,WD,Normal,213000,0.17664563742411618,1484,2.0,20,0,0,0,0,0
706,190,RM,70.0,5600,Pave,Grvl,Reg,Lvl,AllPub,Inside,Gtl,IDOTRR,Norm,Norm,2fmCon,2Story,4,5,1930,1950,Hip,CompShg,VinylSd,Wd Shng,BrkFace,0.0,Fa,Fa,Slab,TA,TA,No,Unf,0,Unf,0,0,0,GasA,Fa,N,SBrkr,372,720,0,1092,0,0,2,0,3,2,Fa,7,Mod,0,Gd,Attchd,1980.0,Unf,0,0,TA,TA,N,0,0,0,0,0,0,Gd,MnPrv,Othr,3500,7,2010,WD,Normal,55000,0.19496518478843064,1092,2.0,94,1,0,0,0,0
707,20,RL,69.0,115149,Pave,Grvl,IR2,Low,AllPub,CulDSac,Sev,ClearCr,Norm,Norm,1Fam,1Story,7,5,1971,2002,Gable,CompShg,Plywood,Plywood,Stone,351.0,TA,TA,CBlock,Gd,TA,Gd,GLQ,1219,Unf,0,424,1643,GasA,TA,Y,SBrkr,1824,0,0,1824,1,0,2,0,2,1,Gd,5,Typ,2,TA,Attchd,1971.0,Unf,2,739,TA,TA,Y,380,48,0,0,0,0,Gd,MnPrv,Shed,0,6,2007,WD,Normal,302000,0.01584020842379505,1824,2.0,53,0,0,0,2,2
708,120,RL,48.0,6240,Pave,Grvl,Reg,Lvl,AllPub,Inside,Gtl,NridgHt,Norm,Norm,TwnhsE,1Story,8,5,2006,2006,Hip,CompShg,MetalSd,MetalSd,BrkFace,176.0,Gd,TA,PConc,Gd,TA,No,GLQ,863,Unf,0,461,1324,GasA,Ex,Y,SBrkr,1324,0,0,1324,1,0,2,0,2,1,Gd,6,Typ,1,Gd,Attchd,2006.0,Fin,2,550,TA,TA,Y,192,38,0,0,0,0,Gd,MnPrv,Shed,0,12,2009,WD,Normal,254000,0.21214548950488704,1324,2.0,18,0,0,0,0,0
709,60,RL,65.0,9018,Pave,Grvl,IR1,Lvl,AllPub,Inside,Gtl,Gilbert,Norm,Norm,1Fam,2Story,7,5,2007,2007,Hip,CompShg,VinylSd,VinylSd,BrkFace,0.0,Gd,TA,PConc,Gd,TA,Av,Unf,0,Unf,0,728,728,GasA,Ex,Y,SBrkr,728,728,0,1456,0,0,2,1,3,1,Gd,8,Typ,1,Gd,Attchd,2007.0,Fin,2,400,TA,TA,Y,100,24,0,0,0,0,Gd,MnPrv,Shed,0,7,2007,New,Partial,179540,0.16143696640425767,1456,2.5,17,0,0,0,1,0
710,20,RL,69.0,7162,Pave,Grvl,IR1,Lvl,AllPub,Inside,Gtl,Sawyer,Norm,Norm,1Fam,1Story,5,7,1966,1966,Gable,CompShg,HdBoard,HdBoard,BrkCmn,41.0,TA,TA,PConc,TA,TA,No,Unf,0,Unf,0,876,876,GasA,TA,Y,SBrkr,904,0,0,904,0,0,1,0,3,1,TA,6,Typ,0,Gd,Attchd,1966.0,Unf,1,408,TA,TA,Y,0,0,0,0,0,0,Gd,MnPrv,Shed,0,12,2008,WD,Abnorml,109900,0.12620410442552005,904,1.0,58,0,0,0,1,0
711,30,RL,56.0,4130,Pave,Grvl,IR1,Lvl,AllPub,Inside,Gtl,BrkSide,Norm,Norm,1Fam,1Story,3,6,1935,2003,Gable,CompShg,VinylSd,VinylSd,BrkFace,0.0,Gd,TA,CBlock,TA,TA,No,Unf,0,Unf,0,270,270,GasA,Gd,Y,SBrkr,729,0,0,729,0,0,1,0,2,1,TA,5,Maj2,0,Gd,Attchd,1980.0,Unf,0,0,TA,TA,N,0,0,0,0,0,0,Gd,MnPrv,Shed,0,7,2008,WD,Normal,52000,0.17647058823529413,729,1.0,89,0,0,0,1,0
712,50,C (all),66.0,8712,Pave,Pave,Reg,HLS,AllPub,Inside,Mod,IDOTRR,Norm,Norm,1Fam,1.5Fin,4,7,1900,1950,Gable,CompShg,MetalSd,MetalSd,BrkFace,0.0,TA,TA,Stone,TA,TA,Mn,Unf,0,Unf,0,859,859,GasA,Gd,Y,SBrkr,859,319,0,1178,0,0,1,0,2,1,TA,7,Typ,0,Gd,Detchd,1964.0,RFn,1,384,TA,TA,N,68,0,98,0,0,0,Gd,MnPrv,Shed,0,1,2010,WD,Abnorml,102776,0.1352002754504763,1178,1.0,124,2,0,1,0,3
713,120,RL,40.0,4671,Pave,Grvl,IR1,HLS,AllPub,Inside,Gtl,StoneBr,Norm,Norm,TwnhsE,1Story,8,5,1988,1989,Gable,CompShg,HdBoard,HdBoard,BrkFace,0.0,Gd,TA,PConc,Gd,TA,Mn,GLQ,767,Unf,0,461,1228,GasA,Gd,Y,SBrkr,1228,0,0,1228,1,0,2,0,2,1,Gd,5,Typ,1,Gd,Attchd,1988.0,Fin,2,472,TA,TA,Y,168,120,0,0,0,0,Gd,MnPrv,Shed,0,10,2008,WD,Normal,189000,0.2628424657534247,1228,2.0,36,0,0,0,1,3
714,190,RL,60.0,9873,Pave,Grvl,Reg,Lvl,AllPub,Inside,Gtl,BrkSide,RRAn,Norm,2fmCon,1Story,4,5,1970,1970,Gable,CompShg,HdBoard,HdBoard,BrkFace,160.0,TA,TA,CBlock,TA,TA,Av,ALQ,789,Unf,0,171,960,GasW,TA,N,SBrkr,960,0,0,960,1,0,1,0,3,1,TA,6,Typ,0,Gd,Detchd,1970.0,Unf,2,576,TA,TA,Y,0,288,0,0,0,0,Gd,MnPrv,Shed,0,5,2006,WD,Normal,129000,0.0972250354466275,960,1.0,54,0,0,0,0,0
715,60,RL,69.0,13517,Pave,Grvl,IR1,Lvl,AllPub,CulDSac,Gtl,Sawyer,RRAe,Norm,1Fam,2Story,6,8,1976,2005,Gable,CompShg,HdBoard,Plywood,BrkFace,289.0,Gd,TA,CBlock,TA,TA,No,GLQ,533,Unf,0,192,725,GasA,Ex,Y,SBrkr,725,754,0,1479,0,0,2,1,3,1,Gd,6,Typ,0,Gd,Attchd,1976.0,RFn,2,475,TA,TA,Y,0,44,0,0,0,0,Gd,MnPrv,Shed,0,3,2010,WD,Normal,130500,0.10940967598757212,1479,2.5,48,0,0,0,1,0
716,20,RL,78.0,10140,Pave,Grvl,Reg,Lvl,AllPub,Inside,Gtl,NWAmes,Norm,Norm,1Fam,1Story,6,5,1974,1974,Hip,CompShg,HdBoard,HdBoard,BrkFace,174.0,TA,TA,CBlock,Gd,TA,No,Unf,0,Unf,0,1064,1064,GasA,TA,Y,SBrkr,1350,0,0,1350,0,0,2,0,3,1,TA,7,Typ,1,TA,Attchd,1974.0,RFn,2,478,TA,TA,Y,0,0,0,0,0,0,Gd,MnPrv,Shed,0,8,2009,WD,Normal,165000,0.13312296617690564,1350,2.0,50,0,0,0,0,0
717,70,RM,60.0,10800,Pave,Grvl,Reg,Bnk,AllPub,Inside,Gtl,OldTown,Norm,Norm,1Fam,2Story,7,8,1890,1998,Gable,CompShg,Wd Sdng,VinylSd,BrkFace,0.0,TA,Gd,BrkTil,TA,TA,No,Unf,0,Unf,0,718,718,GasA,Ex,Y,SBrkr,1576,978,0,2554,0,0,1,1,3,1,TA,8,Typ,0,Gd,Detchd,1996.0,Unf,2,704,TA,TA,P,0,48,143,0,0,0,Gd,MnPrv,Shed,0,7,2007,WD,Normal,159500,0.23645958707527082,2554,1.5,134,1,0,0,0,1
718,20,RL,80.0,10000,Pave,Grvl,Reg,Lvl,AllPub,Inside,Gtl,NWAmes,Norm,Norm,1Fam,1Story,5,6,1973,2000,Gable,CompShg,HdBoard,HdBoard,BrkFace,0.0,TA,TA,CBlock,Gd,TA,No,BLQ,1084,Unf,0,92,1176,GasA,Gd,Y,SBrkr,1178,0,0,1178,0,1,1,1,3,1,Gd,5,Typ,1,Fa,Attchd,1973.0,Unf,2,439,TA,TA,Y,224,0,0,0,0,0,Gd,MnPrv,Shed,0,11,2008,WD,Normal,157000,0.11778822117788221,1178,1.5,51,0,0,0,0,0
719,60,RL,96.0,10542,Pave,Grvl,Reg,Lvl,AllPub,Inside,Gtl,NoRidge,Norm,Norm,1Fam,2Story,7,5,1993,1994,Hip,CompShg,Wd Sdng,ImStucc,BrkFace,651.0,Gd,TA,PConc,Gd,TA,Gd,GLQ,1173,Unf,0,138,1311,GasA,Ex,Y,SBrkr,1325,1093,0,2418,1,0,2,1,3,1,Gd,9,Typ,1,TA,Attchd,1993.0,RFn,3,983,TA,TA,Y,250,154,216,0,0,0,Gd,MnPrv,Shed,0,8,2008,WD,Normal,341000,0.22934648581997533,2418,2.5,31,0,0,0,0,0
720,20,RL,69.0,9920,Pave,Grvl,IR1,Lvl,AllPub,Inside,Gtl,CollgCr,Norm,Norm,1Fam,1Story,5,6,1969,1969,Gable,CompShg,HdBoard,Plywood,BrkFace,0.0,TA,TA,CBlock,Gd,TA,Gd,ALQ,523,Unf,0,448,971,GasA,TA,Y,SBrkr,971,0,0,971,0,0,1,1,3,1,TA,5,Typ,1,Po,Attchd,1969.0,Unf,1,300,TA,TA,Y,0,0,0,0,0,0,Gd,MnPrv,Shed,0,5,2006,WD,Normal,128500,0.0978731982663038,971,1.5,55,0,0,0,1,0
721,120,RL,69.0,6563,Pave,Grvl,IR1,Low,AllPub,CulDSac,Mod,StoneBr,Norm,Norm,1Fam,1Story,8,5,1985,1985,Gable,CompShg,HdBoard,HdBoard,BrkFace,0.0,Gd,TA,PConc,Gd,TA,Gd,GLQ,1148,Unf,0,594,1742,GasA,TA,Y,SBrkr,1742,0,0,1742,1,0,2,0,2,1,Gd,5,Typ,1,TA,Attchd,1985.0,RFn,2,564,TA,TA,Y,114,28,234,0,0,0,Gd,MnPrv,Shed,0,12,2006,WD,Normal,275000,0.26538695917123706,1742,2.0,39,0,0,0,1,2
722,120,RM,69.0,4426,Pave,Grvl,Reg,Lvl,AllPub,Inside,Gtl,CollgCr,Norm,Norm,TwnhsE,1Story,6,5,2004,2004,Gable,CompShg,VinylSd,VinylSd,BrkFace,169.0,Gd,TA,PConc,Gd,TA,Av,GLQ,662,Unf,0,186,848,GasA,Ex,Y,SBrkr,848,0,0,848,1,0,1,0,1,1,Gd,3,Typ,0,Gd,Attchd,2004.0,RFn,2,420,TA,TA,Y,160,0,0,0,0,0,Gd,MnPrv,Shed,0,5,2010,WD,Normal,143000,0.19155184097583014,848,1.0,20,1,0,0,0,0
723,20,RL,70.0,8120,Pave,Grvl,Reg,Lvl,AllPub,Inside,Gtl,NAmes,Norm,Norm,1Fam,1Story,4,7,1970,1970,Gable,CompShg,MetalSd,MetalSd,BrkFace,0.0,TA,Gd,CBlock,TA,TA,No,ALQ,191,Unf,0,673,864,GasA,Ex,Y,SBrkr,864,0,0,864,0,0,1,0,3,1,TA,5,Typ,0,Gd,Detchd,1994.0,Unf,2,463,TA,TA,Y,0,0,0,0,0,0,Gd,MnPrv,Shed,0,7,2009,WD,Normal,124500,0.10639083856667898,864,1.0,54,0,0,0,0,0
724,50,RL,60.0,8172,Pave,Grvl,Reg,Lvl,AllPub,Inside,Gtl,Edwards,Norm,Norm,1Fam,1.5Fin,4,6,1954,1972,Gable,CompShg,MetalSd,MetalSd,BrkFace,0.0,TA,TA,PConc,TA,TA,No,Unf,0,Unf,0,941,941,GasA,Ex,Y,SBrkr,997,473,0,1470,0,0,2,0,4,1,TA,7,Typ,0,Gd,Detchd,1958.0,Unf,1,548,TA,TA,Y,0,0,0,0,156,0,Gd,MnPrv,Shed,0,5,2008,WD,Normal,135000,0.1798605163342714,1470,2.0,70,0,0,0,0,0
725,20,RL,86.0,13286,Pave,Grvl,IR1,Lvl,AllPub,Inside,Gtl,Edwards,Norm,Norm,1Fam,1Story,9,5,2007,2008,Hip,CompShg,CemntBd,CmentBd,Stone,340.0,Ex,TA,PConc,Ex,TA,No,GLQ,1234,Unf,0,464,1698,GasA,Ex,Y,SBrkr,1698,0,0,1698,1,0,2,0,3,1,Ex,8,Typ,1,Gd,Attchd,2007.0,Fin,3,768,TA,TA,Y,327,64,0,0,0,0,Gd,MnPrv,Shed,0,2,2009,WD,Normal,320000,0.12779408444344095,1698,2.0,17,0,0,0,1,0
726,20,RL,60.0,6960,Pave,Grvl,Reg,Lvl,AllPub,Inside,Gtl,NAmes,Norm,Norm,1Fam,1Story,4,6,1970,1970,Gable,CompShg,HdBoard,Plywood,BrkFace,0.0,TA,TA,CBlock,TA,TA,No,ALQ,375,BLQ,239,250,864,GasA,TA,Y,SBrkr,864,0,0,864,0,0,1,0,3,1,Gd,5,Typ,0,Gd,Detchd,1989.0,Unf,2,660,TA,TA,Y,96,0,0,0,0,0,Gd,MnPrv,Shed,500,11,2009,WD,Normal,120500,0.12412009768711392,864,1.0,54,0,0,0,0,0
727,20,RL,69.0,21695,Pave,Grvl,IR1,Lvl,AllPub,Corner,Gtl,Crawfor,Norm,Norm,1Fam,1Story,6,9,1988,2007,Hip,CompShg,Wd Sdng,Plywood,BrkFace,260.0,Gd,Gd,CBlock,Gd,TA,No,GLQ,808,Unf,0,72,880,GasA,Ex,Y,SBrkr,1680,0,0,1680,1,0,2,0,3,1,Gd,5,Typ,1,Gd,Attchd,1988.0,Fin,2,540,TA,TA,Y,292,44,0,182,0,0,Gd,MnPrv,Shed,0,12,2009,WD,Normal,222000,0.07743362831858407,1680,2.0,36,0,0,0,1,0
728,20,RL,64.0,7314,Pave,Grvl,Reg,Lvl,AllPub,Inside,Gtl,CollgCr,Norm,Norm,1Fam,1Story,7,5,2007,2007,Gable,CompShg,VinylSd,VinylSd,Stone,82.0,Gd,TA,PConc,Gd,TA,Av,GLQ,724,Unf,0,508,1232,GasA,Ex,Y,SBrkr,1232,0,0,1232,1,0,2,0,2,1,Gd,6,Typ,0,Gd,Attchd,2007.0,RFn,2,632,TA,TA,Y,132,0,0,0,0,0,Gd,MnPrv,Shed,0,2,2009,WD,Normal,194500,0.16842105263157894,1232,2.0,17,0,0,0,0,0
729,90,RL,85.0,11475,Pave,Grvl,Reg,Lvl,AllPub,Corner,Gtl,NAmes,Norm,Norm,Duplex,1Story,5,5,1958,1958,Gable,CompShg,VinylSd,VinylSd,BrkFace,95.0,TA,TA,CBlock,TA,TA,No,Unf,0,Unf,0,1584,1584,GasA,TA,Y,SBrkr,1776,0,0,1776,1,0,2,0,4,2,TA,9,Typ,0,Gd,Detchd,1968.0,Unf,3,888,TA,TA,Y,0,25,0,0,0,0,Gd,MnPrv,Shed,0,7,2009,COD,Abnorml,110000,0.15475775531544092,1776,2.0,66,0,0,0,0,0
730,30,RM,52.0,6240,Pave,Grvl,Reg,Lvl,AllPub,Inside,Gtl,IDOTRR,Norm,Norm,1Fam,1.5Fin,4,5,1925,1950,Gable,CompShg,MetalSd,MetalSd,BrkFace,0.0,TA,TA,CBlock,TA,TA,No,BLQ,152,Unf,0,628,780,GasA,TA,Y,FuseA,848,0,360,1208,0,0,1,0,2,1,TA,5,Typ,0,Gd,Detchd,1962.0,Unf,2,539,TA,TA,Y,0,23,112,0,0,0,Gd,MnPrv,Shed,0,1,2009,WD,Normal,103000,0.19355872456337125,848,1.0,99,1,0,0,0,0
731,120,RL,39.0,5389,Pave,Grvl,IR1,Lvl,AllPub,Inside,Gtl,StoneBr,Norm,Norm,TwnhsE,1Story,8,5,1995,1996,Gable,CompShg,CemntBd,CmentBd,BrkFace,0.0,Gd,TA,PConc,Gd,TA,No,GLQ,1180,Unf,0,415,1595,GasA,Ex,Y,SBrkr,1616,0,0,1616,1,0,2,0,2,1,Gd,5,Typ,1,TA,Attchd,1995.0,RFn,2,608,TA,TA,Y,237,152,0,0,0,0,Gd,MnPrv,Shed,0,3,2010,WD,Normal,236500,0.29981447124304267,1616,2.0,29,0,0,0,1,0
732,80,RL,73.0,9590,Pave,Grvl,IR1,Lvl,AllPub,Corner,Gtl,Timber,Norm,Norm,1Fam,SLvl,7,5,2003,2003,Gable,CompShg,VinylSd,VinylSd,BrkFace,442.0,Gd,TA,PConc,Ex,TA,Av,GLQ,786,Unf,0,82,868,GasA,Ex,Y,SBrkr,1146,0,0,1146,1,0,2,0,3,1,Gd,6,Typ,1,Gd,Attchd,2003.0,Fin,2,438,TA,TA,Y,160,22,0,0,0,0,Gd,MnPrv,Shed,0,5,2007,WD,Normal,187500,0.11948701908038786,1146,2.0,21,0,0,0,1,0
733,60,RL,75.0,11404,Pave,Grvl,IR1,Lvl,AllPub,Inside,Gtl,CollgCr,Norm,Norm,1Fam,2Story,7,5,1998,1999,Gable,CompShg,VinylSd,VinylSd,BrkFace,202.0,Gd,TA,PConc,Gd,TA,Av,ALQ,252,Unf,0,901,1153,GasA,Ex,Y,SBrkr,1153,878,0,2031,0,0,2,1,3,1,Gd,8,Typ,1,TA,Attchd,1998.0,Fin,2,541,TA,TA,Y,192,84,0,0,0,0,Gd,MnPrv,Shed,0,7,2008,WD,Normal,222500,0.17807978956597983,2031,2.5,26,0,0,0,1,0
734,20,RL,80.0,10000,Pave,Grvl,Reg,Lvl,AllPub,Corner,Gtl,Sawyer,Feedr,Norm,1Fam,1Story,5,6,1961,1983,Hip,CompShg,HdBoard,HdBoard,BrkFace,0.0,TA,TA,CBlock,TA,TA,No,BLQ,594,Unf,0,270,864,GasA,Ex,Y,SBrkr,1144,0,0,1144,1,0,1,0,3,1,TA,6,Typ,1,TA,Attchd,1961.0,RFn,1,264,TA,TA,Y,165,0,0,0,0,0,Gd,GdWo,Shed,400,3,2009,WD,Normal,131400,0.11438856114388561,1144,1.0,63,0,0,0,0,0
735,20,RL,69.0,8978,Pave,Grvl,IR1,Lvl,AllPub,Corner,Gtl,Sawyer,Norm,Norm,1Fam,1Story,5,5,1968,1968,Gable,CompShg,Plywood,Plywood,BrkFace,0.0,TA,TA,PConc,TA,TA,No,Unf,0,Unf,0,948,948,GasA,TA,Y,SBrkr,948,0,0,948,0,0,1,0,3,1,TA,6,Typ,0,Gd,Attchd,1968.0,Unf,1,300,TA,TA,Y,147,0,0,0,0,0,Gd,MnPrv,Shed,0,5,2007,WD,Family,108000,0.10557968593384565,948,1.0,56,0,0,0,1,0
736,75,RM,60.0,10800,Pave,Grvl,Reg,Lvl,AllPub,Inside,Gtl,OldTown,Norm,Norm,1Fam,2.5Unf,7,7,1914,1970,Gable,CompShg,Wd Sdng,Wd Sdng,BrkFace,0.0,TA,TA,BrkTil,Gd,TA,Mn,Rec,390,Unf,0,490,880,GasW,Fa,N,SBrkr,880,888,0,1768,0,0,1,1,2,1,TA,6,Typ,2,TA,Detchd,1914.0,Unf,2,320,TA,TA,N,0,341,0,0,0,0,Gd,MnPrv,Shed,0,10,2006,WD,Normal,163000,0.16368854735672622,1768,1.5,110,1,0,0,0,0
737,90,RL,60.0,8544,Pave,Grvl,Reg,Lvl,AllPub,Inside,Gtl,NAmes,Norm,Norm,Duplex,1Story,3,4,1950,1950,Gable,CompShg,Stucco,Stone,BrkFace,0.0,TA,TA,CBlock,TA,TA,No,Unf,0,Unf,0,0,0,GasA,Gd,N,FuseF,1040,0,0,1040,0,0,2,0,2,2,TA,6,Typ,0,Gd,Detchd,1949.0,Unf,2,400,TA,TA,Y,0,0,0,0,0,0,Gd,MnPrv,Shed,0,7,2006,WD,Normal,93500,0.12170860152135751,1040,2.0,74,0,0,0,0,0
738,60,RL,72.0,10463,Pave,Grvl,IR1,HLS,AllPub,CulDSac,Gtl,Gilbert,Norm,Norm,1Fam,2Story,8,5,2005,2005,Gable,CompShg,VinylSd,VinylSd,BrkFace,0.0,Gd,TA,PConc,Gd,TA,No,Unf,0,Unf,0,893,893,GasA,Ex,Y,SBrkr,901,900,0,1801,0,0,2,1,3,1,Gd,8,Typ,1,Gd,Attchd,2005.0,Fin,3,800,TA,TA,Y,0,116,0,0,0,0,Gd,MnPrv,Shed,0,6,2006,WD,Normal,239900,0.17211391437308868,1801,2.5,19,0,0,0,1,3
739,90,RL,60.0,10800,Pave,Grvl,Reg,Lvl,AllPub,Inside,Gtl,Edwards,Norm,Norm,Duplex,1Story,5,5,1987,1988,Gable,CompShg,Plywood,Plywood,BrkFace,0.0,TA,TA,CBlock,Gd,Gd,Gd,GLQ,1200,Unf,0,0,1200,GasA,TA,Y,SBrkr,1200,0,0,1200,3,0,3,0,3,1,TA,5,Typ,0,Gd,Attchd,1980.0,Unf,0,0,TA,TA,Y,120,0,0,0,0,0,Gd,MnPrv,Shed,0,3,2009,WD,Alloca,179000,0.11110082399777799,1200,3.0,37,0,0,0,0,0
740,60,RL,65.0,9313,Pave,Grvl,IR1,Lvl,AllPub,Inside,Gtl,CollgCr,Norm,Norm,1Fam,2Story,7,5,2004,2004,Gable,CompShg,VinylSd,VinylSd,BrkFace,0.0,Gd,TA,PConc,Gd,TA,No,Unf,0,Unf,0,864,864,GasA,Ex,Y,SBrkr,864,864,0,1728,0,0,2,1,3,1,Gd,7,Typ,0,Gd,Attchd,2004.0,RFn,2,572,TA,TA,Y,187,56,0,0,0,0,Gd,MnPrv,Shed,0,4,2009,WD,Normal,190000,0.18552716340992054,1728,2.5,20,0,0,0,1,0
741,70,RM,60.0,9600,Pave,Grvl,Reg,Lvl,AllPub,Inside,Gtl,OldTown,Norm,Norm,1Fam,2Story,5,7,1910,2002,Gable,CompShg,Wd Sdng,Wd Shng,BrkFace,0.0,TA,Gd,BrkTil,Fa,Fa,No,Unf,0,Unf,0,264,264,GasA,Ex,Y,SBrkr,768,664,0,1432,0,0,2,0,2,1,TA,7,Typ,0,Gd,Detchd,1910.0,Unf,2,360,TA,Gd,Y,270,0,112,0,0,0,Gd,GdPrv,Shed,0,5,2007,WD,Abnorml,132000,0.14915113009061556,1432,2.0,114,1,0,0,0,0
742,20,RL,65.0,6768,Pave,Grvl,IR1,Lvl,AllPub,Inside,Gtl,Sawyer,Feedr,Norm,1Fam,1Story,6,8,1961,1996,Hip,CompShg,HdBoard,HdBoard,BrkFace,0.0,TA,Gd,CBlock,TA,TA,Mn,GLQ,832,Unf,0,80,912,GasA,Gd,Y,SBrkr,912,0,0,912,1,1,1,0,3,1,Gd,5,Typ,0,Gd,Detchd,1962.0,Unf,1,288,TA,TA,Y,168,0,0,0,0,0,Gd,GdPrv,Shed,0,5,2008,WD,Normal,142000,0.13473186585906338,912,1.0,63,0,0,0,1,0
743,20,RL,65.0,8450,Pave,Grvl,Reg,Lvl,AllPub,Inside,Gtl,SawyerW,Norm,Norm,1Fam,1Story,7,5,2000,2001,Gable,CompShg,VinylSd,VinylSd,BrkFace,108.0,TA,TA,PConc,Gd,TA,No,Unf,0,Unf,0,1349,1349,GasA,Ex,Y,SBrkr,1349,0,0,1349,0,0,2,0,3,1,TA,6,Typ,0,Gd,Attchd,2000.0,Unf,2,539,TA,TA,Y,120,55,0,0,0,0,Gd,GdPrv,Shed,0,12,2007,WD,Normal,179000,0.15962607975387527,1349,2.0,24,0,0,0,0,0
744,80,RL,70.0,12886,Pave,Grvl,IR1,Lvl,AllPub,Inside,Gtl,Sawyer,Norm,Norm,1Fam,SLvl,5,6,1963,1999,Gable,CompShg,HdBoard,HdBoard,BrkFace,0.0,TA,TA,CBlock,Gd,TA,Av,ALQ,444,Unf,0,76,520,GasA,Ex,Y,SBrkr,1464,0,0,1464,0,1,2,0,3,1,TA,6,Min2,1,TA,Attchd,1997.0,RFn,2,480,TA,TA,Y,302,0,0,0,100,0,Gd,MnPrv,Shed,0,10,2009,WD,Normal,175000,0.11360285559090556,1464,2.0,61,0,0,0,1,0
745,120,RL,41.0,5395,Pave,Grvl,IR1,HLS,AllPub,Inside,Gtl,StoneBr,Norm,Norm,TwnhsE,1Story,8,5,1993,1993,Gable,CompShg,HdBoard,HdBoard,BrkFace,0.0,Gd,TA,PConc,Gd,TA,No,GLQ,733,Unf,0,604,1337,GasA,Gd,Y,SBrkr,1337,0,0,1337,1,0,2,0,2,1,Gd,5,Typ,1,TA,Attchd,1993.0,RFn,2,462,TA,TA,Y,96,0,70,168,0,0,Gd,MnPrv,Shed,0,10,2008,WD,Normal,180000,0.2477761304670126,1337,2.0,31,0,0,0,1,3
746,60,RL,69.0,8963,Pave,Grvl,IR1,Lvl,AllPub,Inside,Gtl,NWAmes,Norm,Norm,1Fam,2Story,8,9,1976,1996,Hip,CompShg,VinylSd,VinylSd,BrkFace,289.0,Ex,Gd,CBlock,TA,Gd,No,GLQ,575,ALQ,80,487,1142,GasA,Ex,Y,SBrkr,1175,1540,0,2715,0,1,3,1,4,1,Gd,11,Typ,2,TA,BuiltIn,1994.0,Fin,2,831,TA,TA,Y,0,204,0,0,0,0,Gd,MnPrv,Shed,0,7,2008,WD,Normal,299800,0.30287817938420347,2715,3.5,48,0,0,0,1,0
747,60,RL,69.0,8795,Pave,Grvl,IR1,Lvl,AllPub,Inside,Gtl,Gilbert,Norm,Norm,1Fam,2Story,7,5,2000,2000,Gable,CompShg,VinylSd,VinylSd,BrkFace,0.0,Gd,TA,PConc,Gd,TA,No,GLQ,300,Unf,0,652,952,GasA,Ex,Y,SBrkr,980,1276,0,2256,0,0,2,1,4,1,Gd,8,Typ,1,TA,BuiltIn,2000.0,Fin,2,554,TA,TA,Y,224,54,0,0,0,0,Gd,MnPrv,Shed,0,4,2009,WD,Normal,236000,0.25648021828103684,2256,2.5,24,0,0,0,1,0
748,70,RM,65.0,11700,Pave,Pave,IR1,Lvl,AllPub,Corner,Gtl,OldTown,Norm,Norm,1Fam,2Story,7,7,1880,2003,Mansard,CompShg,Stucco,Stucco,BrkFace,0.0,Gd,TA,Stone,TA,Fa,No,Unf,0,Unf,0,1240,1240,GasW,TA,N,SBrkr,1320,1320,0,2640,0,0,1,1,4,1,Gd,8,Typ,1,Gd,Detchd,1950.0,Unf,4,864,TA,TA,N,181,0,386,0,0,0,Gd,MnPrv,Shed,0,5,2009,WD,Normal,265979,0.22562174173147595,2640,1.5,144,1,0,1,1,0
749,20,RL,59.0,10593,Pave,Grvl,IR1,Lvl,AllPub,Inside,Gtl,NoRidge,Norm,Norm,1Fam,1Story,7,5,1996,1996,Hip,CompShg,VinylSd,VinylSd,BrkFace,338.0,Gd,TA,PConc,Gd,TA,No,GLQ,919,Unf,0,801,1720,GasA,Ex,Y,SBrkr,1720,0,0,1720,1,0,2,0,3,1,Gd,7,Typ,1,TA,Attchd,1996.0,Fin,2,527,TA,TA,Y,240,56,154,0,0,0,Gd,MnPrv,Shed,0,3,2010,WD,Normal,260400,0.16235605059467623,1720,2.0,28,0,0,0,1,0
750,50,RL,50.0,8405,Pave,Grvl,Reg,Lvl,AllPub,Inside,Gtl,Edwards,Norm,Norm,1Fam,1.5Fin,4,3,1945,1950,Gable,CompShg,WdShing,Wd Shng,BrkFace,0.0,TA,TA,Slab,TA,TA,No,Unf,0,Unf,0,0,0,Wall,TA,N,FuseF,1088,441,0,1529,0,0,2,0,4,1,TA,9,Mod,0,Gd,Detchd,1945.0,Unf,1,240,TA,TA,N,92,0,185,0,0,0,Gd,MnPrv,Shed,0,4,2009,WD,Normal,98000,0.18189388532000952,1529,2.0,79,0,0,0,0,0
751,50,RM,55.0,8800,Pave,Grvl,Reg,Lvl,AllPub,Corner,Gtl,OldTown,Norm,Norm,1Fam,1.5Fin,4,7,1910,2004,Gable,CompShg,Wd Sdng,Wd Sdng,BrkFace,0.0,TA,TA,BrkTil,TA,Fa,No,Unf,0,Unf,0,576,576,GasA,Gd,Y,SBrkr,792,348,0,1140,0,0,1,0,3,1,TA,7,Min2,0,Gd,Attchd,1980.0,Unf,0,0,TA,TA,N,0,160,0,0,0,0,Gd,MnPrv,Shed,0,6,2010,WD,Normal,96500,0.12953073514373367,1140,1.0,114,1,0,0,0,0
752,60,RL,69.0,7750,Pave,Grvl,Reg,Lvl,AllPub,Inside,Gtl,Gilbert,RRAn,Norm,1Fam,2Story,7,5,2003,2003,Gable,CompShg,VinylSd,VinylSd,BrkFace,0.0,Gd,TA,PConc,Gd,TA,No,Unf,0,Unf,0,660,660,GasA,Ex,Y,SBrkr,660,660,0,1320,0,0,2,1,3,1,Gd,6,Typ,0,Gd,Attchd,2003.0,Fin,2,400,TA,TA,Y,0,48,0,0,0,0,Gd,MnPrv,Shed,0,8,2007,WD,Normal,162000,0.1703006063733712,1320,2.5,21,0,0,0,0,0
753,20,RL,79.0,9236,Pave,Grvl,IR1,Lvl,AllPub,Inside,Gtl,CollgCr,Norm,Norm,1Fam,1Story,6,5,1997,1997,Gable,CompShg,VinylSd,VinylSd,BrkFace,0.0,TA,Gd,PConc,Gd,TA,Gd,GLQ,1200,Unf,0,279,1479,GasA,Ex,Y,SBrkr,1494,0,0,1494,1,0,2,0,3,1,Gd,6,Typ,0,Gd,Attchd,1997.0,RFn,2,576,TA,TA,Y,168,27,0,0,0,0,Gd,MnPrv,Shed,0,7,2006,WD,Normal,217000,0.16174082494316336,1494,2.0,27,0,0,0,1,0
754,60,RL,80.0,10240,Pave,Grvl,Reg,Lvl,AllPub,Inside,Gtl,NridgHt,Norm,Norm,1Fam,2Story,8,5,2005,2005,Gable,CompShg,VinylSd,VinylSd,BrkFace,178.0,Gd,TA,PConc,Gd,TA,Mn,Unf,0,Unf,0,1030,1030,GasA,Gd,Y,SBrkr,1038,1060,0,2098,0,0,2,1,3,1,Ex,8,Typ,1,Gd,Attchd,2005.0,RFn,3,878,TA,TA,Y,192,52,0,0,0,0,Gd,MnPrv,Shed,0,3,2006,WD,Normal,275500,0.20486280636656576,2098,2.5,19,0,0,0,0,0
755,20,RL,61.0,7930,Pave,Grvl,Reg,Lvl,AllPub,Inside,Gtl,NAmes,Norm,Norm,1Fam,1Story,6,8,1969,2005,Gable,CompShg,Plywood,Plywood,BrkFace,0.0,TA,TA,CBlock,TA,TA,No,GLQ,439,LwQ,472,115,1026,GasA,Gd,Y,SBrkr,1026,0,0,1026,1,0,1,0,3,1,Gd,5,Typ,0,Gd,Detchd,1969.0,RFn,2,440,TA,TA,Y,171,48,0,0,0,0,Gd,MnPrv,Shed,0,7,2009,WD,Normal,156000,0.12936577985121675,1026,1.0,55,0,0,0,0,0
756,160,FV,34.0,3230,Pave,Pave,Reg,Lvl,AllPub,Inside,Gtl,Somerst,Norm,Norm,TwnhsE,2Story,6,5,1999,1999,Gable,CompShg,MetalSd,MetalSd,BrkFace,894.0,TA,TA,PConc,Gd,TA,No,GLQ,381,Unf,0,348,729,GasA,Gd,Y,SBrkr,742,729,0,1471,0,0,2,1,3,1,TA,6,Typ,0,Gd,Detchd,1999.0,Unf,2,440,TA,TA,Y,0,24,0,0,0,0,Gd,MnPrv,Shed,0,3,2009,WD,Normal,172500,0.4552770040235221,1471,2.5,25,3,0,1,0,0
757,60,RL,68.0,10769,Pave,Grvl,IR1,Lvl,AllPub,Inside,Gtl,CollgCr,Norm,Norm,1Fam,2Story,8,5,2007,2007,Gable,CompShg,VinylSd,VinylSd,BrkFace,0.0,Gd,TA,PConc,Gd,TA,Av,GLQ,20,Unf,0,846,866,GasA,Ex,Y,SBrkr,866,902,0,1768,0,0,2,1,3,1,Gd,7,Typ,0,Gd,Attchd,2007.0,RFn,2,578,TA,TA,Y,144,105,0,0,0,0,Gd,MnPrv,Shed,0,4,2009,WD,Normal,212000,0.16415970287836584,1768,2.5,17,0,0,0,1,0
758,60,RL,69.0,11616,Pave,Grvl,IR1,Lvl,AllPub,CulDSac,Gtl,Sawyer,Norm,Norm,1Fam,2Story,6,5,1978,1978,Hip,CompShg,HdBoard,HdBoard,BrkCmn,328.0,TA,TA,CBlock,TA,TA,Mn,Rec,438,Unf,0,234,672,GasA,TA,Y,SBrkr,672,714,0,1386,0,0,2,1,3,1,TA,6,Typ,1,TA,Attchd,1978.0,Fin,2,440,TA,TA,Y,335,0,0,0,0,0,Gd,GdPrv,Shed,0,4,2010,WD,Abnorml,158900,0.11930791082034949,1386,2.5,46,0,0,0,1,0
759,160,FV,24.0,2280,Pave,Pave,Reg,Lvl,AllPub,Inside,Gtl,Somerst,Norm,Norm,Twnhs,2Story,7,5,1999,1999,Gable,CompShg,MetalSd,MetalSd,BrkFace,360.0,TA,TA,PConc,Gd,TA,No,ALQ,549,Unf,0,195,744,GasA,Gd,Y,SBrkr,757,744,0,1501,0,0,2,1,3,1,TA,6,Typ,0,Gd,Detchd,1999.0,Unf,2,440,TA,TA,Y,0,0,0,0,0,0,Gd,MnPrv,Shed,0,8,2008,WD,Normal,179400,0.6580447172292854,1501,2.5,25,3,0,1,0,0
760,60,RL,65.0,12257,Pave,Grvl,IR1,Lvl,AllPub,Inside,Gtl,NoRidge,Norm,Norm,1Fam,2Story,8,5,1995,1995,Gable,CompShg,VinylSd,VinylSd,BrkFace,513.0,Gd,TA,PConc,Gd,TA,Av,LwQ,56,ALQ,64,1198,1318,GasA,Ex,Y,SBrkr,1328,1203,0,2531,0,0,2,1,4,1,Gd,9,Typ,1,TA,Attchd,1995.0,RFn,3,752,TA,TA,Y,222,98,0,0,0,0,Gd,MnPrv,Shed,0,11,2007,WD,Normal,290000,0.2064774025126448,2531,2.5,29,0,0,0,1,0
761,20,RL,70.0,9100,Pave,Grvl,Reg,Lvl,AllPub,Inside,Gtl,NAmes,Norm,Norm,1Fam,1Story,6,6,1959,1959,Hip,CompShg,Wd Sdng,Wd Sdng,BrkFace,0.0,TA,TA,CBlock,TA,TA,No,Rec,612,Unf,0,252,864,GasA,Ex,Y,SBrkr,864,0,0,864,0,0,1,0,2,1,TA,5,Typ,0,Gd,Detchd,2008.0,Unf,1,300,Ex,Ex,Y,0,0,0,0,0,0,Gd,MnPrv,Shed,450,10,2009,WD,Normal,127500,0.09493462256894847,864,1.0,65,0,0,0,0,0
762,30,RM,60.0,6911,Pave,Grvl,Reg,Lvl,AllPub,FR2,Gtl,BrkSide,Feedr,Norm,1Fam,1Story,5,5,1924,1950,Gable,CompShg,Wd Sdng,Wd Sdng,BrkFace,0.0,TA,TA,PConc,TA,TA,Mn,LwQ,405,Unf,0,740,1145,GasA,TA,Y,SBrkr,1301,0,0,1301,0,0,1,0,2,1,Fa,5,Min1,0,Gd,Detchd,1965.0,Unf,2,440,TA,TA,Y,0,0,0,0,0,0,Gd,MnPrv,Shed,0,10,2009,WD,Normal,100000,0.18822337962962962,1301,1.0,100,1,0,0,0,0
763,60,FV,72.0,8640,Pave,Grvl,Reg,Lvl,AllPub,Inside,Gtl,Somerst,Norm,Norm,1Fam,2Story,7,5,2009,2009,Gable,CompShg,VinylSd,VinylSd,BrkFace,0.0,TA,TA,PConc,Gd,TA,Mn,GLQ,24,Unf,0,732,756,GasA,Ex,Y,SBrkr,764,783,0,1547,0,0,2,1,3,1,Gd,7,Typ,0,Gd,Attchd,2009.0,Unf,2,614,TA,TA,Y,169,45,0,0,0,0,Gd,MnPrv,Shed,0,6,2010,Con,Normal,215200,0.1790302048374031,1547,2.5,15,3,0,0,0,0
764,60,RL,82.0,9430,Pave,Grvl,Reg,Lvl,AllPub,Inside,Gtl,NoRidge,Norm,Norm,1Fam,2Story,8,5,1999,1999,Gable,CompShg,VinylSd,VinylSd,BrkFace,673.0,Gd,TA,PConc,Gd,TA,Mn,GLQ,1163,Unf,0,89,1252,GasA,Ex,Y,SBrkr,1268,1097,0,2365,1,0,2,1,3,1,Gd,8,Typ,1,Gd,Attchd,1999.0,RFn,3,856,TA,TA,Y,0,128,0,0,180,0,Gd,MnPrv,Shed,0,7,2009,WD,Normal,337000,0.2507687413847948,2365,2.5,25,0,0,0,0,0
765,120,RL,30.0,9549,Pave,Grvl,IR1,Lvl,AllPub,CulDSac,Gtl,Veenker,Norm,Norm,TwnhsE,1Story,8,5,1995,1996,Hip,CompShg,BrkFace,BrkFace,BrkFace,0.0,Gd,Gd,PConc,Gd,Gd,Av,LwQ,437,GLQ,1057,0,1494,GasA,Ex,Y,SBrkr,1494,0,0,1494,1,0,1,1,2,1,Ex,6,Typ,1,Gd,Attchd,1995.0,Fin,2,481,TA,TA,Y,0,30,0,0,216,0,Gd,MnPrv,Shed,0,4,2006,WD,Normal,270000,0.15643979057591623,1494,1.5,29,0,0,0,1,0
766,20,RL,75.0,14587,Pave,Grvl,IR1,Lvl,AllPub,Inside,Gtl,Somerst,Norm,Norm,1Fam,1Story,9,5,2008,2008,Gable,CompShg,VinylSd,VinylSd,Stone,284.0,Gd,TA,PConc,Gd,TA,No,Unf,0,Unf,0,1498,1498,GasA,Ex,Y,SBrkr,1506,0,0,1506,0,0,2,0,2,1,Ex,6,Typ,1,Gd,Attchd,2008.0,Fin,2,592,TA,TA,Y,0,174,0,0,0,0,Gd,MnPrv,Shed,0,8,2008,New,Partial,264132,0.10323553605703317,1506,2.0,16,0,0,0,1,0
767,60,RL,80.0,10421,Pave,Grvl,Reg,Lvl,AllPub,Inside,Gtl,NWAmes,Norm,Norm,1Fam,2Story,7,5,1988,1988,Gable,CompShg,HdBoard,HdBoard,BrkFace,42.0,TA,TA,CBlock,Gd,TA,No,GLQ,394,Unf,0,586,980,GasA,TA,Y,SBrkr,980,734,0,1714,0,0,2,1,3,1,TA,7,Typ,1,TA,Attchd,1988.0,Unf,2,496,TA,TA,Y,228,66,156,0,0,0,Gd,MnPrv,Shed,500,3,2010,WD,Normal,196500,0.16445979658414892,1714,2.5,36,0,0,0,0,0
768,50,RL,75.0,12508,Pave,Grvl,IR1,Lvl,AllPub,Inside,Gtl,Mitchel,Norm,Norm,1Fam,1.5Fin,6,7,1940,1985,Gable,CompShg,VinylSd,VinylSd,BrkFace,0.0,TA,TA,CBlock,Gd,TA,Mn,ALQ,660,Unf,0,323,983,GasA,Ex,Y,SBrkr,983,767,0,1750,1,0,2,0,4,1,TA,7,Mod,0,Gd,Attchd,1989.0,Unf,1,423,TA,TA,Y,245,0,156,0,0,0,Gd,MnPrv,Shed,1300,7,2008,WD,Normal,160000,0.13989927252378287,1750,2.0,84,0,0,0,1,0
769,20,RL,70.0,9100,Pave,Grvl,Reg,Lvl,AllPub,Inside,Gtl,CollgCr,Norm,Norm,1Fam,1Story,7,5,2004,2005,Hip,CompShg,VinylSd,VinylSd,BrkFace,0.0,Gd,TA,PConc,Gd,TA,No,GLQ,24,Unf,0,1836,1860,GasA,Ex,Y,SBrkr,1836,0,0,1836,0,0,2,0,3,1,Gd,8,Typ,1,Gd,Attchd,2004.0,Fin,2,484,TA,TA,Y,120,33,0,0,0,0,Gd,MnPrv,Shed,0,10,2006,WD,Normal,216837,0.2017360729590155,1836,2.0,20,0,0,0,0,0
770,60,RL,47.0,53504,Pave,Grvl,IR2,HLS,AllPub,CulDSac,Mod,StoneBr,Norm,Norm,1Fam,2Story,8,5,2003,2003,Hip,CompShg,CemntBd,Wd Shng,BrkFace,603.0,Ex,TA,PConc,Gd,TA,Gd,ALQ,1416,Unf,0,234,1650,GasA,Ex,Y,SBrkr,1690,1589,0,3279,1,0,3,1,4,1,Ex,12,Mod,1,Gd,BuiltIn,2003.0,Fin,3,841,TA,TA,Y,503,36,0,0,210,0,Gd,MnPrv,Shed,0,6,2010,WD,Normal,538000,0.06128399215026633,3279,3.5,21,0,0,0,2,3
771,85,RL,69.0,7252,Pave,Grvl,IR1,Lvl,AllPub,CulDSac,Gtl,Sawyer,Norm,Norm,1Fam,SFoyer,5,5,1982,1982,Hip,CompShg,Wd Sdng,Wd Sdng,BrkFace,0.0,TA,TA,CBlock,Gd,TA,Av,GLQ,685,Unf,0,173,858,GasA,TA,Y,SBrkr,858,0,0,858,1,0,1,0,2,1,TA,5,Typ,0,Gd,Detchd,1983.0,Unf,2,576,TA,TA,Y,120,0,0,0,0,0,Gd,MnPrv,Shed,0,4,2009,WD,Normal,134900,0.11829587756790294,858,1.0,42,0,0,0,1,0
772,20,RL,67.0,8877,Pave,Grvl,Reg,Lvl,AllPub,Inside,Gtl,Edwards,Norm,Norm,1Fam,1Story,4,5,1951,1951,Gable,CompShg,Wd Sdng,Wd Sdng,BrkFace,0.0,TA,TA,CBlock,Fa,Fa,No,LwQ,836,Unf,0,0,836,GasA,TA,Y,FuseF,1220,0,0,1220,0,0,1,0,2,1,TA,6,Typ,0,Gd,Detchd,1951.0,Unf,2,396,TA,TA,Y,0,0,0,0,0,0,Gd,MnPrv,Shed,0,4,2006,COD,Normal,102000,0.13741833746339266,1220,1.0,73,0,0,0,0,0
773,80,RL,94.0,7819,Pave,Grvl,Reg,Lvl,AllPub,Inside,Gtl,Edwards,Norm,Norm,1Fam,SLvl,6,5,1976,1976,Gable,CompShg,Plywood,Plywood,BrkFace,0.0,TA,TA,CBlock,TA,TA,Av,ALQ,422,BLQ,127,480,1029,GasA,TA,Y,SBrkr,1117,0,0,1117,1,0,1,0,3,1,TA,6,Typ,1,TA,Detchd,1976.0,Unf,2,672,TA,TA,Y,144,0,0,0,0,0,Gd,MnPrv,Shed,0,3,2010,WD,Abnorml,107000,0.1428388746803069,1117,1.0,48,0,0,0,0,0
774,20,RL,70.0,10150,Pave,Grvl,Reg,Lvl,AllPub,Inside,Gtl,NAmes,Feedr,Norm,1Fam,1Story,5,5,1958,1958,Gable,CompShg,Wd Sdng,Wd Sdng,BrkFace,1.0,TA,TA,CBlock,TA,TA,No,Rec,456,Unf,0,456,912,GasA,Ex,Y,FuseA,912,0,0,912,0,0,1,0,2,1,TA,5,Typ,0,Gd,Attchd,1958.0,RFn,1,275,TA,TA,Y,0,0,0,0,0,0,Gd,MnPrv,Shed,0,7,2007,COD,Normal,114500,0.089843365185696,912,1.0,66,0,0,0,0,0
775,20,RL,110.0,14226,Pave,Grvl,Reg,Lvl,AllPub,Corner,Gtl,NridgHt,Norm,Norm,1Fam,1Story,8,5,2006,2006,Hip,CompShg,VinylSd,VinylSd,BrkFace,375.0,Gd,TA,PConc,Gd,TA,Av,Unf,0,Unf,0,1935,1935,GasA,Gd,Y,SBrkr,1973,0,0,1973,0,0,2,0,3,1,Gd,9,Typ,1,Gd,Attchd,2006.0,Fin,3,895,TA,TA,Y,315,45,0,0,0,0,Gd,MnPrv,Shed,0,7,2007,New,Partial,395000,0.13867997469600057,1973,2.0,18,0,0,0,0,0
776,120,RM,32.0,4500,Pave,Grvl,Reg,Lvl,AllPub,FR2,Gtl,Mitchel,Norm,Norm,TwnhsE,1Story,6,5,1998,1998,Hip,CompShg,VinylSd,VinylSd,BrkFace,320.0,TA,TA,PConc,Ex,TA,No,GLQ,866,Unf,0,338,1204,GasA,Ex,Y,SBrkr,1204,0,0,1204,1,0,2,0,2,1,TA,5,Typ,0,Gd,Attchd,1998.0,Fin,2,412,TA,TA,Y,0,247,0,0,0,0,Gd,MnPrv,Shed,0,6,2009,WD,Normal,162000,0.26749611197511663,1204,2.0,26,1,0,0,0,0
777,20,RL,86.0,11210,Pave,Grvl,IR1,Lvl,AllPub,Inside,Gtl,CollgCr,Norm,Norm,1Fam,1Story,7,5,2005,2006,Gable,CompShg,VinylSd,VinylSd,BrkFace,240.0,Gd,TA,PConc,Gd,TA,Av,GLQ,20,Unf,0,1594,1614,GasA,Ex,Y,SBrkr,1614,0,0,1614,0,0,2,0,3,1,Gd,7,Typ,0,Gd,Attchd,2005.0,RFn,3,865,TA,TA,Y,144,59,0,0,0,0,Gd,MnPrv,Shed,0,7,2006,New,Partial,221500,0.14396574792614397,1614,2.0,19,0,0,0,1,0
778,20,RL,100.0,13350,Pave,Grvl,IR1,Lvl,AllPub,Inside,Gtl,Sawyer,Norm,Norm,1Fam,1Story,5,5,1974,1974,Hip,CompShg,HdBoard,Plywood,BrkFace,0.0,TA,TA,CBlock,TA,TA,No,ALQ,762,Unf,0,102,864,GasA,TA,Y,SBrkr,894,0,0,894,1,0,1,0,3,1,TA,5,Typ,1,Fa,Attchd,1974.0,Unf,2,440,TA,TA,Y,241,0,0,0,0,0,Gd,MnPrv,Shed,0,6,2006,WD,Normal,142500,0.06696127630889072,894,1.0,50,0,0,0,1,0
779,90,RH,60.0,8400,Pave,Grvl,Reg,Lvl,AllPub,Inside,Gtl,SawyerW,Feedr,Norm,Duplex,1Story,5,5,1977,1977,Gable,CompShg,Plywood,Plywood,BrkFace,320.0,TA,TA,Slab,TA,TA,No,Unf,0,Unf,0,0,0,GasA,TA,Y,SBrkr,2020,0,0,2020,0,0,2,0,4,2,TA,10,Typ,2,TA,Detchd,1977.0,Unf,2,630,TA,TA,Y,0,0,0,0,0,0,Gd,MnPrv,Shed,0,10,2007,WD,Normal,144000,0.24044756576598025,2020,2.0,47,4,0,0,0,0
780,90,RL,78.0,10530,Pave,Grvl,Reg,Lvl,AllPub,Inside,Gtl,Mitchel,Norm,Norm,Duplex,SFoyer,6,5,1977,1977,Gable,CompShg,Plywood,ImStucc,BrkFace,90.0,TA,TA,CBlock,Gd,TA,Gd,GLQ,975,Unf,0,0,975,GasA,TA,Y,SBrkr,1004,0,0,1004,1,0,1,0,2,1,TA,4,Typ,0,Gd,Attchd,1977.0,Unf,2,504,TA,TA,Y,0,0,0,0,0,0,Gd,MnPrv,Shed,0,5,2006,WD,Normal,135000,0.09533757477922325,1004,1.0,47,0,0,0,0,0
781,20,RL,63.0,7875,Pave,Grvl,Reg,Lvl,AllPub,Inside,Gtl,Gilbert,Norm,Norm,1Fam,1Story,7,5,1995,1996,Gable,CompShg,HdBoard,HdBoard,BrkFace,38.0,TA,TA,PConc,Gd,Gd,No,Unf,0,Unf,0,1237,1237,GasA,Gd,Y,SBrkr,1253,0,0,1253,0,0,2,0,3,1,TA,6,Typ,1,TA,Attchd,1995.0,Fin,2,402,TA,TA,Y,220,21,0,0,0,0,Gd,MnPrv,Shed,0,6,2007,WD,Normal,176000,0.1590909090909091,1253,2.0,29,0,0,0,0,0
782,60,RL,65.0,7153,Pave,Grvl,Reg,Lvl,AllPub,Inside,Gtl,SawyerW,Norm,Norm,1Fam,2Story,6,5,1992,1992,Gable,CompShg,VinylSd,VinylSd,BrkFace,0.0,Gd,Gd,PConc,Gd,TA,No,ALQ,387,Unf,0,374,761,GasA,Ex,Y,SBrkr,810,793,0,1603,0,0,2,1,3,1,Gd,7,Typ,0,Gd,Attchd,1992.0,RFn,2,484,TA,TA,Y,0,124,0,0,0,0,Gd,MnPrv,Shed,0,7,2006,WD,Normal,175900,0.22407045009784735,1603,2.5,32,0,0,0,0,0
783,20,RL,67.0,16285,Pave,Grvl,IR2,Lvl,AllPub,Inside,Gtl,CollgCr,Norm,Norm,1Fam,1Story,7,5,2001,2002,Gable,CompShg,VinylSd,VinylSd,BrkFace,0.0,Gd,TA,PConc,Gd,TA,No,Unf,0,Unf,0,1413,1413,GasA,Ex,Y,SBrkr,1430,0,0,1430,0,0,2,0,3,1,Gd,6,Typ,0,Gd,Attchd,2001.0,RFn,2,605,TA,TA,Y,0,33,0,0,0,0,Gd,MnPrv,Shed,0,6,2009,WD,Normal,187100,0.08780547709689304,1430,2.0,23,0,0,0,2,0
784,85,RL,69.0,9101,Pave,Grvl,IR1,Lvl,AllPub,Corner,Gtl,Mitchel,Norm,Norm,1Fam,SFoyer,5,6,1978,1978,Gable,CompShg,Plywood,Plywood,BrkFace,104.0,TA,Gd,PConc,Gd,TA,Av,GLQ,1097,Unf,0,0,1097,GasA,Ex,Y,SBrkr,1110,0,0,1110,1,0,1,0,1,1,Gd,4,Typ,1,TA,Attchd,1978.0,Fin,2,602,TA,TA,Y,303,30,0,0,0,0,Gd,MnPrv,Shed,0,7,2009,WD,Normal,165500,0.12195121951219512,1110,1.0,46,0,0,0,1,0
785,75,RM,35.0,6300,Pave,Grvl,Reg,Lvl,AllPub,Inside,Gtl,OldTown,Norm,Norm,1Fam,2.5Unf,6,6,1914,2001,Gable,CompShg,Wd Sdng,Wd Shng,BrkFace,0.0,TA,TA,CBlock,TA,TA,No,Unf,0,Unf,0,742,742,GasA,Ex,Y,SBrkr,742,742,0,1484,0,0,2,0,3,1,TA,9,Typ,1,Gd,Attchd,1980.0,Unf,0,0,TA,TA,Y,0,291,134,0,0,0,Gd,MnPrv,Shed,0,6,2008,WD,Normal,128000,0.2355181717187748,1484,2.0,110,1,0,0,0,0
786,20,RL,69.0,9790,Pave,Grvl,Reg,Lvl,AllPub,Inside,Gtl,NWAmes,Feedr,Norm,1Fam,1Story,6,5,1967,1967,Gable,CompShg,BrkFace,Wd Sdng,BrkFace,0.0,TA,TA,CBlock,TA,TA,No,Rec,251,LwQ,630,491,1372,GasA,TA,Y,SBrkr,1342,0,0,1342,0,0,2,0,3,1,TA,7,Typ,1,Gd,Attchd,1967.0,Unf,2,457,TA,TA,Y,0,0,0,0,197,0,Gd,MnPrv,Shed,0,9,2009,WD,Normal,161500,0.13706465121029518,1342,2.0,57,0,0,0,0,0
787,50,RM,60.0,10800,Pave,Grvl,Reg,Lvl,AllPub,Inside,Gtl,OldTown,Artery,Norm,1Fam,1.5Fin,5,6,1915,1950,Gable,CompShg,MetalSd,MetalSd,BrkFace,0.0,TA,Gd,PConc,Fa,TA,No,LwQ,686,Unf,0,0,686,GasA,TA,Y,SBrkr,966,686,0,1652,1,0,2,0,4,1,TA,7,Typ,0,Gd,Detchd,1961.0,Unf,1,416,TA,TA,Y,0,0,196,0,0,0,Gd,MnPrv,Shed,1200,6,2010,WD,Normal,139000,0.15294880103694103,1652,2.0,109,1,0,0,0,0
788,60,RL,76.0,10142,Pave,Grvl,IR1,Lvl,AllPub,Inside,Gtl,SawyerW,Norm,Norm,1Fam,2Story,7,5,2004,2004,Gable,CompShg,VinylSd,VinylSd,BrkFace,0.0,Gd,TA,PConc,Gd,TA,No,GLQ,656,Unf,0,300,956,GasA,Ex,Y,SBrkr,956,1128,0,2084,1,0,2,1,4,1,Gd,8,Typ,0,Gd,BuiltIn,2004.0,RFn,2,618,TA,TA,Y,0,45,0,0,0,0,Gd,MnPrv,Shed,0,1,2010,WD,Normal,233000,0.2054618949028887,2084,2.5,20,0,0,0,1,0
789,20,RM,50.0,6000,Pave,Grvl,Reg,Lvl,AllPub,Corner,Gtl,OldTown,Norm,Norm,1Fam,1Story,4,7,1954,2000,Gable,CompShg,MetalSd,MetalSd,BrkFace,0.0,TA,TA,CBlock,TA,TA,No,Unf,0,Unf,0,901,901,GasA,Ex,Y,SBrkr,901,0,0,901,0,0,1,0,2,1,TA,4,Typ,0,Gd,Detchd,1954.0,Unf,1,281,Fa,TA,Y,0,0,0,0,0,0,Gd,MnPrv,Shed,0,8,2008,WD,Normal,107900,0.1501416430594901,901,1.0,70,1,0,0,0,0
790,60,RL,69.0,12205,Pave,Grvl,IR1,Low,AllPub,Inside,Gtl,ClearCr,Norm,Norm,1Fam,2Story,6,8,1966,2007,Gable,CompShg,HdBoard,HdBoard,BrkFace,157.0,TA,TA,CBlock,TA,Fa,Gd,LwQ,568,Unf,0,264,832,GasA,Gd,Y,SBrkr,976,1111,0,2087,0,0,2,1,5,1,Gd,9,Typ,0,Gd,Attchd,1966.0,Fin,2,444,TA,TA,Y,133,168,0,0,0,0,Gd,MnPrv,Shed,0,7,2007,WD,Normal,187500,0.17098148451581188,2087,2.5,58,0,0,0,1,2
791,120,RL,43.0,3182,Pave,Grvl,Reg,Lvl,AllPub,Inside,Gtl,Blmngtn,Norm,Norm,TwnhsE,1Story,7,5,2005,2006,Gable,CompShg,VinylSd,VinylSd,BrkFace,11.0,Gd,TA,PConc,Gd,TA,No,GLQ,16,Unf,0,1129,1145,GasA,Ex,Y,SBrkr,1145,0,0,1145,0,0,2,0,2,1,Gd,5,Typ,1,Gd,Attchd,2005.0,Fin,2,397,TA,TA,Y,100,16,0,0,0,0,Gd,MnPrv,Shed,0,9,2009,WD,Normal,160200,0.35972353125981776,1145,2.0,19,0,0,0,0,0
792,80,RL,69.0,11333,Pave,Grvl,IR1,Lvl,AllPub,Corner,Gtl,Mitchel,Norm,Norm,1Fam,SLvl,6,5,1976,1976,Gable,CompShg,HdBoard,HdBoard,BrkFace,0.0,TA,TA,PConc,Gd,TA,Av,ALQ,539,Unf,0,490,1029,GasA,TA,Y,SBrkr,1062,0,0,1062,1,0,1,0,3,1,TA,5,Typ,2,TA,Attchd,1976.0,RFn,2,539,TA,TA,Y,120,0,0,0,0,0,Gd,MnPrv,Shed,0,5,2007,WD,Normal,146800,0.09370037056643726,1062,1.0,48,0,0,0,1,0
793,60,RL,92.0,9920,Pave,Grvl,IR1,Lvl,AllPub,CulDSac,Gtl,NoRidge,Norm,Norm,1Fam,2Story,7,5,1996,1997,Gable,CompShg,MetalSd,MetalSd,BrkFace,0.0,Gd,TA,PConc,Gd,TA,Av,GLQ,862,Unf,0,255,1117,GasA,Ex,Y,SBrkr,1127,886,0,2013,1,0,2,1,3,1,TA,8,Typ,1,TA,Attchd,1997.0,Unf,2,455,TA,TA,Y,180,130,0,0,0,0,Gd,MnPrv,Shed,0,6,2007,WD,Normal,269790,0.20290293317205926,2013,2.5,28,0,0,0,1,0
794,20,RL,76.0,9158,Pave,Grvl,Reg,Lvl,AllPub,Inside,Gtl,Somerst,Norm,Norm,1Fam,1Story,8,5,2007,2007,Gable,CompShg,CemntBd,CmentBd,Stone,140.0,Gd,TA,PConc,Gd,TA,Av,Unf,0,Unf,0,1496,1496,GasA,Ex,Y,SBrkr,1496,0,0,1496,0,0,2,0,3,1,Gd,7,Typ,0,Gd,Attchd,2007.0,Fin,2,474,TA,TA,Y,168,130,0,0,0,0,Gd,MnPrv,Shed,0,6,2007,New,Partial,225000,0.16333660880008735,1496,2.0,17,0,0,0,0,0
795,60,RL,69.0,10832,Pave,Grvl,IR1,Lvl,AllPub,Corner,Gtl,Gilbert,Norm,Norm,1Fam,2Story,7,5,1994,1996,Gable,CompShg,MetalSd,MetalSd,BrkFace,0.0,Gd,TA,PConc,Gd,TA,No,Unf,0,Unf,0,712,712,GasA,Ex,Y,SBrkr,1086,809,0,1895,0,0,2,1,3,1,Gd,7,Typ,1,TA,Attchd,1994.0,Fin,2,409,TA,TA,Y,143,46,0,0,0,0,Gd,MnPrv,Shed,500,10,2008,WD,Normal,194500,0.17492845933721038,1895,2.5,30,0,0,0,1,0
796,60,RL,70.0,8400,Pave,Grvl,Reg,Lvl,AllPub,Inside,Gtl,SawyerW,Norm,Norm,1Fam,2Story,6,6,1980,1981,Gable,CompShg,HdBoard,HdBoard,BrkFace,130.0,TA,TA,CBlock,Gd,TA,No,Unf,0,Unf,0,650,650,GasA,TA,Y,SBrkr,888,676,0,1564,0,0,2,1,3,1,TA,7,Typ,1,TA,Attchd,1980.0,Unf,2,476,TA,TA,Y,0,50,0,0,204,0,Gd,MnPrv,Shed,0,4,2010,WD,Normal,171000,0.1861683132960362,1564,2.5,44,0,0,0,0,0
797,20,RL,71.0,8197,Pave,Grvl,Reg,Lvl,AllPub,Inside,Gtl,Sawyer,Norm,Norm,1Fam,1Story,6,5,1977,1977,Gable,CompShg,Plywood,Plywood,BrkFace,148.0,TA,TA,CBlock,TA,TA,No,Unf,0,Unf,0,660,660,GasA,Ex,Y,SBrkr,1285,0,0,1285,0,0,1,1,3,1,TA,7,Typ,1,TA,Attchd,1977.0,RFn,2,528,TA,TA,Y,138,0,0,0,0,0,Gd,MnPrv,Shed,0,4,2007,WD,Normal,143500,0.15674554769455964,1285,1.5,47,0,0,0,0,0
798,20,RL,57.0,7677,Pave,Grvl,Reg,Lvl,AllPub,Inside,Gtl,NAmes,Norm,Norm,1Fam,1Story,5,5,1953,1953,Gable,CompShg,VinylSd,VinylSd,BrkFace,0.0,TA,TA,CBlock,TA,TA,No,BLQ,570,Unf,0,203,773,GasA,Gd,Y,SBrkr,773,0,0,773,0,0,1,0,2,1,TA,4,Typ,0,Gd,Attchd,1953.0,Unf,1,240,TA,TA,Y,0,0,0,0,0,0,Gd,MnPrv,Shed,0,4,2008,WD,Abnorml,110000,0.10067725970304767,773,1.0,71,0,0,0,0,0
799,60,RL,104.0,13518,Pave,Grvl,Reg,Lvl,AllPub,Inside,Gtl,NridgHt,Norm,Norm,1Fam,2Story,9,5,2008,2009,Hip,CompShg,VinylSd,VinylSd,Stone,860.0,Ex,TA,PConc,Ex,TA,No,Unf,0,Unf,0,1926,1926,GasA,Ex,Y,SBrkr,1966,1174,0,3140,0,0,3,1,4,1,Ex,11,Typ,2,Gd,BuiltIn,2009.0,Fin,3,820,TA,TA,Y,144,78,0,0,0,0,Gd,MnPrv,Shed,0,7,2009,New,Partial,485000,0.23226570012574896,3140,3.5,16,0,0,0,0,0
800,50,RL,60.0,7200,Pave,Grvl,Reg,Lvl,AllPub,Corner,Gtl,SWISU,Feedr,Norm,1Fam,1.5Fin,5,7,1937,1950,Gable,CompShg,Wd Sdng,Wd Sdng,BrkFace,252.0,TA,TA,BrkTil,Gd,TA,No,ALQ,569,Unf,0,162,731,GasA,Ex,Y,SBrkr,981,787,0,1768,1,0,1,1,3,1,Gd,7,Typ,2,TA,Detchd,1939.0,Unf,1,240,TA,TA,Y,0,0,264,0,0,0,Gd,MnPrv,Shed,0,6,2007,WD,Normal,175000,0.24552145535342312,1768,1.5,87,0,0,0,0,0
801,60,RL,79.0,12798,Pave,Grvl,IR1,HLS,AllPub,Inside,Mod,ClearCr,Feedr,Norm,1Fam,2Story,6,5,1997,1997,Gable,CompShg,VinylSd,VinylSd,BrkFace,0.0,TA,TA,PConc,Gd,TA,Gd,GLQ,462,Unf,0,154,616,GasA,Gd,Y,SBrkr,616,1072,0,1688,1,0,2,1,4,1,Gd,8,Typ,0,Gd,Attchd,1997.0,RFn,2,603,TA,TA,Y,403,114,185,0,0,0,Gd,MnPrv,Shed,400,5,2008,WD,Normal,200000,0.131885303539339,1688,2.5,27,0,0,0,1,3
802,30,RM,40.0,4800,Pave,Grvl,Reg,Lvl,AllPub,Inside,Gtl,IDOTRR,Norm,Norm,1Fam,1Story,4,7,1916,1990,Gable,CompShg,MetalSd,MetalSd,BrkFace,0.0,TA,TA,CBlock,TA,TA,No,LwQ,197,Unf,0,999,1196,GasA,Ex,Y,FuseA,1196,0,0,1196,1,0,1,0,2,1,TA,5,Typ,0,Gd,Detchd,1957.0,Unf,2,440,TA,TA,Y,0,0,0,0,0,0,Gd,MnPrv,Shed,0,7,2007,WD,Normal,109900,0.24911476775671734,1196,1.0,108,1,0,0,0,0
803,60,RL,63.0,8199,Pave,Grvl,Reg,Lvl,AllPub,Inside,Gtl,CollgCr,Norm,Norm,1Fam,2Story,7,5,2005,2005,Gable,CompShg,WdShing,Wd Shng,BrkFace,0.0,Gd,TA,PConc,Gd,TA,Av,GLQ,648,Unf,0,80,728,GasA,Ex,Y,SBrkr,728,728,0,1456,1,0,2,1,3,1,Gd,7,Typ,1,Gd,Attchd,2005.0,Fin,2,410,TA,TA,Y,36,18,0,0,0,0,Gd,MnPrv,Shed,0,10,2008,WD,Normal,189000,0.1775609756097561,1456,2.5,19,0,0,0,0,0
804,60,RL,107.0,13891,Pave,Grvl,Reg,Lvl,AllPub,Inside,Gtl,NridgHt,Norm,Norm,1Fam,2Story,9,5,2008,2009,Hip,CompShg,VinylSd,VinylSd,Stone,424.0,Ex,TA,PConc,Ex,TA,Gd,Unf,0,Unf,0,1734,1734,GasA,Ex,Y,SBrkr,1734,1088,0,2822,0,0,3,1,4,1,Ex,12,Typ,1,Gd,BuiltIn,2009.0,RFn,3,1020,TA,TA,Y,52,170,0,0,192,0,Gd,MnPrv,Shed,0,1,2009,New,Partial,582933,0.2031384969766772,2822,3.5,16,0,0,0,0,0
805,20,RL,75.0,9000,Pave,Grvl,Reg,Lvl,AllPub,Inside,Gtl,NAmes,Norm,Norm,1Fam,1Story,5,5,1954,1954,Gable,CompShg,Wd Sdng,Wd Sdng,BrkFace,0.0,TA,TA,CBlock,TA,TA,No,LwQ,812,Unf,0,124,936,GasA,TA,Y,SBrkr,1128,0,0,1128,0,0,1,0,2,1,TA,5,Min1,0,Gd,Attchd,1954.0,Unf,1,286,TA,TA,Y,0,0,0,0,0,0,Gd,GdWo,Shed,0,6,2006,WD,Family,118000,0.12531940895456062,1128,1.0,70,0,0,0,0,0
806,20,RL,91.0,12274,Pave,Grvl,IR1,Lvl,AllPub,FR2,Gtl,Somerst,Norm,Norm,1Fam,1Story,7,5,2008,2008,Gable,CompShg,VinylSd,VinylSd,Stone,256.0,Gd,TA,PConc,Gd,TA,No,Unf,0,Unf,0,1417,1417,GasA,Ex,Y,SBrkr,1428,0,0,1428,0,0,2,0,3,1,Ex,6,Typ,0,Gd,Attchd,2008.0,RFn,2,554,TA,TA,Y,0,60,0,0,0,0,Gd,MnPrv,Shed,0,7,2008,New,Partial,227680,0.11633401221995927,1428,2.0,16,0,0,0,1,0
807,80,RL,75.0,9750,Pave,Grvl,Reg,Lvl,AllPub,Inside,Gtl,NAmes,Norm,Norm,1Fam,SLvl,5,5,1967,1967,Gable,CompShg,VinylSd,VinylSd,BrkFace,0.0,TA,TA,PConc,TA,TA,Av,ALQ,400,Rec,480,100,980,GasA,Gd,Y,SBrkr,980,0,0,980,0,0,2,0,3,1,TA,6,Typ,0,Gd,Attchd,1967.0,Fin,1,384,TA,TA,Y,68,0,0,0,0,0,Gd,MnPrv,Shed,0,10,2006,WD,Normal,135500,0.10050251256281408,980,2.0,57,0,0,0,0,0
808,70,RL,144.0,21384,Pave,Grvl,Reg,Lvl,AllPub,Inside,Gtl,BrkSide,Norm,Norm,1Fam,2Story,5,6,1923,2004,Gable,CompShg,Wd Sdng,Wd Sdng,BrkFace,0.0,TA,TA,CBlock,TA,TA,Gd,GLQ,1309,Unf,0,15,1324,GasA,Ex,Y,SBrkr,1072,504,0,1576,2,0,1,1,3,1,Gd,6,Typ,1,TA,Attchd,1923.0,RFn,2,528,TA,TA,Y,0,312,0,0,0,0,Gd,MnPrv,Shed,0,5,2009,WD,Normal,223500,0.07369651624970774,1576,1.5,101,0,0,0,0,0
809,80,RL,85.0,13400,Pave,Grvl,Reg,Lvl,AllPub,Inside,Gtl,NAmes,Norm,Norm,1Fam,SLvl,5,5,1966,1966,Gable,CompShg,VinylSd,VinylSd,BrkFace,1047.0,TA,TA,CBlock,TA,TA,Av,ALQ,516,BLQ,128,380,1024,GasA,TA,Y,SBrkr,1086,0,0,1086,1,0,1,0,3,1,TA,6,Typ,1,Gd,Attchd,1966.0,RFn,2,484,TA,TA,Y,0,0,0,0,0,0,Gd,GdWo,Shed,0,6,2006,WD,Normal,159950,0.08103872845310052,1086,1.0,58,0,0,0,0,0
810,75,RM,90.0,8100,Pave,Grvl,Reg,Lvl,AllPub,Corner,Gtl,OldTown,Norm,Norm,1Fam,2.5Unf,5,5,1898,1965,Hip,CompShg,AsbShng,AsbShng,BrkFace,0.0,TA,TA,PConc,TA,TA,No,Unf,0,Unf,0,849,849,GasA,TA,N,FuseA,1075,1063,0,2138,0,0,2,0,2,3,TA,11,Typ,0,Gd,Detchd,1910.0,Unf,2,360,Fa,Po,N,40,156,0,0,0,0,Gd,MnPrv,Shed,0,11,2009,WD,Normal,106000,0.26391803481051723,2138,2.0,126,1,0,0,0,0
811,20,RL,78.0,10140,Pave,Grvl,Reg,Lvl,AllPub,Inside,Gtl,NWAmes,Norm,Norm,1Fam,1Story,6,6,1974,1999,Hip,CompShg,HdBoard,HdBoard,BrkFace,99.0,TA,TA,CBlock,TA,TA,No,ALQ,663,LwQ,377,0,1040,GasA,Fa,Y,SBrkr,1309,0,0,1309,1,0,1,1,3,1,Gd,5,Typ,1,Fa,Attchd,1974.0,RFn,2,484,TA,TA,Y,265,0,0,0,0,648,Fa,GdPrv,Shed,0,1,2006,WD,Normal,181000,0.1290799723893107,1309,1.5,50,0,0,0,0,0
812,120,RM,69.0,4438,Pave,Grvl,Reg,Lvl,AllPub,Inside,Gtl,CollgCr,Norm,Norm,TwnhsE,1Story,6,5,2004,2004,Gable,CompShg,VinylSd,VinylSd,BrkFace,169.0,Gd,TA,PConc,Gd,TA,Gd,GLQ,662,Unf,0,186,848,GasA,Ex,Y,SBrkr,848,0,0,848,1,0,1,0,1,1,Gd,4,Typ,1,Gd,Attchd,2004.0,Fin,2,420,TA,TA,Y,140,0,0,0,0,0,Gd,MnPrv,Shed,0,6,2008,ConLD,Normal,144500,0.19103401667042127,848,1.0,20,1,0,0,0,0
813,20,C (all),66.0,8712,Grvl,Grvl,Reg,Bnk,AllPub,Inside,Mod,IDOTRR,Norm,Norm,1Fam,1Story,5,5,1952,1952,Hip,CompShg,Wd Sdng,Wd Sdng,BrkFace,0.0,Fa,TA,CBlock,TA,TA,Av,Unf,0,Unf,0,540,540,GasA,TA,N,FuseA,1044,0,0,1044,0,0,1,0,2,1,Fa,4,Typ,0,Gd,Basment,1952.0,Unf,2,504,TA,TA,N,0,0,0,0,0,0,Gd,MnPrv,Shed,54,6,2010,WD,Alloca,55993,0.11982095719040514,1044,1.0,72,2,1,0,0,1
814,20,RL,75.0,9750,Pave,Grvl,Reg,Lvl,AllPub,Inside,Gtl,NAmes,Norm,Norm,1Fam,1Story,6,6,1958,1958,Gable,CompShg,MetalSd,MetalSd,BrkFace,243.0,TA,TA,CBlock,TA,TA,No,Rec,608,Unf,0,834,1442,GasA,Gd,Y,SBrkr,1442,0,0,1442,0,0,1,1,4,1,TA,7,Typ,0,Gd,Attchd,1958.0,RFn,1,301,TA,TA,Y,0,0,275,0,0,0,Gd,MnPrv,Shed,500,4,2007,COD,Normal,157900,0.14788226848528357,1442,1.5,66,0,0,0,0,0
815,50,RL,45.0,8248,Pave,Grvl,Reg,Lvl,AllPub,Inside,Gtl,Edwards,Norm,Norm,1Fam,1.5Fin,5,7,1918,1950,Gable,CompShg,Stucco,Stucco,BrkFace,0.0,TA,TA,BrkTil,TA,TA,No,Unf,0,Unf,0,686,686,GasW,Gd,Y,SBrkr,686,564,0,1250,0,1,1,1,3,1,Fa,7,Typ,0,Gd,Detchd,1955.0,Unf,1,280,TA,TA,P,207,0,96,0,0,0,Gd,MnPrv,Shed,0,7,2006,WD,Normal,116000,0.15153351921445024,1250,1.5,106,0,0,0,0,0
816,20,RL,48.0,12137,Pave,Grvl,IR2,Lvl,AllPub,CulDSac,Gtl,CollgCr,Norm,Norm,1Fam,1Story,7,5,1998,1998,Gable,CompShg,VinylSd,VinylSd,BrkFace,442.0,TA,TA,PConc,Gd,TA,No,Unf,0,Unf,0,1649,1649,GasA,Ex,Y,SBrkr,1661,0,0,1661,0,0,2,0,3,1,Gd,6,Typ,0,Gd,Attchd,1998.0,RFn,2,598,TA,TA,Y,0,34,0,0,0,0,Gd,MnPrv,Shed,0,5,2010,WD,Normal,224900,0.1368429724831109,1661,2.0,26,0,0,0,2,0
817,20,RL,69.0,11425,Pave,Grvl,IR1,Lvl,AllPub,Corner,Gtl,NAmes,Norm,Norm,1Fam,1Story,5,6,1954,1954,Gable,CompShg,BrkFace,BrkFace,BrkFace,0.0,TA,TA,CBlock,TA,TA,No,BLQ,486,Unf,0,522,1008,GasA,Gd,Y,SBrkr,1008,0,0,1008,0,0,1,0,2,1,TA,4,Typ,1,Gd,Attchd,1954.0,RFn,1,275,TA,TA,Y,0,0,120,0,0,0,Gd,MnPrv,Shed,0,7,2006,WD,Normal,137000,0.08821984946612987,1008,1.0,70,0,0,0,1,0
818,20,RL,69.0,13265,Pave,Grvl,IR1,Lvl,AllPub,CulDSac,Gtl,Mitchel,Norm,Norm,1Fam,1Story,8,5,2002,2002,Hip,CompShg,CemntBd,CmentBd,BrkFace,148.0,Gd,TA,PConc,Gd,TA,No,GLQ,1218,Unf,0,350,1568,GasA,Ex,Y,SBrkr,1689,0,0,1689,1,0,2,0,3,1,Gd,7,Typ,2,Gd,Attchd,2002.0,RFn,3,857,TA,TA,Y,150,59,0,0,0,0,Gd,MnPrv,Shed,0,7,2008,WD,Normal,271000,0.12731795567616463,1689,2.0,22,0,0,0,1,0
819,80,RL,80.0,8816,Pave,Grvl,Reg,Lvl,AllPub,Inside,Gtl,ClearCr,Norm,Norm,1Fam,SLvl,6,7,1971,1971,Gable,CompShg,HdBoard,HdBoard,BrkFace,80.0,TA,TA,CBlock,TA,TA,Av,GLQ,504,Unf,0,506,1010,GasA,Gd,Y,SBrkr,1052,0,0,1052,1,0,1,0,3,1,TA,6,Typ,0,Gd,Attchd,1971.0,Unf,2,440,TA,TA,Y,0,0,0,0,0,0,Gd,MnPrv,Shed,0,6,2010,WD,Normal,155000,0.11931495973687195,1052,1.0,53,0,0,0,0,0
820,120,RL,44.0,6371,Pave,Grvl,IR1,Lvl,AllPub,Inside,Gtl,NridgHt,Norm,Norm,TwnhsE,1Story,7,5,2009,2010,Gable,CompShg,VinylSd,VinylSd,Stone,128.0,Gd,TA,PConc,Gd,TA,Mn,GLQ,733,Unf,0,625,1358,GasA,Ex,Y,SBrkr,1358,0,0,1358,1,0,2,0,2,1,Gd,6,Typ,1,Gd,Attchd,2010.0,RFn,2,484,TA,TA,Y,192,35,0,0,0,0,Gd,MnPrv,Shed,0,6,2010,New,Partial,224000,0.21311989956057753,1358,2.0,15,0,0,0,1,0
821,60,RL,72.0,7226,Pave,Grvl,IR1,Lvl,AllPub,CulDSac,Gtl,CollgCr,Norm,Norm,1Fam,2Story,7,5,2003,2003,Gable,CompShg,VinylSd,VinylSd,BrkFace,0.0,Gd,TA,PConc,Gd,TA,No,Unf,0,Unf,0,798,798,GasA,Ex,Y,SBrkr,798,842,0,1640,0,0,2,1,3,1,Gd,6,Typ,0,Gd,Attchd,2003.0,RFn,2,595,TA,TA,Y,0,45,0,0,0,0,Gd,MnPrv,Shed,0,6,2008,WD,Normal,183000,0.22692680226926804,1640,2.5,21,0,0,0,1,0
822,20,RM,60.0,6000,Pave,Pave,Reg,Bnk,AllPub,Inside,Mod,OldTown,Norm,Norm,2fmCon,1Story,4,4,1953,1953,Gable,CompShg,MetalSd,MetalSd,BrkFace,0.0,Fa,TA,CBlock,Fa,TA,No,Unf,0,Unf,0,936,936,GasA,TA,N,SBrkr,936,0,0,936,0,0,1,0,2,1,TA,4,Min2,0,Gd,Detchd,1974.0,Unf,2,576,TA,TA,Y,0,32,112,0,0,0,Gd,MnPrv,Shed,0,2,2009,WD,Normal,93000,0.15597400433261124,936,1.0,71,1,0,1,0,1
823,60,RL,69.0,12394,Pave,Grvl,IR1,Lvl,AllPub,Corner,Gtl,Gilbert,Norm,Norm,1Fam,2Story,7,5,2003,2003,Gable,CompShg,VinylSd,VinylSd,BrkFace,0.0,Gd,TA,PConc,Gd,TA,Gd,Unf,0,Unf,0,847,847,GasA,Ex,Y,SBrkr,847,886,0,1733,0,0,2,1,3,1,Gd,7,Typ,1,Gd,BuiltIn,2003.0,Fin,2,433,TA,TA,Y,100,48,0,0,0,0,Gd,MnPrv,Shed,0,10,2007,WD,Family,225000,0.13981444130697862,1733,2.5,21,0,0,0,1,0
824,50,RL,60.0,9900,Pave,Grvl,Reg,Lvl,AllPub,Inside,Gtl,SWISU,Norm,Norm,1Fam,1.5Fin,6,7,1940,1950,Gable,CompShg,VinylSd,VinylSd,BrkFace,0.0,TA,TA,BrkTil,TA,TA,No,Unf,0,Unf,0,778,778,GasA,TA,Y,SBrkr,944,545,0,1489,0,0,2,0,3,1,TA,7,Typ,1,Gd,Detchd,1940.0,Unf,1,240,TA,TA,Y,335,0,0,0,0,0,Gd,GdWo,Shed,0,7,2009,WD,Normal,139500,0.1503888496111504,1489,2.0,84,0,0,0,0,0
825,20,FV,81.0,11216,Pave,Grvl,Reg,Lvl,AllPub,Inside,Gtl,Somerst,Norm,Norm,1Fam,1Story,8,5,2006,2006,Gable,CompShg,VinylSd,VinylSd,BrkFace,0.0,Gd,TA,PConc,Gd,Gd,No,Unf,0,Unf,0,1489,1489,GasA,Ex,Y,SBrkr,1489,0,0,1489,0,0,2,0,3,1,Gd,7,Typ,1,Gd,Attchd,2006.0,RFn,2,776,TA,TA,Y,0,140,0,0,0,0,Gd,MnPrv,Shed,0,6,2006,New,Partial,232600,0.1327449407149862,1489,2.0,18,3,0,0,0,0
826,20,RL,114.0,14803,Pave,Grvl,Reg,Lvl,AllPub,Inside,Gtl,NridgHt,PosN,PosN,1Fam,1Story,10,5,2007,2008,Hip,CompShg,CemntBd,CmentBd,BrkFace,816.0,Ex,TA,PConc,Ex,TA,Av,GLQ,1636,Unf,0,442,2078,GasA,Ex,Y,SBrkr,2084,0,0,2084,1,0,2,0,2,1,Ex,7,Typ,1,Gd,Attchd,2007.0,Fin,3,1220,TA,TA,Y,188,45,0,0,0,0,Gd,MnPrv,Shed,0,6,2008,New,Partial,385000,0.140772764117806,2084,2.0,17,0,0,0,0,0
827,45,RM,50.0,6130,Pave,Grvl,Reg,Lvl,AllPub,Inside,Gtl,BrkSide,Norm,Norm,1Fam,1.5Unf,5,6,1924,1950,Gable,CompShg,MetalSd,MetalSd,BrkFace,0.0,TA,TA,BrkTil,TA,TA,No,ALQ,784,Unf,0,0,784,GasA,Gd,Y,SBrkr,784,0,0,784,1,0,1,0,2,1,Gd,5,Typ,0,Gd,Attchd,1980.0,Unf,0,0,TA,TA,Y,0,0,116,0,0,0,Gd,MnPrv,Shed,0,5,2008,WD,Normal,109500,0.12787473495351492,784,1.0,100,1,0,0,0,0
828,20,RL,65.0,8529,Pave,Grvl,IR1,Lvl,AllPub,Inside,Gtl,SawyerW,Norm,Norm,1Fam,1Story,7,5,2001,2001,Gable,CompShg,VinylSd,VinylSd,BrkFace,0.0,Gd,TA,PConc,Gd,TA,No,GLQ,20,Unf,0,1434,1454,GasA,Ex,Y,SBrkr,1434,0,0,1434,0,0,2,0,3,1,Gd,6,Typ,1,TA,Attchd,2001.0,RFn,2,527,TA,TA,Y,290,39,0,0,0,0,Gd,MnPrv,Shed,0,4,2009,WD,Normal,189000,0.16811254396248534,1434,2.0,23,0,0,0,1,0
829,60,RL,69.0,28698,Pave,Grvl,IR2,Low,AllPub,CulDSac,Sev,ClearCr,Norm,Norm,1Fam,2Story,5,5,1967,1967,Flat,Tar&Grv,Plywood,Plywood,BrkFace,0.0,TA,TA,PConc,TA,Gd,Gd,LwQ,249,ALQ,764,0,1013,GasA,TA,Y,SBrkr,1160,966,0,2126,0,1,2,1,3,1,TA,7,Min2,0,Gd,Attchd,1967.0,Fin,2,538,TA,TA,Y,486,0,0,0,225,0,Gd,MnPrv,Shed,0,6,2009,WD,Abnorml,185000,0.07407923621032092,2126,2.5,57,0,0,0,2,2
830,160,FV,24.0,2544,Pave,Pave,Reg,Lvl,AllPub,Inside,Gtl,Somerst,Norm,Norm,Twnhs,2Story,7,5,2005,2005,Gable,CompShg,MetalSd,MetalSd,BrkFace,0.0,Gd,TA,PConc,Gd,TA,No,Unf,0,Unf,0,600,600,GasA,Ex,Y,SBrkr,520,623,80,1223,0,0,2,1,2,1,Gd,4,Typ,0,Gd,Detchd,2005.0,RFn,2,480,TA,TA,Y,0,166,0,0,0,0,Gd,MnPrv,Shed,0,7,2006,WD,Normal,147400,0.4805500982318271,1143,2.5,19,3,0,1,0,0
831,20,RL,80.0,11900,Pave,Grvl,IR1,Lvl,AllPub,Corner,Gtl,NAmes,Norm,Norm,1Fam,1Story,6,5,1957,1957,Gable,CompShg,HdBoard,HdBoard,BrkFace,387.0,TA,TA,CBlock,TA,TA,No,Rec,1040,Unf,0,352,1392,GasA,TA,Y,FuseA,1392,0,0,1392,1,0,1,1,3,1,TA,6,Typ,2,Gd,Attchd,1957.0,RFn,2,458,TA,TA,Y,0,0,0,0,192,0,Gd,MnPrv,Shed,0,6,2008,WD,Normal,166000,0.11696496092765314,1392,1.5,67,0,0,0,1,0
832,160,FV,30.0,3180,Pave,Pave,Reg,Lvl,AllPub,Inside,Gtl,Somerst,Norm,Norm,TwnhsE,2Story,7,5,2005,2005,Gable,CompShg,MetalSd,MetalSd,BrkFace,0.0,TA,TA,PConc,Gd,TA,No,Unf,0,Unf,0,600,600,GasA,Ex,Y,SBrkr,520,600,80,1200,0,0,2,1,2,1,Gd,4,Typ,0,Gd,Detchd,2005.0,RFn,2,480,TA,TA,Y,0,166,0,0,0,0,Gd,MnPrv,Shed,0,6,2006,WD,Normal,151000,0.37723986167871737,1120,2.5,19,3,0,1,0,0
833,60,RL,44.0,9548,Pave,Grvl,IR1,Lvl,AllPub,CulDSac,Gtl,CollgCr,Norm,Norm,1Fam,2Story,7,6,2003,2003,Gable,CompShg,VinylSd,VinylSd,BrkFace,223.0,Gd,TA,PConc,Gd,TA,No,GLQ,483,Unf,0,458,941,GasA,Ex,Y,SBrkr,941,888,0,1829,1,0,2,1,3,1,Gd,7,Typ,1,TA,Attchd,2003.0,RFn,2,613,TA,TA,Y,192,39,0,0,0,0,Gd,MnPrv,Shed,0,1,2010,WD,Normal,237000,0.1915383809823018,1829,2.5,21,0,0,0,1,0
834,20,RL,100.0,10004,Pave,Grvl,Reg,Lvl,AllPub,Inside,Gtl,NAmes,Norm,Norm,1Fam,1Story,6,6,1964,1964,Gable,CompShg,HdBoard,Plywood,BrkFace,180.0,TA,TA,CBlock,TA,TA,No,Rec,196,BLQ,345,975,1516,GasA,TA,Y,SBrkr,1516,0,0,1516,0,0,1,1,3,1,TA,6,Typ,0,Gd,Attchd,1964.0,RFn,2,472,TA,TA,Y,0,0,0,0,152,0,Gd,MnPrv,Shed,0,2,2009,WD,Normal,167000,0.15152423788105948,1516,1.5,60,0,0,0,0,0
835,20,RL,75.0,7875,Pave,Grvl,Reg,Lvl,AllPub,Inside,Gtl,NAmes,Norm,Norm,1Fam,1Story,5,6,1961,1961,Gable,CompShg,VinylSd,VinylSd,BrkFace,136.0,TA,TA,CBlock,TA,TA,No,Rec,572,Unf,0,572,1144,GasA,Gd,Y,SBrkr,1144,0,0,1144,1,0,1,0,3,1,TA,6,Typ,0,Gd,Attchd,1961.0,Unf,2,456,TA,TA,Y,0,0,0,0,0,0,Gd,GdWo,Shed,0,9,2008,WD,Normal,139950,0.1452513966480447,1144,1.0,63,0,0,0,0,0
836,20,RL,60.0,9600,Pave,Grvl,Reg,Lvl,AllPub,Inside,Gtl,Sawyer,Norm,Norm,1Fam,1Story,4,7,1950,1995,Gable,CompShg,VinylSd,HdBoard,BrkFace,0.0,TA,TA,CBlock,Gd,TA,No,BLQ,442,Unf,0,625,1067,GasA,TA,Y,SBrkr,1067,0,0,1067,0,0,2,0,2,1,Gd,4,Min2,0,Gd,Attchd,1996.0,Unf,2,436,TA,TA,Y,290,0,0,0,0,0,Gd,MnPrv,Shed,0,2,2010,WD,Normal,128000,0.11113425684824497,1067,2.0,74,0,0,0,0,0
837,30,RM,90.0,8100,Pave,Pave,Reg,Lvl,AllPub,Inside,Gtl,OldTown,Norm,Norm,1Fam,1Story,5,6,1948,1973,Gable,CompShg,VinylSd,VinylSd,BrkFace,0.0,TA,TA,BrkTil,TA,TA,No,Rec,338,Unf,0,1221,1559,GasA,Gd,Y,SBrkr,1559,0,0,1559,1,0,1,0,2,1,TA,5,Min2,0,Gd,Detchd,1948.0,Unf,2,812,TA,TA,Y,0,116,230,0,0,0,Gd,GdWo,Shed,0,6,2007,COD,Normal,153500,0.19244537711393656,1559,1.0,76,1,0,1,0,0
838,160,RM,21.0,1680,Pave,Grvl,Reg,Lvl,AllPub,Inside,Gtl,BrDale,Norm,Norm,Twnhs,2Story,6,5,1973,1973,Gable,CompShg,HdBoard,HdBoard,BrkFace,158.0,TA,TA,CBlock,TA,TA,No,BLQ,330,Unf,0,153,483,GasA,TA,Y,SBrkr,483,504,0,987,1,0,1,1,2,1,TA,5,Typ,0,Gd,Detchd,1973.0,Unf,1,264,TA,TA,Y,0,0,0,0,0,0,Gd,MnPrv,Shed,0,11,2008,WD,Normal,100000,0.5871505056513979,987,1.5,51,1,0,0,0,0
839,20,RL,75.0,9525,Pave,Grvl,Reg,Lvl,AllPub,Inside,Gtl,CollgCr,Norm,Norm,1Fam,1Story,5,6,1995,2006,Gable,CompShg,VinylSd,VinylSd,BrkFace,0.0,TA,TA,PConc,Gd,TA,No,Unf,0,Unf,0,1099,1099,GasA,Ex,Y,SBrkr,1099,0,0,1099,0,0,1,1,3,1,Gd,6,Typ,0,Gd,Attchd,1999.0,Unf,1,352,TA,TA,Y,278,0,0,0,0,0,Gd,MnPrv,Shed,0,6,2008,WD,Normal,144000,0.11536846525299181,1099,1.5,29,0,0,0,0,0
840,50,RL,70.0,11767,Pave,Grvl,Reg,Lvl,AllPub,Inside,Gtl,Edwards,Norm,Norm,1Fam,1.5Fin,5,6,1946,1995,Gable,CompShg,MetalSd,MetalSd,BrkFace,0.0,TA,TA,CBlock,TA,TA,No,BLQ,352,Unf,0,416,768,GasA,Ex,Y,SBrkr,768,432,0,1200,0,0,1,0,3,1,TA,6,Typ,0,Gd,Detchd,1946.0,Unf,1,240,TA,TA,Y,0,0,0,0,0,0,Gd,MnPrv,Shed,0,5,2008,WD,Normal,130500,0.10197144799456152,1200,1.0,78,0,0,0,0,0
841,70,RH,69.0,12155,Pave,Grvl,IR1,Lvl,AllPub,Inside,Gtl,SWISU,Norm,Norm,1Fam,2Story,6,8,1925,1950,Gable,CompShg,Wd Sdng,Wd Sdng,BrkFace,0.0,TA,TA,BrkTil,TA,TA,No,BLQ,156,Unf,0,516,672,GasA,TA,N,SBrkr,810,672,0,1482,0,0,2,0,4,1,Fa,7,Typ,0,Gd,Detchd,1934.0,Unf,1,400,TA,TA,P,0,0,254,0,0,0,Gd,MnPrv,Shed,0,3,2008,WD,Normal,140000,0.12191510365251727,1482,2.0,99,4,0,0,1,0
842,70,RM,60.0,10440,Pave,Grvl,Reg,Lvl,AllPub,Inside,Gtl,OldTown,Norm,Norm,1Fam,2Story,5,8,1904,2002,Gable,CompShg,MetalSd,MetalSd,BrkFace,0.0,TA,TA,PConc,TA,TA,No,Unf,0,Unf,0,650,650,GasA,Gd,Y,SBrkr,958,581,0,1539,0,0,2,0,3,1,Gd,8,Typ,1,Po,Detchd,1983.0,Unf,2,686,Gd,TA,P,70,78,68,0,0,0,Gd,MnPrv,Shed,0,6,2008,WD,Normal,157500,0.14739967436069343,1539,2.0,120,1,0,0,0,0
843,80,RL,82.0,9020,Pave,Grvl,Reg,Lvl,AllPub,Inside,Gtl,NAmes,Norm,Norm,1Fam,SLvl,6,7,1966,1966,Gable,CompShg,HdBoard,HdBoard,BrkFace,183.0,TA,TA,CBlock,TA,TA,Gd,Rec,312,ALQ,539,276,1127,GasA,TA,Y,SBrkr,1165,0,0,1165,1,0,1,1,3,1,TA,6,Typ,0,Gd,Attchd,1966.0,RFn,2,490,Gd,Gd,Y,0,129,0,0,0,0,Gd,GdPrv,Shed,0,5,2008,WD,Normal,174900,0.12914311051989802,1165,1.5,58,0,0,0,0,0
844,90,RL,80.0,8000,Pave,Grvl,Reg,Lvl,AllPub,Corner,Gtl,NAmes,Artery,Norm,Duplex,1Story,5,4,1961,1961,Gable,CompShg,BrkFace,BrkFace,BrkFace,0.0,TA,TA,CBlock,TA,TA,No,Unf,0,Unf,0,1800,1800,GasA,Ex,N,SBrkr,1800,0,0,1800,0,0,2,0,6,2,TA,10,Typ,0,Gd,Attchd,1980.0,Unf,0,0,TA,TA,Y,0,0,0,0,0,0,Gd,MnPrv,Shed,0,7,2007,WD,Normal,141000,0.2249718785151856,1800,2.0,63,0,0,0,0,0
845,50,RM,100.0,12665,Pave,Grvl,IR1,Lvl,AllPub,Inside,Gtl,OldTown,Artery,Norm,1Fam,1.5Fin,5,8,1915,1950,Gable,CompShg,Wd Sdng,Wd Sdng,BrkFace,0.0,TA,TA,BrkTil,TA,TA,Mn,Unf,0,Unf,0,876,876,GasA,Gd,Y,SBrkr,876,540,0,1416,0,0,1,1,4,1,TA,7,Typ,1,Gd,Detchd,1949.0,Unf,3,720,TA,TA,Y,418,0,194,0,0,0,Gd,MnPrv,Shed,0,6,2008,WD,Normal,153900,0.11179535765040265,1416,1.5,109,1,0,0,1,0
846,85,RL,69.0,16647,Pave,Grvl,IR1,Lvl,AllPub,CulDSac,Gtl,Sawyer,RRAe,Norm,1Fam,SFoyer,5,5,1975,1981,Gable,CompShg,HdBoard,HdBoard,BrkFace,0.0,TA,TA,CBlock,Gd,TA,Gd,ALQ,1390,Unf,0,0,1390,GasA,TA,Y,SBrkr,1701,0,0,1701,1,0,2,0,3,1,TA,6,Min2,2,TA,Basment,1975.0,Fin,2,611,TA,TA,Y,0,0,0,0,0,0,Gd,MnPrv,Shed,0,1,2007,WD,Normal,171000,0.10217443536761173,1701,2.0,49,0,0,0,1,0
847,60,RL,75.0,9317,Pave,Grvl,Reg,Lvl,AllPub,Inside,Gtl,SawyerW,Norm,Norm,1Fam,2Story,7,5,1993,1993,Gable,CompShg,HdBoard,HdBoard,BrkFace,137.0,Gd,TA,PConc,Gd,TA,No,ALQ,513,Unf,0,227,740,GasA,Ex,Y,SBrkr,1006,769,0,1775,1,0,2,1,3,1,Gd,7,Typ,1,TA,Attchd,1993.0,Unf,2,425,TA,TA,Y,234,72,192,0,0,0,Gd,MnPrv,Shed,0,7,2009,WD,Normal,213000,0.19049152178579093,1775,2.5,31,0,0,0,0,0
848,20,RL,36.0,15523,Pave,Grvl,IR1,Lvl,AllPub,CulDSac,Gtl,CollgCr,Norm,Norm,1Fam,1Story,5,6,1972,1972,Gable,CompShg,HdBoard,Plywood,BrkFace,0.0,TA,TA,CBlock,TA,TA,Av,BLQ,460,Unf,0,404,864,GasA,Ex,Y,SBrkr,864,0,0,864,1,0,1,0,3,1,TA,5,Typ,1,Fa,Attchd,1972.0,Unf,1,338,TA,TA,Y,0,0,0,0,0,0,Gd,MnPrv,Shed,0,8,2009,WD,Normal,133500,0.055655758825045094,864,1.0,52,0,0,0,1,0
849,50,RL,75.0,45600,Pave,Grvl,IR2,Bnk,AllPub,Inside,Gtl,ClearCr,Norm,Norm,1Fam,1.5Fin,6,8,1908,1997,Gable,CompShg,Wd Sdng,Wd Sdng,BrkFace,0.0,TA,TA,BrkTil,TA,TA,No,Unf,0,Unf,0,907,907,GasA,TA,Y,SBrkr,1307,1051,0,2358,0,0,3,0,5,1,TA,10,Typ,1,Gd,Detchd,1908.0,Unf,2,360,Fa,TA,Y,486,40,0,0,175,0,Gd,MnPrv,Shed,0,9,2008,WD,Normal,240000,0.05170939233788733,2358,3.0,116,0,0,0,2,1
850,80,RL,80.0,9600,Pave,Grvl,Reg,Lvl,AllPub,FR2,Gtl,Veenker,Feedr,Norm,1Fam,SLvl,6,7,1976,1994,Hip,CompShg,Plywood,Plywood,BrkFace,360.0,Gd,Gd,CBlock,TA,TA,No,Unf,0,Unf,0,528,528,GasA,Ex,Y,SBrkr,1094,761,0,1855,0,0,2,1,3,1,TA,7,Typ,1,TA,Attchd,1976.0,RFn,2,512,TA,TA,Y,113,100,0,0,0,0,Gd,MnPrv,Shed,0,8,2007,WD,Normal,187000,0.19320904072492448,1855,2.5,48,0,0,0,0,0
851,120,RM,36.0,4435,Pave,Grvl,Reg,Lvl,AllPub,Inside,Gtl,CollgCr,Norm,Norm,TwnhsE,1Story,6,5,2003,2003,Gable,CompShg,VinylSd,VinylSd,BrkFace,170.0,Gd,TA,PConc,Gd,TA,Av,GLQ,659,Unf,0,189,848,GasA,Ex,Y,SBrkr,848,0,0,848,1,0,1,0,1,1,Gd,3,Typ,0,Gd,Attchd,2003.0,Fin,2,420,TA,TA,Y,140,0,0,0,0,0,Gd,MnPrv,Shed,0,11,2007,WD,Normal,131500,0.19116321009918846,848,1.0,21,1,0,0,0,0
852,120,RL,69.0,3196,Pave,Grvl,Reg,Lvl,AllPub,Inside,Gtl,Blmngtn,Norm,Norm,TwnhsE,1Story,8,5,2003,2003,Gable,CompShg,VinylSd,VinylSd,BrkFace,40.0,Gd,TA,PConc,Gd,TA,Gd,Unf,0,Unf,0,1273,1273,GasA,Ex,Y,SBrkr,1456,0,0,1456,0,0,2,0,2,1,Gd,7,Typ,1,TA,Attchd,2003.0,Fin,2,400,TA,TA,Y,143,20,0,0,0,0,Gd,MnPrv,Shed,0,5,2006,WD,Normal,215000,0.455426962777604,1456,2.0,21,0,0,0,0,0
853,75,RL,53.0,7128,Pave,Grvl,Reg,Lvl,AllPub,Inside,Gtl,Crawfor,Norm,Norm,1Fam,2.5Unf,7,5,1941,1950,Gable,CompShg,MetalSd,MetalSd,BrkFace,0.0,TA,Gd,CBlock,TA,TA,No,Rec,364,Unf,0,554,918,GasA,Gd,Y,SBrkr,918,728,0,1646,0,0,2,0,4,1,TA,7,Typ,2,Gd,Detchd,1941.0,Unf,1,240,TA,TA,Y,0,0,0,0,126,0,Gd,MnPrv,Shed,0,8,2007,WD,Normal,164000,0.23088792256978538,1646,2.0,83,0,0,0,0,0
854,80,RL,69.0,12095,Pave,Grvl,IR1,Lvl,AllPub,Corner,Gtl,NAmes,Norm,Norm,1Fam,SLvl,6,6,1964,1964,Gable,CompShg,MetalSd,HdBoard,BrkFace,115.0,TA,Gd,CBlock,TA,TA,Gd,Rec,564,Unf,0,563,1127,GasA,TA,Y,SBrkr,1445,0,0,1445,0,0,1,1,3,1,TA,7,Typ,1,Fa,Attchd,1964.0,RFn,2,645,TA,TA,Y,180,0,0,0,0,0,Gd,MnPrv,Shed,0,8,2009,WD,Normal,158000,0.11946097883597884,1445,1.5,60,0,0,0,1,0
855,20,RL,102.0,17920,Pave,Grvl,Reg,Lvl,AllPub,Inside,Gtl,Sawyer,Norm,Norm,1Fam,1Story,5,4,1955,1974,Hip,CompShg,Wd Sdng,Plywood,BrkFace,0.0,TA,TA,CBlock,TA,TA,Mn,ALQ,306,Rec,1085,372,1763,GasA,TA,Y,SBrkr,1779,0,0,1779,1,0,1,1,3,1,TA,6,Typ,1,Gd,Attchd,1955.0,Unf,2,454,TA,TA,Y,0,418,0,0,312,0,Gd,MnPrv,Shed,0,7,2006,WD,Abnorml,170000,0.09926901400591485,1779,1.5,69,0,0,0,0,0
856,20,RL,69.0,6897,Pave,Grvl,IR1,Lvl,AllPub,Corner,Gtl,Sawyer,Norm,Norm,1Fam,1Story,5,8,1962,2010,Gable,CompShg,HdBoard,HdBoard,BrkFace,0.0,TA,Gd,CBlock,TA,TA,No,ALQ,659,Unf,0,381,1040,GasA,Ex,Y,SBrkr,1040,0,0,1040,1,0,1,1,3,1,TA,6,Typ,0,Gd,Detchd,1962.0,Unf,1,260,TA,TA,Y,0,104,0,0,0,0,Gd,MnPrv,Shed,0,4,2010,WD,Normal,127000,0.15076833864888373,1040,1.5,62,0,0,0,1,0
857,80,RL,69.0,10970,Pave,Grvl,IR1,Low,AllPub,Inside,Mod,CollgCr,Norm,Norm,1Fam,SLvl,6,6,1978,1978,Gable,CompShg,Plywood,HdBoard,BrkFace,0.0,TA,TA,CBlock,Gd,Gd,Gd,GLQ,505,LwQ,435,0,940,GasA,TA,Y,SBrkr,1026,0,0,1026,1,0,1,0,3,1,TA,5,Typ,0,Gd,Detchd,1981.0,Unf,2,576,TA,Fa,Y,0,0,34,0,0,0,Gd,MnPrv,Shed,0,10,2008,WD,Normal,147000,0.09351927809680066,1026,1.0,46,0,0,0,1,2
858,60,RL,65.0,8125,Pave,Grvl,Reg,Lvl,AllPub,Inside,Gtl,Gilbert,Norm,Norm,1Fam,2Story,6,5,1994,1995,Gable,CompShg,HdBoard,HdBoard,BrkFace,0.0,TA,TA,PConc,Gd,TA,No,Unf,0,Unf,0,702,702,GasA,Gd,Y,SBrkr,702,779,0,1481,0,0,2,1,3,1,TA,6,Typ,1,TA,Attchd,1994.0,Fin,2,343,TA,TA,Y,0,36,0,0,0,0,Gd,MnPrv,Shed,0,3,2009,WD,Normal,174000,0.18225449175486094,1481,2.5,30,0,0,0,0,0
859,20,RL,80.0,10400,Pave,Grvl,Reg,Lvl,AllPub,Inside,Gtl,NWAmes,Norm,Norm,1Fam,1Story,7,5,1976,1976,Gable,CompShg,HdBoard,HdBoard,BrkFace,189.0,TA,TA,CBlock,Gd,TA,No,Unf,0,Unf,0,1090,1090,GasA,TA,Y,SBrkr,1370,0,0,1370,0,0,2,0,3,1,TA,6,Typ,1,TA,Attchd,1976.0,RFn,2,479,TA,TA,Y,0,0,0,0,0,0,Gd,MnPrv,Shed,0,6,2009,WD,Family,152000,0.1317181040284588,1370,2.0,48,0,0,0,0,0
860,60,RL,69.0,11029,Pave,Grvl,IR1,Lvl,AllPub,Corner,Gtl,NWAmes,PosA,Norm,1Fam,2Story,6,7,1968,1984,Gable,CompShg,HdBoard,HdBoard,BrkFace,220.0,TA,TA,CBlock,TA,TA,Mn,BLQ,619,Unf,0,435,1054,GasA,TA,Y,SBrkr,1512,1142,0,2654,1,0,2,1,4,1,Gd,9,Typ,1,Gd,Attchd,1968.0,Unf,2,619,TA,TA,Y,0,65,0,0,222,0,Gd,MnPrv,Shed,0,8,2006,WD,Normal,250000,0.24061650045330915,2654,2.5,56,0,0,0,1,0
861,50,RL,55.0,7642,Pave,Grvl,Reg,Lvl,AllPub,Corner,Gtl,Crawfor,Norm,Norm,1Fam,1.5Fin,7,8,1918,1998,Gable,CompShg,Wd Sdng,Wd Sdng,BrkFace,0.0,Gd,TA,BrkTil,TA,TA,No,Unf,0,Unf,0,912,912,GasA,Gd,Y,SBrkr,912,514,0,1426,0,0,1,1,3,1,Gd,7,Typ,1,Gd,Detchd,1925.0,Unf,1,216,TA,TA,Y,0,240,0,0,0,0,Gd,GdPrv,Shed,0,6,2007,WD,Normal,189950,0.18657595185136727,1426,1.5,106,0,0,0,0,0
862,190,RL,75.0,11625,Pave,Grvl,Reg,Lvl,AllPub,Inside,Gtl,Sawyer,Norm,Norm,2fmCon,1Story,5,4,1965,1965,Hip,CompShg,Plywood,HdBoard,BrkFace,0.0,TA,TA,PConc,TA,TA,Mn,BLQ,841,Unf,0,198,1039,GasA,Ex,Y,SBrkr,1039,0,0,1039,1,0,1,1,3,1,TA,6,Typ,0,Gd,Attchd,1965.0,Unf,2,504,TA,TA,Y,0,0,0,0,0,0,Gd,MnPrv,Shed,0,4,2010,WD,Normal,131500,0.08936865645965938,1039,1.5,59,0,0,0,0,0
863,20,RL,81.0,9672,Pave,Grvl,Reg,Lvl,AllPub,Corner,Gtl,SawyerW,Norm,Norm,1Fam,1Story,6,5,1984,1985,Hip,CompShg,HdBoard,Plywood,BrkFace,0.0,TA,TA,PConc,Gd,TA,No,GLQ,338,Unf,0,702,1040,GasA,TA,Y,SBrkr,1097,0,0,1097,0,0,2,0,3,1,TA,6,Typ,0,Gd,Attchd,1986.0,Unf,2,480,TA,TA,Y,0,0,0,0,0,0,Gd,GdPrv,Shed,0,5,2010,WD,Normal,152000,0.11340845652848135,1097,2.0,40,0,0,0,0,0
864,20,RL,70.0,7931,Pave,Grvl,Reg,Lvl,AllPub,Inside,Gtl,NAmes,Norm,Norm,1Fam,1Story,5,5,1959,1959,Hip,CompShg,BrkFace,Plywood,BrkFace,0.0,TA,TA,CBlock,TA,TA,No,BLQ,1148,Unf,0,0,1148,GasA,TA,Y,SBrkr,1148,0,0,1148,1,0,1,0,3,1,TA,6,Typ,0,Gd,Attchd,1959.0,Unf,1,672,TA,TA,Y,0,0,0,0,0,0,Gd,GdPrv,Shed,0,7,2009,WD,Normal,132500,0.14473020675743822,1148,1.0,65,0,0,0,0,0
865,20,FV,72.0,8640,Pave,Grvl,Reg,Lvl,AllPub,Inside,Gtl,Somerst,Norm,Norm,1Fam,1Story,7,5,2007,2008,Gable,CompShg,VinylSd,VinylSd,BrkFace,0.0,Gd,TA,PConc,Ex,TA,No,Unf,0,Unf,0,1372,1372,GasA,Ex,Y,SBrkr,1372,0,0,1372,0,0,2,0,3,1,Gd,6,Typ,0,Gd,Attchd,2008.0,Fin,2,529,TA,TA,Y,0,140,0,0,0,0,Gd,MnPrv,Shed,0,5,2008,New,Partial,250580,0.15877791922231224,1372,2.0,17,3,0,0,0,0
866,20,RL,69.0,8750,Pave,Grvl,IR1,Lvl,AllPub,Inside,Gtl,NAmes,Norm,Norm,1Fam,1Story,5,6,1970,1970,Gable,CompShg,MetalSd,MetalSd,BrkFace,76.0,TA,TA,CBlock,TA,TA,No,BLQ,828,Unf,0,174,1002,GasA,TA,Y,SBrkr,1002,0,0,1002,1,0,1,0,3,1,TA,5,Typ,0,Gd,Detchd,1973.0,Unf,2,902,TA,TA,Y,0,0,0,0,0,0,Gd,MnPrv,Shed,0,8,2009,WD,Normal,148500,0.11450119986287281,1002,1.0,54,0,0,0,1,0
867,20,RL,67.0,10656,Pave,Grvl,IR1,HLS,AllPub,Inside,Gtl,Timber,Norm,Norm,1Fam,1Story,8,5,2006,2007,Gable,CompShg,VinylSd,VinylSd,Stone,274.0,Gd,TA,PConc,Gd,TA,Av,Unf,0,Unf,0,1638,1638,GasA,Ex,Y,SBrkr,1646,0,0,1646,0,0,2,0,3,1,Gd,6,Typ,1,Gd,Attchd,2007.0,RFn,3,870,TA,TA,Y,192,80,0,0,0,0,Gd,MnPrv,Shed,0,11,2007,New,Partial,248900,0.1544524725532514,1646,2.0,18,0,0,0,1,3
868,20,RL,85.0,6970,Pave,Grvl,Reg,Lvl,AllPub,Corner,Gtl,Sawyer,Feedr,Norm,1Fam,1Story,4,5,1961,1961,Gable,CompShg,VinylSd,VinylSd,BrkFace,0.0,TA,TA,CBlock,TA,TA,No,ALQ,932,Unf,0,108,1040,GasA,TA,Y,SBrkr,1120,0,0,1120,1,0,1,1,3,1,Fa,5,Typ,0,Gd,Attchd,1961.0,RFn,2,544,TA,TA,Y,168,0,0,0,0,0,Gd,MnPrv,Shed,400,5,2007,WD,Normal,129000,0.16066561468942764,1120,1.5,63,0,0,0,0,0
869,60,RL,69.0,14762,Pave,Grvl,IR2,Lvl,AllPub,Corner,Gtl,Gilbert,Feedr,Norm,1Fam,2Story,5,6,1948,1950,Gable,CompShg,Plywood,Plywood,BrkFace,0.0,TA,TA,Slab,TA,TA,No,Unf,0,Unf,0,0,0,GasA,Gd,Y,SBrkr,1547,720,53,2320,0,0,2,0,2,1,TA,7,Typ,1,TA,Attchd,1979.0,Unf,2,672,TA,TA,P,120,144,0,0,0,0,Gd,MnPrv,Shed,0,5,2006,WD,Normal,169000,0.15714963083384137,2267,2.0,76,0,0,0,2,0
870,60,RL,80.0,9938,Pave,Grvl,Reg,Lvl,AllPub,Inside,Gtl,SawyerW,Norm,Norm,1Fam,2Story,7,5,1993,1994,Gable,CompShg,MetalSd,MetalSd,BrkFace,246.0,Gd,TA,PConc,Gd,TA,No,GLQ,750,Unf,0,300,1050,GasA,Ex,Y,SBrkr,1062,887,0,1949,1,0,2,1,3,1,Gd,8,Typ,1,TA,Attchd,1993.0,Fin,2,574,TA,TA,Y,156,90,0,0,0,0,Gd,GdPrv,Shed,0,6,2010,WD,Normal,236000,0.19609618673910856,1949,2.5,31,0,0,0,0,0
871,20,RL,60.0,6600,Pave,Grvl,Reg,Lvl,AllPub,Inside,Gtl,NAmes,PosN,Norm,1Fam,1Story,5,5,1962,1962,Hip,CompShg,MetalSd,MetalSd,BrkFace,0.0,TA,TA,CBlock,TA,TA,No,Unf,0,Unf,0,894,894,GasA,Gd,N,SBrkr,894,0,0,894,0,0,1,0,2,1,TA,5,Typ,0,Gd,Detchd,1962.0,Unf,1,308,TA,TA,Y,0,0,0,0,0,0,Gd,MnPrv,Shed,0,8,2009,WD,Normal,109500,0.1354340251477049,894,1.0,62,0,0,0,0,0
872,60,RL,70.0,8750,Pave,Grvl,Reg,Lvl,AllPub,Inside,Gtl,CollgCr,Norm,Norm,1Fam,2Story,6,5,1998,1998,Gable,CompShg,VinylSd,VinylSd,BrkFace,116.0,TA,TA,PConc,Gd,TA,No,GLQ,505,Unf,0,299,804,GasA,Ex,Y,SBrkr,804,878,0,1682,0,0,2,1,3,1,Gd,7,Typ,0,Gd,Attchd,1998.0,RFn,2,523,TA,TA,Y,0,77,0,0,0,0,Gd,MnPrv,Shed,0,6,2010,WD,Normal,200500,0.1922066049594332,1682,2.5,26,0,0,0,0,0
873,20,RL,74.0,8892,Pave,Grvl,Reg,Lvl,AllPub,Corner,Gtl,NAmes,Norm,Norm,1Fam,1Story,5,7,1953,1996,Gable,CompShg,WdShing,Wd Shng,BrkFace,0.0,Gd,TA,Stone,TA,TA,Av,Unf,0,Unf,0,105,105,GasA,Gd,Y,SBrkr,910,0,0,910,0,0,1,0,3,1,Gd,5,Typ,0,Gd,Attchd,1953.0,Unf,2,414,TA,TA,Y,196,0,150,0,0,0,Gd,GdWo,Shed,0,10,2008,WD,Normal,116000,0.1023276734510289,910,1.0,71,0,0,0,0,0
874,40,RL,60.0,12144,Pave,Grvl,Reg,Lvl,AllPub,Inside,Gtl,NAmes,Norm,Norm,1Fam,1Story,5,7,1949,1950,Gable,CompShg,HdBoard,HdBoard,BrkFace,0.0,Gd,TA,CBlock,TA,TA,No,Rec,375,Unf,0,457,832,GasA,Gd,Y,SBrkr,1036,0,232,1268,0,0,1,0,3,1,TA,6,Typ,1,Gd,Attchd,1949.0,Unf,1,288,TA,TA,Y,0,28,0,0,0,0,Gd,MnPrv,Othr,0,9,2009,WD,Normal,133000,0.10440510498147386,1036,1.0,75,0,0,0,0,0
875,50,RM,52.0,5720,Pave,Grvl,Reg,Lvl,AllPub,Inside,Gtl,OldTown,Artery,Norm,1Fam,1.5Fin,5,6,1941,1950,Gable,CompShg,Wd Sdng,Wd Sdng,BrkFace,0.0,TA,TA,CBlock,TA,TA,No,Unf,0,Unf,0,676,676,GasA,Ex,Y,SBrkr,676,455,0,1131,0,0,1,1,3,1,TA,5,Typ,0,Gd,Detchd,1941.0,Unf,1,200,TA,TA,Y,26,0,0,0,0,0,Gd,MnPrv,Shed,0,8,2009,WD,Abnorml,66500,0.1976927110644992,1131,1.5,83,1,0,0,0,0
876,60,FV,75.0,9000,Pave,Grvl,Reg,Lvl,AllPub,Inside,Gtl,Somerst,Norm,Norm,1Fam,2Story,8,5,2007,2007,Gable,CompShg,CemntBd,CmentBd,BrkFace,0.0,Gd,TA,PConc,Gd,TA,Av,GLQ,64,Unf,0,1120,1184,GasA,Ex,Y,SBrkr,1184,1426,0,2610,0,0,2,1,4,1,Ex,11,Typ,1,Gd,BuiltIn,2007.0,Fin,2,550,TA,TA,Y,208,364,0,0,0,0,Gd,MnPrv,Shed,0,8,2007,New,Partial,303477,0.2899677813576269,2610,2.5,17,3,0,0,0,0
877,20,RL,94.0,25286,Pave,Grvl,Reg,HLS,AllPub,Inside,Mod,Mitchel,Norm,Norm,1Fam,1Story,4,5,1963,1963,Gable,CompShg,HdBoard,Plywood,BrkFace,0.0,TA,TA,PConc,TA,TA,Gd,ALQ,633,Unf,0,431,1064,GasA,Gd,Y,SBrkr,1040,0,0,1040,1,0,1,0,3,1,TA,5,Typ,0,Gd,Attchd,1963.0,Unf,2,648,TA,TA,Y,0,0,0,0,0,0,Gd,MnPrv,Shed,0,1,2007,WD,Normal,132250,0.041127852256099974,1040,1.0,61,0,0,0,0,3
878,60,RL,74.0,8834,Pave,Grvl,Reg,Lvl,AllPub,Inside,Gtl,NridgHt,Norm,Norm,1Fam,2Story,9,5,2004,2005,Hip,CompShg,VinylSd,VinylSd,Stone,216.0,Gd,TA,PConc,Ex,TA,No,GLQ,1170,Unf,0,292,1462,GasA,Ex,Y,SBrkr,1462,762,0,2224,1,0,2,1,4,1,Ex,10,Typ,1,Gd,Attchd,2004.0,Fin,3,738,TA,TA,Y,184,0,0,0,0,0,Gd,MnPrv,Shed,0,6,2009,WD,Normal,350000,0.2517260894170911,2224,2.5,20,0,0,0,0,0
879,85,RL,88.0,11782,Pave,Grvl,IR1,Lvl,AllPub,Inside,Gtl,Sawyer,Norm,Norm,1Fam,SFoyer,5,7,1961,1995,Gable,CompShg,HdBoard,HdBoard,BrkFace,0.0,TA,TA,CBlock,TA,TA,Av,ALQ,899,Unf,0,210,1109,GasA,TA,Y,SBrkr,1155,0,0,1155,1,0,1,0,3,1,Gd,6,Min2,0,Gd,Detchd,1987.0,Unf,2,576,TA,TA,Y,192,0,0,0,0,0,Gd,MnPrv,Shed,400,6,2010,WD,Normal,148000,0.09802257489603666,1155,1.0,63,0,0,0,1,0
880,20,RL,69.0,7000,Pave,Grvl,IR1,Lvl,AllPub,CulDSac,Gtl,CollgCr,Norm,Norm,1Fam,1Story,5,8,1978,2005,Gable,CompShg,VinylSd,VinylSd,BrkFace,90.0,Gd,Gd,CBlock,TA,TA,No,ALQ,646,Unf,0,218,864,GasA,Ex,Y,SBrkr,864,0,0,864,1,0,1,0,3,1,TA,6,Typ,0,Gd,Attchd,1978.0,Unf,1,336,TA,TA,Y,0,0,0,0,0,0,Gd,GdWo,Shed,0,7,2009,WD,Normal,136500,0.12341094129410084,864,1.0,46,0,0,0,1,0
881,20,RL,60.0,7024,Pave,Grvl,Reg,Lvl,AllPub,Inside,Gtl,Edwards,Norm,Norm,1Fam,1Story,5,5,2005,2006,Gable,CompShg,VinylSd,VinylSd,BrkFace,0.0,TA,TA,PConc,Ex,Gd,No,ALQ,980,Unf,0,110,1090,GasA,Gd,Y,SBrkr,1090,0,0,1090,1,0,1,1,2,1,TA,5,Typ,0,Gd,Attchd,2005.0,Fin,2,450,TA,TA,Y,0,49,0,0,0,0,Gd,MnPrv,Shed,0,6,2007,WD,Normal,157000,0.15516014234875444,1090,1.5,19,0,0,0,0,0
882,50,RL,44.0,13758,Pave,Grvl,IR1,Lvl,AllPub,CulDSac,Gtl,Timber,Norm,Norm,1Fam,1.5Fin,7,5,1990,1991,Gable,CompShg,HdBoard,HdBoard,BrkFace,117.0,Gd,Gd,CBlock,Gd,TA,Mn,LwQ,902,Unf,0,254,1156,GasA,Ex,Y,SBrkr,1187,530,0,1717,0,0,2,1,3,1,Gd,7,Typ,1,TA,Attchd,1990.0,RFn,2,400,TA,TA,Y,168,36,0,0,0,0,Gd,MnPrv,Shed,0,4,2007,WD,Normal,187500,0.12479104586089106,1717,2.5,34,0,0,0,1,0
883,60,RL,69.0,9636,Pave,Grvl,IR1,Lvl,AllPub,Corner,Gtl,Gilbert,Norm,Norm,1Fam,2Story,6,5,1992,1993,Gable,CompShg,VinylSd,VinylSd,BrkFace,0.0,TA,TA,PConc,Gd,TA,No,Unf,0,Unf,0,808,808,GasA,Gd,Y,SBrkr,808,785,0,1593,0,0,2,1,3,1,TA,7,Typ,1,TA,BuiltIn,1993.0,RFn,2,389,TA,TA,Y,342,40,0,0,0,0,Gd,MnPrv,Shed,0,12,2009,WD,Normal,178000,0.1653004046902563,1593,2.5,32,0,0,0,1,0
884,75,RL,60.0,6204,Pave,Grvl,Reg,Bnk,AllPub,Inside,Gtl,SWISU,Norm,Norm,1Fam,2.5Fin,4,5,1912,1950,Gable,CompShg,Wd Sdng,Wd Sdng,BrkFace,0.0,Gd,TA,PConc,TA,Fa,No,Unf,0,Unf,0,795,795,GasA,TA,N,SBrkr,954,795,481,2230,1,0,1,0,5,1,TA,10,Typ,0,Gd,Detchd,1997.0,Unf,1,440,TA,Gd,Y,0,188,0,0,0,0,Gd,MnPrv,Shed,0,3,2006,WD,Normal,118500,0.35938759065269943,1749,1.0,112,0,0,0,0,1
885,20,RL,65.0,7150,Pave,Grvl,Reg,Lvl,AllPub,Inside,Gtl,NAmes,Norm,Norm,1Fam,1Story,5,5,1967,1967,Gable,CompShg,HdBoard,HdBoard,BrkFace,60.0,TA,TA,CBlock,TA,TA,No,BLQ,432,Unf,0,460,892,GasA,TA,Y,SBrkr,892,0,0,892,0,0,1,0,3,1,TA,5,Typ,0,Gd,Attchd,1967.0,RFn,1,288,TA,TA,Y,0,0,0,0,0,0,Gd,GdWo,Shed,0,7,2009,WD,Normal,100000,0.12473779890924347,892,1.0,57,0,0,0,0,0
886,120,FV,50.0,5119,Pave,Grvl,IR1,Lvl,AllPub,CulDSac,Gtl,Somerst,Norm,Norm,TwnhsE,1Story,9,5,1999,2000,Gable,CompShg,MetalSd,MetalSd,BrkFace,60.0,Gd,TA,PConc,Ex,TA,Av,GLQ,1238,Unf,0,460,1698,GasA,Ex,Y,SBrkr,1709,0,0,1709,1,0,2,0,2,1,Gd,5,Typ,1,TA,Attchd,1999.0,Fin,2,506,TA,TA,Y,97,65,0,0,0,0,Gd,MnPrv,Shed,0,1,2008,CWD,Abnorml,328900,0.3337890625,1709,2.0,25,3,0,0,1,0
887,90,RL,70.0,8393,Pave,Grvl,Reg,Lvl,AllPub,Corner,Gtl,NAmes,Norm,Norm,Duplex,1Story,5,5,1959,2005,Gable,CompShg,MetalSd,MetalSd,BrkFace,122.0,TA,TA,CBlock,TA,TA,No,LwQ,528,Unf,0,1098,1626,GasA,Ex,Y,SBrkr,1712,0,0,1712,0,0,2,0,4,2,TA,8,Typ,0,Gd,Attchd,2005.0,Fin,2,588,TA,TA,Y,272,54,0,0,0,0,Gd,MnPrv,Shed,0,6,2006,WD,Family,145000,0.20395520609959494,1712,2.0,65,0,0,0,0,0
888,50,RL,59.0,16466,Pave,Grvl,IR1,Lvl,AllPub,Inside,Gtl,Edwards,Norm,Norm,1Fam,1.5Fin,5,7,1955,1955,Gable,CompShg,MetalSd,MetalSd,BrkFace,0.0,TA,Gd,PConc,TA,TA,No,Unf,0,Unf,0,816,816,GasA,TA,Y,SBrkr,872,521,0,1393,0,0,1,1,3,1,TA,8,Typ,0,Gd,Attchd,1955.0,Unf,1,300,TA,TA,Y,121,0,0,0,265,0,Gd,MnPrv,Shed,0,4,2008,WD,Normal,135500,0.08459342928280804,1393,1.5,69,0,0,0,1,0
889,20,RL,95.0,15865,Pave,Grvl,IR1,Lvl,AllPub,Inside,Mod,NAmes,Norm,Norm,1Fam,1Story,8,6,1970,1970,Flat,Tar&Grv,Wd Sdng,Wd Sdng,BrkFace,0.0,Gd,Gd,PConc,TA,Gd,Gd,ALQ,351,Rec,823,1043,2217,GasA,Ex,Y,SBrkr,2217,0,0,2217,1,0,2,0,4,1,Gd,8,Typ,1,TA,Attchd,1970.0,Unf,2,621,TA,TA,Y,81,207,0,0,224,0,Gd,MnPrv,Shed,0,10,2007,WD,Normal,268000,0.1397327618807513,2217,2.0,54,0,0,0,1,0
890,20,RL,128.0,12160,Pave,Grvl,Reg,Lvl,AllPub,Inside,Gtl,NAmes,Feedr,Norm,1Fam,1Story,6,4,1953,1953,Hip,CompShg,Wd Sdng,Wd Sdng,BrkFace,90.0,TA,TA,CBlock,TA,TA,No,BLQ,1024,Unf,0,481,1505,GasA,Ex,Y,SBrkr,1505,0,0,1505,1,0,1,0,2,1,TA,6,Typ,1,TA,Attchd,1953.0,RFn,2,505,TA,TA,Y,0,0,0,162,0,0,Gd,MnPrv,Shed,0,2,2009,WD,Normal,149500,0.12375627004358195,1505,1.0,71,0,0,0,0,0
891,50,RL,60.0,8064,Pave,Grvl,Reg,Lvl,AllPub,Corner,Gtl,NAmes,Artery,Norm,1Fam,1.5Fin,5,7,1949,2006,Gable,CompShg,MetalSd,MetalSd,BrkFace,0.0,TA,Gd,CBlock,TA,TA,Mn,Unf,0,Unf,0,672,672,GasA,Ex,Y,SBrkr,672,252,0,924,0,0,1,0,3,1,TA,6,Typ,1,Po,Detchd,2003.0,Unf,2,576,TA,TA,Y,0,0,0,0,0,0,Gd,MnPrv,Shed,2000,7,2007,WD,Normal,122900,0.11456912585244886,924,1.0,75,0,0,0,0,0
892,60,RL,70.0,11184,Pave,Grvl,Reg,Lvl,AllPub,Inside,Gtl,Sawyer,Norm,Norm,1Fam,2Story,6,5,1978,1978,Hip,CompShg,HdBoard,HdBoard,BrkFace,92.0,TA,TA,CBlock,TA,TA,No,LwQ,226,Rec,500,192,918,GasA,Gd,Y,SBrkr,918,765,0,1683,0,0,2,1,3,1,TA,7,Typ,1,TA,Attchd,1978.0,RFn,2,440,TA,TA,Y,243,0,0,0,0,0,Gd,MnPrv,Shed,0,7,2009,WD,Normal,172500,0.15046937863209656,1683,2.5,46,0,0,0,0,0
893,20,RL,70.0,8414,Pave,Grvl,Reg,Lvl,AllPub,Inside,Gtl,Sawyer,Norm,Norm,1Fam,1Story,6,8,1963,2003,Hip,CompShg,HdBoard,HdBoard,BrkFace,0.0,TA,TA,CBlock,TA,TA,No,GLQ,663,Unf,0,396,1059,GasA,TA,Y,SBrkr,1068,0,0,1068,0,1,1,0,3,1,TA,6,Typ,0,Gd,Attchd,1963.0,RFn,1,264,TA,TA,Y,192,0,0,0,0,0,Gd,MnPrv,Shed,0,2,2006,WD,Normal,154500,0.1269162210338681,1068,1.0,61,0,0,0,0,0
894,20,RL,69.0,13284,Pave,Grvl,Reg,Lvl,AllPub,Inside,Gtl,Sawyer,PosN,Norm,1Fam,1Story,5,5,1954,1954,Gable,CompShg,Wd Sdng,Plywood,BrkFace,0.0,TA,TA,PConc,Gd,TA,Mn,BLQ,1064,Unf,0,319,1383,GasA,TA,Y,SBrkr,1383,0,0,1383,1,0,1,0,3,1,TA,6,Typ,1,Gd,Attchd,1954.0,Unf,1,354,TA,TA,Y,511,116,0,0,0,0,Gd,GdPrv,Shed,0,6,2008,WD,Normal,165000,0.10410237109522018,1383,1.0,70,0,0,0,0,0
895,90,RL,64.0,7018,Pave,Grvl,Reg,Bnk,AllPub,Inside,Gtl,SawyerW,Norm,Norm,Duplex,1Story,5,5,1979,1979,Gable,CompShg,Plywood,Plywood,BrkFace,0.0,TA,TA,Slab,TA,TA,No,Unf,0,Unf,0,0,0,GasA,TA,Y,SBrkr,1535,0,0,1535,0,0,2,0,4,2,TA,8,Typ,0,Gd,Attchd,1979.0,Unf,2,400,TA,TA,Y,0,0,0,0,0,0,Gd,MnPrv,Shed,0,6,2009,WD,Alloca,118858,0.21869212138481264,1535,2.0,45,0,0,0,0,1
896,60,RL,71.0,7056,Pave,Grvl,Reg,Lvl,AllPub,Inside,Gtl,NAmes,Norm,Norm,1Fam,2Story,6,5,1963,1963,Hip,CompShg,HdBoard,HdBoard,BrkFace,415.0,TA,TA,CBlock,TA,TA,No,BLQ,400,Unf,0,380,780,GasA,TA,Y,SBrkr,983,813,0,1796,1,0,1,1,4,1,TA,8,Typ,1,TA,Attchd,1963.0,RFn,2,483,TA,TA,Y,0,50,0,0,0,0,Gd,MnPrv,Shed,0,10,2008,WD,Normal,140000,0.25449907892872325,1796,1.5,61,0,0,0,0,0
897,30,RM,50.0,8765,Pave,Grvl,Reg,Lvl,AllPub,Inside,Gtl,IDOTRR,Norm,Norm,1Fam,1Story,4,6,1936,1950,Gable,CompShg,Wd Sdng,Wd Sdng,BrkFace,0.0,TA,TA,BrkTil,TA,TA,No,ALQ,285,Unf,0,666,951,GasA,Ex,N,SBrkr,951,0,0,951,0,0,1,0,2,1,TA,6,Typ,0,Gd,Detchd,1936.0,Unf,1,327,TA,TA,Y,0,28,0,0,0,0,Gd,MnPrv,Shed,0,4,2006,WD,Abnorml,106500,0.10848733744010951,951,1.0,88,1,0,0,0,0
898,90,RL,64.0,7018,Pave,Grvl,Reg,Lvl,AllPub,Inside,Gtl,SawyerW,Feedr,Norm,Duplex,2Story,5,5,1979,1979,Gable,CompShg,Plywood,Plywood,BrkFace,0.0,TA,TA,Slab,TA,TA,No,Unf,0,Unf,0,0,0,GasA,TA,Y,SBrkr,1120,1120,0,2240,0,0,2,0,6,2,TA,12,Typ,0,Gd,Detchd,1979.0,Unf,2,528,TA,TA,Y,154,0,0,0,0,0,Gd,MnPrv,Shed,0,6,2009,WD,Alloca,142953,0.3191337797407038,2240,2.0,45,0,0,0,0,0
899,20,RL,100.0,12919,Pave,Grvl,IR1,Lvl,AllPub,Inside,Gtl,NridgHt,Norm,Norm,1Fam,1Story,9,5,2009,2010,Hip,CompShg,VinylSd,VinylSd,Stone,760.0,Ex,TA,PConc,Ex,TA,Gd,GLQ,2188,Unf,0,142,2330,GasA,Ex,Y,SBrkr,2364,0,0,2364,1,0,2,1,2,1,Ex,11,Typ,2,Gd,Attchd,2009.0,Fin,3,820,TA,TA,Y,0,67,0,0,0,0,Gd,MnPrv,Shed,0,3,2010,New,Partial,611657,0.18297213622291023,2364,2.5,15,0,0,0,1,0
900,20,RL,65.0,6993,Pave,Grvl,Reg,Lvl,AllPub,Inside,Gtl,Sawyer,Feedr,Norm,1Fam,1Story,5,7,1961,1994,Gable,CompShg,HdBoard,Plywood,BrkFace,0.0,TA,TA,CBlock,TA,TA,No,BLQ,465,Unf,0,447,912,GasA,TA,Y,SBrkr,1236,0,0,1236,0,0,1,0,3,1,TA,6,Typ,1,TA,Attchd,1961.0,Unf,1,288,TA,TA,Y,0,0,0,0,0,0,Gd,MnPrv,Shed,0,6,2006,WD,Normal,135000,0.17672290534744067,1236,1.0,63,0,0,0,0,0
901,20,RL,69.0,7340,Pave,Grvl,IR1,Lvl,AllPub,Inside,Gtl,NAmes,Norm,Norm,1Fam,1Story,4,6,1971,1971,Gable,CompShg,HdBoard,HdBoard,BrkFace,0.0,TA,TA,CBlock,TA,TA,No,ALQ,322,Unf,0,536,858,GasA,TA,Y,SBrkr,858,0,0,858,0,0,1,0,2,1,TA,4,Typ,0,Gd,Detchd,1979.0,Unf,1,684,TA,TA,Y,0,0,0,0,0,0,Gd,MnPrv,Shed,0,6,2007,WD,Normal,110000,0.11687780956272988,858,1.0,53,0,0,0,1,0
902,20,RL,64.0,8712,Pave,Grvl,IR1,Lvl,AllPub,Inside,Gtl,NAmes,Norm,Norm,1Fam,1Story,5,7,1957,2000,Hip,CompShg,MetalSd,MetalSd,BrkFace,0.0,TA,Gd,CBlock,TA,TA,Mn,BLQ,860,Unf,0,132,992,GasA,TA,Y,SBrkr,1306,0,0,1306,1,0,1,0,2,1,TA,5,Typ,0,Gd,Detchd,1968.0,Unf,1,756,TA,TA,Y,0,0,0,0,0,0,Gd,MnPrv,Shed,0,5,2009,WD,Normal,153000,0.149890967519798,1306,1.0,67,0,0,0,1,0
903,60,RL,63.0,7875,Pave,Grvl,Reg,Lvl,AllPub,Inside,Gtl,Gilbert,Norm,Norm,1Fam,2Story,7,5,2003,2003,Gable,CompShg,VinylSd,VinylSd,BrkFace,0.0,Gd,TA,PConc,Gd,TA,No,Unf,0,Unf,0,783,783,GasA,Ex,Y,SBrkr,807,702,0,1509,0,0,2,1,3,1,Gd,8,Typ,1,Gd,Attchd,2003.0,Fin,2,393,TA,TA,Y,0,75,0,0,0,0,Gd,MnPrv,Shed,0,7,2006,WD,Normal,180000,0.191594718131031,1509,2.5,21,0,0,0,0,0
904,20,RL,50.0,14859,Pave,Grvl,IR1,HLS,AllPub,CulDSac,Gtl,Gilbert,Norm,Norm,1Fam,1Story,7,5,2006,2006,Hip,CompShg,VinylSd,VinylSd,BrkFace,27.0,Gd,TA,PConc,Gd,TA,No,Unf,0,Unf,0,1670,1670,GasA,Ex,Y,SBrkr,1670,0,0,1670,0,0,2,0,3,1,Gd,7,Typ,1,Gd,Attchd,2006.0,RFn,3,690,TA,TA,Y,144,60,0,0,0,0,Gd,MnPrv,Shed,0,8,2006,New,Partial,240000,0.11238223418573351,1670,2.0,18,0,0,0,1,3
905,20,RL,69.0,6173,Pave,Grvl,IR1,Lvl,AllPub,Inside,Gtl,Sawyer,Norm,Norm,1Fam,1Story,5,6,1967,1967,Gable,CompShg,HdBoard,Wd Sdng,BrkFace,75.0,TA,TA,CBlock,TA,TA,No,GLQ,599,Unf,0,277,876,GasA,TA,Y,SBrkr,902,0,0,902,0,0,1,0,3,1,TA,6,Typ,0,Gd,Attchd,1967.0,Unf,1,288,TA,TA,Y,0,0,0,0,0,0,Gd,MnPrv,Shed,0,8,2007,WD,Normal,125500,0.1460965338516359,902,1.0,57,0,0,0,1,0
906,20,RL,80.0,9920,Pave,Grvl,Reg,Lvl,AllPub,Inside,Gtl,NAmes,Norm,Norm,1Fam,1Story,5,5,1954,1954,Gable,CompShg,HdBoard,HdBoard,Stone,110.0,TA,TA,CBlock,TA,TA,No,Rec,354,LwQ,290,412,1056,GasA,TA,Y,SBrkr,1063,0,0,1063,1,0,1,0,3,1,TA,6,Typ,0,Gd,Attchd,1954.0,RFn,1,280,TA,TA,Y,0,0,164,0,0,0,Gd,MnPrv,Shed,0,2,2010,WD,Normal,128000,0.10714645701038202,1063,1.0,70,0,0,0,0,0
907,20,RL,116.0,13501,Pave,Grvl,IR1,Lvl,AllPub,Corner,Gtl,Somerst,Norm,Norm,1Fam,1Story,8,5,2006,2006,Gable,CompShg,VinylSd,VinylSd,Stone,208.0,Gd,TA,PConc,Gd,TA,No,GLQ,63,Unf,0,1560,1623,GasA,Ex,Y,SBrkr,1636,0,0,1636,1,0,2,0,3,1,Gd,8,Typ,1,Gd,Attchd,2006.0,RFn,3,865,TA,TA,Y,0,60,0,0,0,0,Gd,MnPrv,Shed,0,6,2007,WD,Normal,255000,0.12116723448378018,1636,2.0,18,0,0,0,1,0
908,50,RL,86.0,11500,Pave,Grvl,IR1,Lvl,AllPub,Inside,Gtl,Crawfor,Norm,Norm,1Fam,1.5Fin,7,7,1936,1987,Gable,CompShg,BrkFace,BrkFace,BrkFace,0.0,Gd,TA,CBlock,Gd,TA,No,Rec,223,Unf,0,794,1017,GasA,Gd,Y,SBrkr,1020,1037,0,2057,0,0,1,1,3,1,Gd,6,Typ,1,Gd,Attchd,1936.0,Fin,1,180,Fa,TA,Y,0,0,0,0,322,0,Gd,MnPrv,Shed,0,6,2006,WD,Normal,250000,0.1788540126945483,2057,1.5,88,0,0,0,1,0
909,20,RL,69.0,8885,Pave,Grvl,IR1,Low,AllPub,Inside,Mod,Mitchel,Norm,Norm,1Fam,1Story,5,5,1983,1983,Gable,CompShg,HdBoard,HdBoard,BrkFace,0.0,TA,TA,CBlock,Gd,TA,Av,BLQ,301,ALQ,324,239,864,GasA,TA,Y,SBrkr,902,0,0,902,1,0,1,0,2,1,TA,5,Typ,0,Gd,Attchd,1983.0,Unf,2,484,TA,TA,Y,164,0,0,0,0,0,Gd,MnPrv,Shed,0,6,2006,WD,Normal,131000,0.10150799009678145,902,1.0,41,0,0,0,1,2
910,60,RL,149.0,12589,Pave,Grvl,IR2,Lvl,AllPub,Inside,Gtl,Gilbert,Norm,Norm,1Fam,2Story,6,5,2005,2005,Gable,CompShg,VinylSd,VinylSd,BrkFace,0.0,Gd,TA,PConc,Gd,TA,No,Unf,0,Unf,0,742,742,GasA,Ex,Y,SBrkr,742,742,0,1484,0,0,2,1,3,1,Gd,8,Typ,1,Gd,Attchd,2005.0,Fin,2,390,TA,TA,Y,36,24,0,0,0,0,Gd,MnPrv,Shed,0,6,2009,WD,Normal,174000,0.11787132644956315,1484,2.5,19,0,0,0,2,0
911,90,RL,80.0,11600,Pave,Grvl,Reg,Lvl,AllPub,Corner,Gtl,NAmes,Feedr,Norm,Duplex,2Story,5,5,1960,1960,Gable,CompShg,MetalSd,MetalSd,BrkFace,361.0,TA,TA,CBlock,TA,TA,No,Rec,443,Unf,0,662,1105,GasA,TA,Y,FuseA,1105,1169,0,2274,0,0,2,0,5,2,TA,12,Typ,0,Gd,Detchd,1960.0,Unf,2,480,TA,TA,Y,0,0,0,0,0,0,Gd,MnPrv,Shed,0,1,2010,WD,Normal,154300,0.1960175846909749,2274,2.0,64,0,0,0,0,0
912,20,RL,69.0,9286,Pave,Grvl,IR1,Lvl,AllPub,CulDSac,Mod,CollgCr,Norm,Norm,1Fam,1Story,5,7,1977,1989,Gable,CompShg,HdBoard,Plywood,BrkFace,0.0,TA,TA,CBlock,Gd,Gd,Av,ALQ,196,Unf,0,1072,1268,GasA,TA,Y,SBrkr,1268,0,0,1268,0,0,1,1,3,1,Gd,5,Typ,0,Gd,Detchd,1978.0,Unf,1,252,TA,TA,Y,173,0,0,0,0,0,Gd,MnPrv,Shed,0,10,2009,WD,Normal,143500,0.1365349413158178,1268,1.5,47,0,0,0,1,0
913,30,RM,51.0,6120,Pave,Grvl,Reg,Lvl,AllPub,Inside,Gtl,BrkSide,Norm,Norm,1Fam,1Story,5,7,1925,1950,Gable,CompShg,MetalSd,MetalSd,BrkFace,0.0,TA,TA,BrkTil,TA,TA,No,Rec,489,Unf,0,279,768,GasA,TA,N,SBrkr,1015,0,0,1015,0,0,1,0,3,1,TA,6,Min1,0,Gd,Detchd,1925.0,Unf,1,450,TA,TA,Y,0,0,112,0,120,0,Gd,MnPrv,Shed,620,7,2006,WD,Abnorml,88000,0.16582257801012906,1015,1.0,99,1,0,0,0,0
914,90,RH,82.0,6270,Pave,Grvl,Reg,HLS,AllPub,Inside,Gtl,Crawfor,Norm,Norm,Duplex,2Story,5,6,1949,1950,Gable,CompShg,MetalSd,MetalSd,BrkFace,0.0,TA,TA,CBlock,TA,TA,No,BLQ,284,Unf,0,717,1001,GasA,TA,N,FuseA,1001,1001,0,2002,0,0,2,0,4,2,TA,8,Typ,0,Gd,2Types,1949.0,Unf,3,871,TA,TA,Y,0,0,0,0,0,0,Gd,MnPrv,Shed,0,8,2007,WD,Normal,145000,0.3192473289746452,2002,2.0,75,4,0,0,0,3
915,160,FV,30.0,3000,Pave,Pave,Reg,Lvl,AllPub,Inside,Gtl,Somerst,Norm,Norm,TwnhsE,2Story,6,5,2009,2009,Gable,CompShg,VinylSd,VinylSd,Stone,76.0,Gd,TA,PConc,Gd,TA,Av,GLQ,294,Unf,0,318,612,GasA,Ex,Y,SBrkr,612,612,0,1224,0,0,2,1,2,1,Gd,4,Typ,0,Gd,Detchd,2009.0,RFn,2,528,TA,TA,Y,0,234,0,0,0,0,Gd,MnPrv,Shed,0,6,2009,New,Partial,173733,0.40786404531822723,1224,2.5,15,3,0,1,0,0
916,160,RM,21.0,2001,Pave,Grvl,Reg,Lvl,AllPub,Inside,Gtl,MeadowV,Norm,Norm,Twnhs,2Story,4,5,1970,1970,Gable,CompShg,CemntBd,CmentBd,BrkFace,80.0,TA,TA,CBlock,TA,TA,No,Unf,0,Unf,0,546,546,GasA,Fa,Y,SBrkr,546,546,0,1092,0,0,1,1,3,1,TA,6,Typ,0,Gd,Attchd,1970.0,Unf,1,286,TA,TA,Y,0,0,0,0,0,0,Gd,MnPrv,Shed,0,1,2007,WD,Normal,75000,0.5454545454545454,1092,1.5,54,1,0,0,0,0
917,20,C (all),50.0,9000,Pave,Grvl,Reg,Lvl,AllPub,Inside,Gtl,IDOTRR,Norm,Norm,1Fam,1Story,2,3,1949,1950,Gable,CompShg,AsbShng,AsbShng,BrkFace,0.0,TA,TA,CBlock,TA,TA,Av,BLQ,50,Unf,0,430,480,GasA,TA,N,FuseA,480,0,0,480,1,0,0,0,1,1,TA,4,Typ,0,Gd,Detchd,1958.0,Unf,1,308,TA,TA,Y,0,0,0,0,0,0,Gd,MnPrv,Shed,0,10,2006,WD,Abnorml,35311,0.05332740806577047,480,0.0,75,2,0,0,0,0
918,20,RL,69.0,17140,Pave,Grvl,Reg,Lvl,AllPub,Inside,Gtl,Edwards,Norm,Norm,1Fam,1Story,4,6,1956,1956,Gable,CompShg,VinylSd,VinylSd,BrkFace,0.0,TA,TA,CBlock,TA,TA,No,ALQ,1059,Unf,0,75,1134,GasA,Ex,Y,FuseA,1229,0,0,1229,0,0,1,0,3,1,TA,6,Typ,0,Gd,Attchd,1956.0,RFn,1,284,TA,TA,Y,0,0,0,0,0,0,Gd,MnPrv,Shed,0,4,2009,WD,Normal,135000,0.07169943410536142,1229,1.0,68,0,0,0,0,0
919,60,RL,103.0,13125,Pave,Grvl,IR1,Lvl,AllPub,Corner,Gtl,SawyerW,Norm,Norm,1Fam,2Story,7,5,1991,1991,Gable,CompShg,HdBoard,HdBoard,BrkFace,0.0,Gd,TA,PConc,Ex,TA,Mn,BLQ,48,GLQ,634,422,1104,GasA,Ex,Y,SBrkr,912,1215,0,2127,1,0,2,1,4,1,Gd,8,Typ,1,TA,Attchd,1991.0,RFn,3,833,TA,TA,Y,72,192,224,0,0,0,Gd,GdPrv,Shed,0,11,2007,WD,Normal,238000,0.16204479658692672,2127,2.5,33,0,0,0,1,0
920,20,RL,87.0,11029,Pave,Grvl,IR1,Lvl,AllPub,Corner,Gtl,NAmes,Norm,Norm,1Fam,1Story,6,8,1958,2002,Hip,CompShg,MetalSd,MetalSd,BrkFace,0.0,Ex,TA,CBlock,Gd,TA,No,ALQ,528,BLQ,411,245,1184,GasA,Ex,Y,SBrkr,1414,0,0,1414,1,0,1,0,3,1,TA,6,Min1,1,TA,Attchd,1990.0,Unf,2,601,TA,TA,Y,0,51,0,0,190,0,Gd,MnPrv,Shed,0,5,2008,WD,Normal,176500,0.12819582955575703,1414,1.0,66,0,0,0,1,0
921,60,RL,70.0,8462,Pave,Grvl,IR1,Lvl,AllPub,Inside,Gtl,SawyerW,Norm,Norm,1Fam,2Story,6,5,1994,1994,Gable,CompShg,HdBoard,HdBoard,BrkFace,105.0,Gd,Gd,PConc,Gd,Gd,No,GLQ,814,Unf,0,114,928,GasA,Ex,Y,SBrkr,936,785,0,1721,0,1,2,1,3,1,Gd,7,Typ,0,Gd,Attchd,1994.0,RFn,2,471,TA,TA,Y,300,87,0,0,0,0,Gd,MnPrv,Shed,0,7,2007,WD,Normal,201000,0.20335578400094528,1721,2.5,30,0,0,0,1,0
922,90,RL,67.0,8777,Pave,Grvl,Reg,Lvl,AllPub,Inside,Gtl,Edwards,Feedr,Norm,Duplex,1.5Fin,5,7,1900,2003,Gable,CompShg,MetalSd,MetalSd,BrkFace,0.0,TA,TA,CBlock,TA,TA,No,ALQ,1084,Unf,0,188,1272,GasA,Gd,Y,SBrkr,1272,928,0,2200,2,0,2,2,4,2,TA,9,Typ,0,Gd,Attchd,1980.0,Unf,0,0,TA,TA,N,0,70,0,0,0,0,Gd,GdPrv,Shed,0,9,2008,WD,Normal,145900,0.2506265664160401,2200,3.0,124,0,0,0,0,0
923,20,RL,65.0,10237,Pave,Grvl,Reg,Lvl,AllPub,Inside,Gtl,Gilbert,RRAn,Norm,1Fam,1Story,6,5,2005,2006,Gable,CompShg,VinylSd,VinylSd,BrkFace,0.0,Gd,TA,PConc,Gd,TA,No,GLQ,28,Unf,0,1288,1316,GasA,Ex,Y,SBrkr,1316,0,0,1316,0,0,2,0,3,1,Gd,6,Typ,1,Gd,Attchd,2005.0,Fin,2,397,TA,TA,Y,100,0,0,23,0,0,Gd,MnPrv,Shed,0,10,2006,New,Partial,169990,0.12854073061144755,1316,2.0,19,0,0,0,0,0
924,120,RL,50.0,8012,Pave,Grvl,Reg,Lvl,AllPub,Inside,Gtl,SawyerW,Norm,Norm,TwnhsE,1Story,6,5,1993,1994,Gable,CompShg,Plywood,Plywood,BrkFace,0.0,Gd,TA,PConc,Gd,TA,No,LwQ,165,GLQ,841,598,1604,GasA,Ex,Y,SBrkr,1617,0,0,1617,1,0,2,0,2,1,Gd,5,Typ,1,Fa,Attchd,1993.0,RFn,2,533,TA,TA,Y,0,69,0,0,0,0,Gd,MnPrv,Shed,0,7,2008,WD,Normal,193000,0.2017970797454137,1617,2.0,31,0,0,0,0,0
925,20,RL,79.0,10240,Pave,Grvl,Reg,Lvl,AllPub,Inside,Gtl,NWAmes,Norm,Norm,1Fam,1Story,6,6,1980,1980,Gable,CompShg,Plywood,Plywood,BrkFace,157.0,TA,Gd,CBlock,Gd,TA,No,BLQ,625,LwQ,1061,0,1686,GasA,TA,Y,SBrkr,1686,0,0,1686,1,0,2,0,3,1,TA,7,Typ,1,TA,Attchd,1980.0,Unf,2,612,TA,TA,Y,384,131,0,0,0,0,Gd,MnPrv,Shed,0,5,2006,WD,Normal,207500,0.16463236012108193,1686,2.0,44,0,0,0,0,0
926,20,RL,69.0,15611,Pave,Grvl,IR1,Lvl,AllPub,Corner,Gtl,NWAmes,Norm,Norm,1Fam,1Story,5,6,1977,1977,Gable,CompShg,VinylSd,VinylSd,BrkFace,0.0,TA,TA,PConc,Gd,TA,Av,ALQ,767,LwQ,93,266,1126,GasA,TA,Y,SBrkr,1126,0,0,1126,0,1,2,0,3,1,Ex,6,Typ,0,Gd,Attchd,1977.0,RFn,2,540,TA,TA,Y,180,0,0,0,0,0,Gd,MnPrv,Shed,0,3,2008,WD,Abnorml,175000,0.07212400717396875,1126,2.0,47,0,0,0,1,0
927,60,RL,93.0,11999,Pave,Grvl,Reg,Lvl,AllPub,Inside,Gtl,NridgHt,Norm,Norm,1Fam,2Story,8,5,2003,2004,Hip,CompShg,VinylSd,VinylSd,BrkFace,340.0,Gd,TA,PConc,Gd,TA,No,Unf,0,Unf,0,1181,1181,GasA,Ex,Y,SBrkr,1234,1140,0,2374,0,0,2,1,4,1,Ex,10,Typ,1,Gd,BuiltIn,2003.0,Fin,3,656,TA,TA,Y,104,100,0,0,0,0,Gd,MnPrv,Shed,0,5,2007,WD,Normal,285000,0.19783333333333333,2374,2.5,21,0,0,0,0,0
928,60,RL,69.0,9900,Pave,Grvl,Reg,Lvl,AllPub,Inside,Gtl,NWAmes,Feedr,Norm,1Fam,2Story,7,5,1968,1968,Gable,CompShg,MetalSd,MetalSd,BrkFace,342.0,TA,TA,CBlock,TA,TA,No,BLQ,552,Unf,0,280,832,GasA,Gd,Y,SBrkr,1098,880,0,1978,0,0,2,1,4,1,TA,9,Typ,1,Gd,Attchd,1968.0,RFn,2,486,TA,TA,Y,0,43,0,0,0,0,Gd,GdPrv,Shed,0,4,2008,WD,Normal,176000,0.19977780022219976,1978,2.5,56,0,0,0,0,0
929,20,RL,69.0,11838,Pave,Grvl,Reg,Lvl,AllPub,Inside,Gtl,CollgCr,Norm,Norm,1Fam,1Story,8,5,2001,2001,Hip,CompShg,VinylSd,VinylSd,BrkFace,0.0,Gd,TA,PConc,Gd,TA,Av,Unf,0,Unf,0,1753,1753,GasA,Ex,Y,SBrkr,1788,0,0,1788,0,0,2,0,3,1,Ex,7,Typ,1,TA,Attchd,2001.0,RFn,2,522,TA,TA,Y,202,151,0,0,0,0,Gd,MnPrv,Shed,0,6,2009,WD,Normal,236500,0.15102626911056677,1788,2.0,23,0,0,0,0,0
930,60,RL,69.0,13006,Pave,Grvl,IR1,Lvl,AllPub,Corner,Gtl,Gilbert,Norm,Norm,1Fam,2Story,7,5,1997,1997,Gable,CompShg,HdBoard,HdBoard,BrkFace,285.0,TA,TA,PConc,Gd,TA,No,Unf,0,Unf,0,964,964,GasA,Gd,Y,SBrkr,993,1243,0,2236,0,0,2,1,4,1,Gd,8,Typ,1,TA,BuiltIn,1997.0,Fin,2,642,TA,TA,Y,0,0,0,0,0,0,Gd,MnPrv,Shed,0,11,2006,WD,Normal,222000,0.17190743445836856,2236,2.5,27,0,0,0,1,0
931,20,RL,73.0,8925,Pave,Grvl,IR1,HLS,AllPub,Inside,Gtl,Timber,Norm,Norm,1Fam,1Story,8,5,2007,2007,Gable,CompShg,VinylSd,VinylSd,BrkFace,0.0,Gd,TA,PConc,Gd,TA,Av,GLQ,16,Unf,0,1450,1466,GasA,Ex,Y,SBrkr,1466,0,0,1466,0,0,2,0,3,1,Gd,7,Typ,0,Gd,Attchd,2007.0,Fin,3,610,TA,TA,Y,100,18,0,0,0,0,Gd,MnPrv,Shed,0,7,2009,WD,Normal,201000,0.16423930091866457,1466,2.0,17,0,0,0,1,3
932,20,RL,70.0,9100,Pave,Grvl,Reg,Lvl,AllPub,Inside,Gtl,NAmes,Norm,Norm,1Fam,1Story,5,6,1965,1965,Gable,CompShg,VinylSd,VinylSd,BrkFace,0.0,TA,TA,CBlock,TA,TA,No,BLQ,338,Rec,466,121,925,GasA,Ex,Y,SBrkr,925,0,0,925,0,1,1,0,2,1,TA,5,Typ,0,Gd,Detchd,1965.0,Unf,1,429,TA,TA,Y,0,0,0,0,0,0,Gd,GdWo,Shed,0,7,2009,WD,Normal,117500,0.10163718272717284,925,1.0,59,0,0,0,0,0
933,20,RL,84.0,11670,Pave,Grvl,IR1,Lvl,AllPub,Corner,Gtl,Somerst,RRNn,Norm,1Fam,1Story,9,5,2006,2006,Hip,CompShg,VinylSd,ImStucc,Stone,302.0,Ex,TA,PConc,Ex,Gd,No,Unf,0,Unf,0,1905,1905,GasA,Ex,Y,SBrkr,1905,0,0,1905,0,0,2,0,3,1,Ex,8,Typ,1,Gd,Attchd,2006.0,Fin,3,788,TA,TA,Y,0,191,0,0,0,0,Gd,MnPrv,Shed,0,3,2007,WD,Normal,320000,0.16322508782452233,1905,2.0,18,0,0,0,1,0
934,20,RL,63.0,8487,Pave,Grvl,Reg,Lvl,AllPub,FR2,Gtl,CollgCr,Norm,Norm,1Fam,1Story,7,5,2004,2004,Gable,CompShg,VinylSd,VinylSd,BrkFace,210.0,Gd,TA,PConc,Gd,TA,Av,GLQ,20,Unf,0,1480,1500,GasA,Ex,Y,SBrkr,1500,0,0,1500,0,0,2,0,3,1,Gd,6,Typ,0,Gd,Attchd,2004.0,RFn,2,570,TA,TA,Y,192,36,0,0,0,0,Gd,MnPrv,Shed,0,8,2009,WD,Normal,190000,0.1767200754005655,1500,2.0,20,0,0,0,0,0
935,20,RL,313.0,27650,Pave,Grvl,IR2,HLS,AllPub,Inside,Mod,NAmes,PosA,Norm,1Fam,1Story,7,7,1960,2007,Flat,Tar&Grv,Wd Sdng,Wd Sdng,BrkFace,0.0,TA,TA,CBlock,Gd,TA,Gd,GLQ,425,Unf,0,160,585,GasA,Ex,Y,SBrkr,2069,0,0,2069,1,0,2,0,4,1,Gd,9,Typ,1,Gd,Attchd,1960.0,RFn,2,505,TA,TA,Y,0,0,0,0,0,0,Gd,MnPrv,Shed,0,11,2008,WD,Normal,242000,0.0748255035984232,2069,2.0,64,0,0,0,2,3
936,30,RL,52.0,5825,Pave,Grvl,IR1,Lvl,AllPub,Inside,Gtl,BrkSide,Norm,Norm,1Fam,1Story,4,5,1926,1953,Gable,CompShg,MetalSd,MetalSd,BrkFace,108.0,TA,Gd,PConc,Fa,TA,Mn,Unf,0,Unf,0,600,600,GasA,Gd,Y,SBrkr,747,0,0,747,0,0,1,0,1,1,TA,5,Typ,0,Gd,Detchd,1953.0,Unf,2,528,TA,TA,Y,0,0,32,0,0,0,Gd,MnPrv,Shed,0,6,2006,WD,Normal,79900,0.1282183316168898,747,1.0,98,0,0,0,1,0
937,20,RL,67.0,10083,Pave,Grvl,Reg,Lvl,AllPub,Inside,Gtl,SawyerW,Norm,Norm,1Fam,1Story,7,5,2003,2003,Gable,CompShg,VinylSd,VinylSd,BrkFace,0.0,Gd,TA,PConc,Gd,TA,No,GLQ,833,Unf,0,343,1176,GasA,Ex,Y,SBrkr,1200,0,0,1200,1,0,2,0,2,1,Gd,5,Typ,0,Gd,Attchd,2003.0,RFn,2,555,TA,TA,Y,0,41,0,0,0,0,Gd,MnPrv,Shed,0,8,2009,WD,Normal,184900,0.1190003966679889,1200,2.0,21,0,0,0,0,0
938,60,RL,75.0,9675,Pave,Grvl,Reg,Lvl,AllPub,Inside,Gtl,Somerst,Norm,Norm,1Fam,2Story,7,5,2005,2005,Gable,CompShg,VinylSd,VinylSd,BrkFace,0.0,Gd,TA,PConc,Gd,TA,Mn,GLQ,341,Unf,0,772,1113,GasA,Ex,Y,SBrkr,1113,858,0,1971,0,0,2,1,3,1,Gd,8,Typ,1,Gd,Attchd,2005.0,RFn,2,689,TA,TA,Y,0,48,0,0,0,0,Gd,MnPrv,Shed,0,2,2009,WD,Normal,253000,0.20369987598181066,1971,2.5,19,0,0,0,0,0
939,60,RL,73.0,8760,Pave,Grvl,Reg,Lvl,AllPub,Inside,Gtl,CollgCr,Norm,Norm,1Fam,2Story,7,5,2006,2006,Gable,CompShg,VinylSd,VinylSd,BrkFace,0.0,Gd,TA,PConc,Gd,Gd,Mn,GLQ,464,Unf,0,927,1391,GasA,Ex,Y,SBrkr,1391,571,0,1962,0,0,2,1,3,1,Gd,7,Typ,0,Gd,Attchd,2006.0,RFn,3,868,TA,TA,Y,0,90,0,0,0,0,Gd,MnPrv,Shed,0,8,2006,New,Partial,239799,0.22394703800935967,1962,2.5,18,0,0,0,0,0
940,70,RL,69.0,24090,Pave,Grvl,Reg,Lvl,AllPub,Inside,Gtl,ClearCr,Norm,Norm,1Fam,2Story,7,7,1940,1950,Gable,CompShg,MetalSd,MetalSd,BrkFace,0.0,TA,Gd,CBlock,TA,TA,Mn,Unf,0,Unf,0,1032,1032,GasA,Ex,Y,SBrkr,1207,1196,0,2403,0,0,2,0,4,1,TA,10,Typ,2,TA,Attchd,1940.0,Unf,1,349,TA,TA,Y,56,0,318,0,0,0,Gd,MnPrv,Shed,0,6,2010,COD,Normal,244400,0.09974679340832676,2403,2.0,84,0,0,0,0,0
941,90,RL,55.0,12640,Pave,Grvl,IR1,Lvl,AllPub,Inside,Gtl,Mitchel,Norm,Norm,Duplex,1Story,6,5,1976,1976,Gable,CompShg,Plywood,Plywood,BrkFace,0.0,TA,TA,CBlock,TA,TA,Gd,Rec,936,LwQ,396,396,1728,GasA,TA,Y,SBrkr,1728,0,0,1728,0,0,2,0,4,2,TA,8,Typ,0,Gd,Attchd,1976.0,Unf,2,574,TA,TA,Y,40,0,0,0,0,0,Gd,MnPrv,Shed,0,7,2006,WD,Normal,150900,0.13669804604066135,1728,2.0,48,0,0,0,1,0
942,60,RL,69.0,8755,Pave,Grvl,IR1,Lvl,AllPub,FR2,Gtl,Gilbert,RRNn,Norm,1Fam,2Story,7,5,1999,1999,Gable,CompShg,VinylSd,VinylSd,BrkFace,298.0,Gd,TA,PConc,Gd,TA,No,ALQ,772,Unf,0,220,992,GasA,Ex,Y,SBrkr,1022,1038,0,2060,1,0,2,1,3,1,Gd,8,Typ,1,TA,BuiltIn,1999.0,RFn,2,390,TA,TA,Y,0,0,0,168,0,0,Gd,GdPrv,Shed,0,6,2009,WD,Normal,214000,0.23526724531749657,2060,2.5,25,0,0,0,1,0
943,90,RL,42.0,7711,Pave,Grvl,IR1,Lvl,AllPub,Inside,Gtl,Edwards,Norm,Norm,Duplex,1Story,4,3,1977,1977,Gable,CompShg,MetalSd,MetalSd,BrkFace,0.0,TA,TA,PConc,Gd,TA,Gd,GLQ,1440,Unf,0,0,1440,GasA,TA,Y,SBrkr,1440,0,0,1440,2,0,2,0,4,2,TA,8,Typ,0,Gd,Attchd,1980.0,Unf,0,0,TA,TA,N,321,0,0,0,0,0,Gd,MnPrv,Shed,0,8,2007,Oth,Abnorml,150000,0.18672199170124482,1440,2.0,47,0,0,0,1,0
944,90,RL,100.0,25000,Pave,Grvl,Reg,Low,AllPub,Inside,Gtl,Mitchel,Norm,Norm,Duplex,1Story,5,4,1967,1967,Gable,CompShg,HdBoard,Plywood,BrkFace,0.0,TA,TA,CBlock,TA,TA,Av,Unf,0,Unf,0,1632,1632,GasA,TA,Y,SBrkr,1632,0,0,1632,0,0,2,0,4,2,TA,8,Typ,0,Gd,Attchd,1967.0,Unf,2,576,TA,TA,P,0,0,0,0,0,0,Gd,MnPrv,Shed,0,6,2007,WD,Normal,143000,0.06527738890444382,1632,2.0,57,0,0,0,0,2
945,20,RL,69.0,14375,Pave,Grvl,IR1,Lvl,NoSeWa,CulDSac,Gtl,Timber,Norm,Norm,1Fam,SLvl,6,6,1958,1958,Gable,CompShg,HdBoard,HdBoard,BrkFace,541.0,TA,TA,CBlock,TA,TA,No,GLQ,111,Rec,354,354,819,GasA,Gd,Y,FuseA,1344,0,0,1344,0,1,1,0,3,1,Gd,7,Typ,1,Gd,Basment,1958.0,RFn,2,525,TA,TA,Y,0,118,0,0,233,0,Gd,MnPrv,Shed,0,1,2009,COD,Abnorml,137500,0.09348914858096828,1344,1.0,66,0,0,0,1,0
946,50,RM,98.0,8820,Pave,Grvl,Reg,Lvl,AllPub,Corner,Gtl,OldTown,Norm,Norm,1Fam,1.5Fin,5,6,1890,1996,Hip,CompShg,VinylSd,VinylSd,BrkFace,0.0,TA,TA,BrkTil,TA,TA,No,LwQ,1088,Unf,0,0,1088,GasA,TA,Y,SBrkr,1188,561,120,1869,0,0,1,0,2,1,TA,7,Typ,0,Gd,Detchd,1963.0,Unf,2,456,TA,TA,Y,48,0,244,0,0,0,Gd,MnWw,Shed,0,9,2009,WD,Normal,124900,0.21188073914522162,1749,1.0,134,1,0,0,0,0
947,80,RL,70.0,8163,Pave,Grvl,Reg,Lvl,AllPub,Inside,Gtl,NAmes,Norm,Norm,1Fam,SLvl,5,6,1959,1959,Gable,CompShg,HdBoard,HdBoard,BrkFace,128.0,TA,Gd,CBlock,TA,TA,Av,ALQ,748,BLQ,294,102,1144,GasA,TA,Y,SBrkr,1144,0,0,1144,1,0,1,0,3,1,TA,6,Typ,1,TA,Attchd,1959.0,RFn,1,796,TA,TA,Y,86,0,0,0,0,0,Gd,MnPrv,Shed,0,3,2006,WD,Normal,143000,0.14012738853503184,1144,1.0,65,0,0,0,0,0
948,20,RL,85.0,14536,Pave,Grvl,Reg,Lvl,AllPub,Inside,Gtl,Timber,Norm,Norm,1Fam,1Story,8,5,2002,2003,Hip,CompShg,VinylSd,VinylSd,BrkFace,236.0,Gd,TA,PConc,Gd,TA,Av,GLQ,1300,Unf,0,316,1616,GasA,Ex,Y,SBrkr,1629,0,0,1629,1,0,2,0,3,1,Gd,9,Typ,1,Gd,Attchd,2002.0,Fin,3,808,TA,TA,Y,0,252,0,0,0,0,Gd,MnPrv,Shed,0,11,2007,WD,Normal,270000,0.11205888422645663,1629,2.0,22,0,0,0,0,0
949,60,RL,65.0,14006,Pave,Grvl,IR1,Lvl,AllPub,Inside,Gtl,CollgCr,Norm,Norm,1Fam,2Story,7,5,2002,2002,Gable,CompShg,VinylSd,VinylSd,BrkFace,144.0,Gd,TA,PConc,Gd,TA,No,Unf,0,Unf,0,936,936,GasA,Ex,Y,SBrkr,936,840,0,1776,0,0,2,1,3,1,Gd,7,Typ,1,TA,Attchd,2002.0,RFn,2,474,TA,TA,Y,144,96,0,0,0,0,Gd,MnPrv,Shed,0,2,2006,WD,Normal,192500,0.12679374598415077,1776,2.5,22,0,0,0,1,0
950,20,RL,78.0,9360,Pave,Grvl,Reg,Lvl,AllPub,Inside,Gtl,NWAmes,Norm,Norm,1Fam,1Story,6,7,1972,2006,Hip,CompShg,Plywood,Plywood,BrkFace,0.0,TA,TA,CBlock,TA,TA,No,ALQ,982,Unf,0,179,1161,GasA,TA,Y,SBrkr,1381,0,0,1381,1,0,1,1,3,1,Gd,5,Typ,1,TA,Attchd,1972.0,RFn,2,676,TA,TA,Y,0,0,0,0,0,0,Gd,MnPrv,Shed,0,3,2010,WD,Normal,197500,0.14752697361393013,1381,1.5,52,0,0,0,0,0
951,20,RL,60.0,7200,Pave,Grvl,Reg,Lvl,AllPub,Inside,Gtl,NAmes,Norm,Norm,1Fam,1Story,5,8,1950,2002,Gable,CompShg,VinylSd,VinylSd,BrkFace,0.0,TA,TA,CBlock,TA,TA,No,ALQ,398,BLQ,149,317,864,GasA,Gd,Y,SBrkr,864,0,0,864,1,0,1,0,3,1,Gd,5,Typ,0,Gd,Detchd,1980.0,RFn,2,720,TA,TA,Y,194,0,0,0,0,0,Gd,MnPrv,Shed,0,7,2007,WD,Normal,129000,0.11998333564782669,864,1.0,74,0,0,0,0,0
952,20,RH,60.0,7800,Pave,Grvl,Reg,Lvl,AllPub,Corner,Gtl,SawyerW,Norm,Norm,1Fam,1Story,5,5,1965,1965,Gable,CompShg,VinylSd,VinylSd,BrkFace,0.0,TA,TA,CBlock,TA,TA,No,BLQ,641,Unf,0,187,828,GasA,Gd,Y,SBrkr,965,0,0,965,1,0,1,0,3,1,TA,6,Typ,0,Gd,Detchd,1979.0,Unf,1,300,TA,TA,Y,421,0,0,0,0,0,Gd,MnPrv,Shed,0,7,2006,WD,Abnorml,119900,0.12370208947570824,965,1.0,59,4,0,0,0,0
953,85,RL,60.0,7200,Pave,Grvl,Reg,Lvl,AllPub,Inside,Gtl,CollgCr,Norm,Norm,1Fam,SFoyer,5,8,1972,2003,Gable,CompShg,WdShing,HdBoard,BrkFace,0.0,TA,Gd,CBlock,Gd,TA,Av,GLQ,660,Unf,0,108,768,GasA,Gd,Y,SBrkr,768,0,0,768,0,1,1,0,2,1,TA,5,Typ,0,Gd,Detchd,1974.0,Fin,1,396,TA,TA,Y,192,0,0,0,0,0,Gd,MnPrv,Shed,0,4,2009,WD,Normal,133900,0.10665185390917928,768,1.0,52,0,0,0,0,0
954,60,RL,69.0,11075,Pave,Grvl,IR1,Lvl,AllPub,Inside,Mod,Mitchel,Norm,Norm,1Fam,2Story,5,4,1969,1969,Gable,CompShg,HdBoard,HdBoard,BrkFace,232.0,TA,TA,CBlock,TA,TA,Av,ALQ,562,LwQ,193,29,784,GasA,Ex,Y,SBrkr,1168,800,0,1968,0,1,2,1,4,1,TA,7,Min2,1,Po,Attchd,1969.0,RFn,2,530,TA,TA,Y,305,189,0,0,0,0,Gd,MnPrv,Shed,400,9,2008,WD,Normal,172000,0.17768147345612134,1968,2.5,55,0,0,0,1,0
955,90,RL,35.0,9400,Pave,Grvl,IR1,Lvl,AllPub,CulDSac,Gtl,Edwards,Norm,Norm,Duplex,SFoyer,6,5,1975,1975,Flat,Tar&Grv,WdShing,Plywood,BrkFace,250.0,TA,TA,CBlock,Gd,Gd,Gd,GLQ,945,Unf,0,0,945,GasA,TA,Y,SBrkr,980,0,0,980,0,2,2,0,4,0,TA,4,Typ,0,Gd,Attchd,1980.0,Unf,0,0,TA,TA,Y,0,0,0,0,0,0,Gd,MnPrv,Shed,0,10,2006,WD,AdjLand,127500,0.10424422933730454,980,2.0,49,0,0,0,1,0
956,90,RH,82.0,7136,Pave,Grvl,IR1,HLS,AllPub,Inside,Gtl,Crawfor,Norm,Norm,Duplex,2Story,6,6,1946,1950,Gable,CompShg,MetalSd,MetalSd,BrkFace,423.0,TA,TA,CBlock,Gd,TA,No,Rec,484,Unf,0,495,979,GasA,TA,N,FuseF,979,979,0,1958,0,0,2,0,4,2,TA,8,Typ,0,Gd,Attchd,1946.0,Unf,2,492,TA,TA,Y,0,0,0,0,0,0,Gd,MnPrv,Shed,0,8,2007,WD,Normal,145000,0.274344962869553,1958,2.0,78,4,0,0,1,3
957,160,RM,24.0,1300,Pave,Grvl,Reg,Lvl,AllPub,Inside,Gtl,Blueste,Norm,Norm,TwnhsE,2Story,6,6,1980,1980,Gable,CompShg,MetalSd,MetalSd,BrkFace,0.0,TA,TA,CBlock,Gd,TA,No,ALQ,285,Unf,0,276,561,GasA,TA,Y,SBrkr,561,668,0,1229,0,0,1,1,2,1,TA,5,Typ,1,TA,Attchd,1980.0,Fin,2,462,TA,TA,Y,150,0,0,0,0,0,Gd,GdPrv,Shed,0,5,2009,WD,Normal,124000,0.9446579554189085,1229,1.5,44,1,0,0,0,0
958,20,RL,70.0,7420,Pave,Grvl,Reg,Lvl,AllPub,Inside,Gtl,Sawyer,Norm,Norm,1Fam,1Story,5,5,1962,1962,Hip,CompShg,MetalSd,MetalSd,BrkFace,0.0,TA,TA,CBlock,TA,TA,No,Rec,417,Unf,0,640,1057,GasA,TA,Y,SBrkr,1057,0,0,1057,0,0,1,0,3,1,TA,6,Typ,0,Gd,Detchd,1977.0,Fin,2,576,TA,TA,Y,0,0,0,0,0,0,Gd,MnPrv,Shed,0,4,2007,WD,Normal,132000,0.14243363428109418,1057,1.0,62,0,0,0,0,0
959,20,RL,65.0,8450,Pave,Grvl,Reg,Lvl,AllPub,Inside,Gtl,CollgCr,Norm,Norm,1Fam,1Story,7,5,2003,2003,Gable,CompShg,VinylSd,VinylSd,BrkFace,0.0,Gd,TA,PConc,Gd,TA,Mn,GLQ,699,Unf,0,638,1337,GasA,Ex,Y,SBrkr,1337,0,0,1337,1,0,2,0,3,1,Gd,6,Typ,0,Gd,Attchd,2003.0,RFn,2,531,TA,TA,Y,0,39,0,0,0,0,Gd,MnPrv,Shed,0,10,2007,WD,Normal,185000,0.15820612945213583,1337,2.0,21,0,0,0,0,0
960,160,FV,24.0,2572,Pave,Grvl,Reg,Lvl,AllPub,FR2,Gtl,Somerst,Norm,Norm,Twnhs,2Story,7,5,1999,1999,Hip,CompShg,MetalSd,MetalSd,BrkFace,0.0,Gd,TA,PConc,Gd,TA,No,ALQ,604,Unf,0,92,696,GasA,Ex,Y,SBrkr,696,720,0,1416,1,0,2,1,3,1,Gd,6,Typ,0,Gd,Detchd,1999.0,Unf,2,484,TA,TA,Y,0,44,0,0,0,0,Gd,MnPrv,Shed,0,5,2010,WD,Normal,155000,0.5503303536727555,1416,2.5,25,3,0,0,0,0
961,20,RL,50.0,7207,Pave,Grvl,IR1,Lvl,AllPub,Inside,Gtl,BrkSide,Norm,Norm,1Fam,1Story,5,7,1958,2008,Gable,CompShg,Wd Sdng,Plywood,BrkFace,0.0,TA,Gd,CBlock,TA,TA,Gd,BLQ,696,Unf,0,162,858,GasA,Gd,Y,SBrkr,858,0,0,858,1,0,1,0,2,1,TA,4,Typ,0,Gd,Attchd,1980.0,Unf,0,0,TA,TA,Y,117,0,0,0,0,0,Gd,MnPrv,Shed,0,2,2010,WD,Normal,116500,0.11903440621531632,858,1.0,66,0,0,0,1,0
962,60,RL,69.0,12227,Pave,Grvl,IR1,Lvl,AllPub,Corner,Gtl,NWAmes,PosN,Norm,1Fam,2Story,6,7,1977,1995,Gable,CompShg,HdBoard,HdBoard,BrkFace,424.0,TA,Gd,CBlock,Gd,Gd,No,ALQ,896,Unf,0,434,1330,GasA,TA,Y,SBrkr,1542,1330,0,2872,1,0,2,1,4,1,TA,11,Typ,1,TA,Attchd,1977.0,Fin,2,619,TA,TA,Y,550,282,0,0,0,0,Gd,MnPrv,Shed,0,7,2008,WD,Normal,272000,0.23487078835459602,2872,2.5,47,0,0,0,1,0
963,160,RL,24.0,2308,Pave,Grvl,Reg,Lvl,AllPub,Corner,Gtl,NPkVill,Norm,Norm,TwnhsE,2Story,6,6,1976,1976,Gable,CompShg,Plywood,Brk Cmn,BrkFace,0.0,TA,TA,CBlock,Gd,TA,No,ALQ,556,Unf,0,248,804,GasA,TA,Y,SBrkr,804,744,0,1548,1,0,2,1,3,1,Gd,7,Typ,1,TA,Detchd,1976.0,Unf,2,440,TA,TA,Y,48,0,0,0,0,0,Gd,MnPrv,Shed,0,7,2007,WD,Normal,155000,0.6704200952793417,1548,2.5,48,0,0,0,0,0
964,20,RL,122.0,11923,Pave,Grvl,IR1,Lvl,AllPub,Corner,Gtl,CollgCr,Norm,Norm,1Fam,1Story,9,5,2007,2007,Gable,CompShg,VinylSd,VinylSd,BrkFace,0.0,Gd,TA,PConc,Ex,TA,No,Unf,0,Unf,0,1800,1800,GasA,Ex,Y,SBrkr,1800,0,0,1800,0,0,2,0,2,1,Ex,7,Typ,0,Gd,Attchd,2007.0,Fin,2,702,TA,TA,Y,288,136,0,0,0,0,Gd,MnPrv,Shed,0,5,2009,WD,Normal,239000,0.1509560550150956,1800,2.0,17,0,0,0,1,0
965,60,RL,80.0,11316,Pave,Grvl,Reg,Lvl,AllPub,Corner,Gtl,Timber,Norm,Norm,1Fam,2Story,7,5,2002,2003,Gable,CompShg,VinylSd,VinylSd,BrkFace,44.0,Gd,TA,PConc,Gd,TA,No,GLQ,624,Unf,0,193,817,GasA,Ex,Y,SBrkr,824,1070,0,1894,1,0,2,1,4,1,Gd,8,Typ,1,Gd,BuiltIn,2002.0,Fin,2,510,TA,TA,Y,0,40,0,0,0,0,Gd,MnPrv,Shed,0,2,2010,WD,Normal,214900,0.1673588406821596,1894,2.5,22,0,0,0,0,0
966,60,RL,65.0,10237,Pave,Grvl,Reg,Lvl,AllPub,Inside,Gtl,Gilbert,RRAn,Norm,1Fam,2Story,6,5,2005,2007,Gable,CompShg,VinylSd,VinylSd,BrkFace,0.0,Gd,TA,PConc,Gd,TA,No,Unf,0,Unf,0,783,783,GasA,Ex,Y,SBrkr,783,701,0,1484,0,0,2,1,3,1,Gd,8,Typ,1,Gd,Attchd,2005.0,Fin,2,393,TA,TA,Y,0,72,0,0,0,0,Gd,MnPrv,Shed,0,7,2007,New,Partial,178900,0.1449501855831217,1484,2.5,19,0,0,0,0,0
967,50,RL,130.0,9600,Pave,Grvl,IR1,HLS,AllPub,Inside,Gtl,Crawfor,Norm,Norm,1Fam,1.5Fin,5,7,1940,1950,Gable,CompShg,MetalSd,MetalSd,BrkFace,0.0,Gd,Gd,BrkTil,TA,Fa,No,Rec,428,Unf,0,300,728,GasA,Ex,Y,SBrkr,976,332,0,1308,1,0,1,1,2,1,TA,7,Min2,2,TA,Detchd,1940.0,Unf,1,256,TA,TA,Y,0,70,0,0,0,0,Gd,MnPrv,Shed,0,6,2009,WD,Normal,160000,0.1362358087699198,1308,1.5,84,0,0,0,1,3
968,20,RL,69.0,7390,Pave,Grvl,IR1,Lvl,AllPub,Inside,Gtl,NAmes,Norm,Norm,1Fam,1Story,5,7,1955,1955,Hip,CompShg,Wd Sdng,Wd Sdng,BrkFace,151.0,TA,TA,CBlock,TA,TA,No,ALQ,902,Unf,0,196,1098,GasA,TA,Y,SBrkr,1098,0,0,1098,1,0,1,0,3,1,TA,6,Typ,0,Gd,Attchd,1955.0,Unf,1,260,TA,TA,Y,0,0,0,0,0,0,Gd,MnPrv,Shed,0,7,2008,WD,Normal,135000,0.14855905831416588,1098,1.0,69,0,0,0,1,0
969,50,RM,50.0,5925,Pave,Grvl,Reg,Lvl,AllPub,Inside,Gtl,OldTown,Norm,Norm,1Fam,1.5Fin,3,6,1910,1950,Gable,CompShg,VinylSd,VinylSd,BrkFace,0.0,TA,TA,BrkTil,TA,TA,No,Unf,0,Unf,0,600,600,Grav,Fa,N,SBrkr,600,368,0,968,0,0,1,0,2,1,TA,6,Typ,0,Gd,Attchd,1980.0,Unf,0,0,TA,TA,Y,0,0,0,0,0,0,Gd,GdWo,Shed,0,5,2009,WD,Abnorml,37900,0.1633479581505231,968,1.0,114,1,0,0,0,0
970,190,RL,75.0,10382,Pave,Grvl,Reg,Lvl,AllPub,Inside,Gtl,NAmes,Norm,Norm,2fmCon,SLvl,6,5,1958,1958,Hip,CompShg,HdBoard,HdBoard,BrkFace,105.0,TA,Fa,CBlock,TA,TA,Gd,ALQ,513,Unf,0,75,588,GasA,TA,Y,SBrkr,1095,0,0,1095,1,0,1,0,2,1,TA,6,Typ,0,Gd,Attchd,1958.0,RFn,1,264,TA,TA,Y,0,0,0,0,0,0,Gd,MnPrv,Shed,0,3,2006,ConLD,Normal,140000,0.1054608494654724,1095,1.0,66,0,0,0,0,0
971,50,RL,60.0,10800,Pave,Grvl,Reg,Lvl,AllPub,Inside,Gtl,NAmes,Norm,Norm,1Fam,1.5Fin,4,4,1949,1950,Gable,CompShg,AsbShng,AsbShng,BrkFace,0.0,TA,TA,CBlock,TA,TA,No,Unf,0,Unf,0,720,720,GasA,TA,N,FuseA,720,472,0,1192,0,0,1,1,4,1,TA,6,Typ,0,Gd,Attchd,1980.0,Unf,0,0,TA,TA,Y,0,0,0,0,0,0,Gd,MnPrv,Shed,0,12,2006,WD,Abnorml,135000,0.1103601518377928,1192,1.5,75,0,0,0,0,0
972,160,RL,36.0,2268,Pave,Grvl,Reg,Lvl,AllPub,Inside,Gtl,NridgHt,Norm,Norm,Twnhs,2Story,7,5,2003,2004,Gable,CompShg,VinylSd,Wd Shng,Stone,106.0,Gd,TA,PConc,Gd,TA,No,GLQ,567,Unf,0,197,764,GasA,Ex,Y,SBrkr,764,862,0,1626,0,0,2,0,2,1,Gd,6,Typ,0,Gd,BuiltIn,2003.0,RFn,2,474,TA,TA,Y,0,27,0,0,0,0,Gd,MnPrv,Shed,0,7,2009,WD,Normal,173000,0.7166152490083737,1626,2.0,21,0,0,0,0,0
973,120,RL,55.0,7892,Pave,Grvl,Reg,Lvl,AllPub,Inside,Gtl,SawyerW,Norm,Norm,TwnhsE,1Story,6,5,1979,1979,Gable,CompShg,Plywood,Plywood,BrkFace,0.0,TA,TA,CBlock,Gd,TA,No,Unf,0,Unf,0,918,918,GasA,TA,Y,SBrkr,918,0,0,918,0,0,2,0,2,1,TA,5,Typ,1,TA,Attchd,1979.0,Unf,1,264,TA,TA,Y,28,0,0,0,0,0,Gd,MnPrv,Shed,0,4,2010,WD,Normal,99500,0.11630558722919042,918,2.0,45,0,0,0,0,0
974,20,FV,95.0,11639,Pave,Grvl,Reg,Lvl,AllPub,Corner,Gtl,Somerst,Norm,Norm,1Fam,1Story,7,5,2007,2008,Gable,CompShg,CemntBd,CmentBd,BrkFace,0.0,Gd,TA,PConc,Gd,TA,No,Unf,0,Unf,0,1428,1428,GasA,Ex,Y,SBrkr,1428,0,0,1428,0,0,2,0,3,1,Gd,6,Typ,0,Gd,Attchd,2007.0,Fin,2,480,TA,TA,Y,0,120,0,0,0,0,Gd,MnPrv,Shed,0,12,2008,New,Partial,182000,0.12268041237113401,1428,2.0,17,3,0,0,0,0
975,70,RL,60.0,11414,Pave,Grvl,IR1,Lvl,AllPub,Corner,Gtl,BrkSide,RRAn,Feedr,1Fam,2Story,7,8,1910,1993,Gable,CompShg,HdBoard,HdBoard,BrkFace,0.0,TA,Gd,BrkTil,Gd,TA,No,Unf,0,Unf,0,728,728,GasA,TA,N,SBrkr,1136,883,0,2019,0,0,1,0,3,1,Gd,8,Typ,0,Gd,Detchd,1997.0,Unf,2,532,TA,TA,Y,509,135,0,0,0,0,Gd,GdPrv,Shed,0,10,2009,WD,Normal,167500,0.1768725361366623,2019,1.0,114,0,0,0,1,0
976,160,FV,69.0,2651,Pave,Grvl,Reg,Lvl,AllPub,FR2,Gtl,Somerst,Norm,Norm,Twnhs,2Story,7,5,2000,2000,Gable,CompShg,MetalSd,MetalSd,BrkFace,0.0,Gd,TA,PConc,Gd,TA,No,GLQ,641,Unf,0,32,673,GasA,Ex,Y,SBrkr,673,709,0,1382,1,0,2,1,3,1,Gd,6,Typ,0,Gd,Detchd,2000.0,Unf,2,490,TA,TA,Y,153,50,0,0,0,0,Gd,MnPrv,Shed,0,4,2006,WD,Normal,165000,0.5211161387631976,1382,2.5,24,3,0,0,0,0
977,30,RL,51.0,5900,Pave,Grvl,IR1,Bnk,AllPub,Inside,Gtl,BrkSide,Norm,Norm,1Fam,1Story,4,7,1923,1958,Gable,CompShg,Wd Sdng,Wd Sdng,BrkFace,0.0,TA,TA,PConc,Gd,TA,No,Unf,0,Unf,0,440,440,GasA,TA,Y,FuseA,869,0,0,869,0,0,1,0,2,1,Fa,4,Typ,0,Gd,Attchd,1980.0,Unf,0,0,TA,TA,Y,0,0,0,0,0,0,Gd,MnPrv,Shed,0,8,2006,WD,Normal,85500,0.14726317573292663,869,1.0,101,0,0,0,1,1
978,120,FV,35.0,4274,Pave,Pave,IR1,Lvl,AllPub,Inside,Gtl,Somerst,Norm,Norm,TwnhsE,1Story,7,5,2006,2007,Gable,CompShg,VinylSd,VinylSd,BrkFace,0.0,Gd,TA,PConc,Gd,TA,No,GLQ,1106,Unf,0,135,1241,GasA,Ex,Y,SBrkr,1241,0,0,1241,1,0,1,1,1,1,Gd,4,Typ,0,Gd,Attchd,2007.0,Fin,2,569,TA,TA,Y,0,116,0,0,0,0,Gd,MnPrv,Shed,0,11,2007,New,Partial,199900,0.2902923976608187,1241,1.5,18,3,0,1,1,0
979,20,RL,68.0,9450,Pave,Grvl,Reg,Bnk,AllPub,Inside,Mod,Edwards,Norm,Norm,1Fam,1Story,4,5,1954,1954,Gable,CompShg,MetalSd,MetalSd,BrkFace,0.0,TA,TA,CBlock,TA,TA,No,LwQ,552,Unf,0,342,894,GasA,Ex,Y,SBrkr,894,0,0,894,0,0,1,0,3,1,TA,5,Typ,0,Gd,Detchd,1999.0,Unf,2,400,TA,TA,Y,0,0,0,0,0,0,Gd,MnPrv,Shed,0,5,2007,WD,Abnorml,110000,0.09459316474447148,894,1.0,70,0,0,0,0,1
980,20,RL,80.0,8816,Pave,Grvl,Reg,Lvl,AllPub,Corner,Gtl,Sawyer,Feedr,Norm,1Fam,1Story,5,6,1963,1963,Gable,CompShg,VinylSd,VinylSd,BrkFace,0.0,TA,TA,PConc,TA,TA,No,Rec,651,Unf,0,470,1121,GasA,TA,Y,SBrkr,1121,0,0,1121,1,0,1,0,3,1,TA,5,Typ,0,Gd,Detchd,1963.0,Unf,2,480,TA,TA,Y,0,80,0,0,0,0,Gd,MnPrv,Shed,0,6,2009,WD,Normal,139000,0.12714075082227516,1121,1.0,61,0,0,0,0,0
981,85,RL,69.0,12122,Pave,Grvl,IR1,Lvl,AllPub,Corner,Gtl,NAmes,Norm,Norm,1Fam,SFoyer,7,9,1961,2007,Gable,CompShg,CemntBd,CmentBd,Stone,210.0,Ex,TA,CBlock,TA,TA,Av,ALQ,867,Unf,0,77,944,GasA,Gd,Y,SBrkr,999,0,0,999,1,0,1,0,3,1,Ex,6,Typ,0,Gd,Attchd,1961.0,RFn,2,588,TA,TA,Y,144,76,0,0,0,0,Gd,MnPrv,Shed,0,7,2008,WD,Normal,178400,0.08240534521158129,999,1.0,63,0,0,0,1,0
982,60,RL,98.0,12203,Pave,Grvl,IR1,Lvl,AllPub,Corner,Gtl,NoRidge,Norm,Norm,1Fam,2Story,8,5,1998,1999,Hip,CompShg,VinylSd,VinylSd,BrkFace,975.0,Gd,TA,PConc,Gd,TA,No,GLQ,854,Unf,0,371,1225,GasA,Ex,Y,SBrkr,1276,1336,0,2612,1,0,2,1,4,1,Gd,8,Typ,1,TA,Attchd,1998.0,Fin,3,676,TA,TA,Y,250,0,0,0,0,0,Gd,MnPrv,Shed,0,7,2009,WD,Normal,336000,0.2140281874795149,2612,2.5,26,0,0,0,1,0
983,20,RL,43.0,3182,Pave,Grvl,Reg,Lvl,AllPub,Inside,Gtl,Blmngtn,Norm,Norm,1Fam,1Story,7,5,2007,2007,Gable,CompShg,VinylSd,VinylSd,BrkFace,16.0,Gd,TA,PConc,Gd,TA,Av,Unf,0,Unf,0,1266,1266,GasA,Ex,Y,SBrkr,1266,0,0,1266,0,0,2,0,2,1,Gd,6,Typ,1,Gd,Attchd,2007.0,Fin,2,388,TA,TA,Y,100,16,0,0,0,0,Gd,MnPrv,Shed,0,3,2008,WD,Normal,159895,0.3977379830348728,1266,2.0,17,0,0,0,0,0
984,60,RL,69.0,11250,Pave,Grvl,Reg,Lvl,AllPub,Corner,Gtl,CollgCr,Norm,Norm,1Fam,2Story,8,5,2002,2002,Gable,CompShg,CemntBd,CmentBd,BrkFace,0.0,Gd,TA,PConc,Gd,TA,Mn,Unf,0,Unf,0,1128,1128,GasA,Ex,Y,SBrkr,1149,1141,0,2290,0,0,2,1,4,1,Gd,9,Typ,1,Gd,Attchd,2002.0,Unf,2,779,TA,TA,Y,0,0,0,0,0,0,Gd,MnPrv,Shed,0,5,2008,WD,Normal,255900,0.2035374633365923,2290,2.5,22,0,0,0,0,0
985,90,RL,75.0,10125,Pave,Grvl,Reg,Lvl,AllPub,Inside,Gtl,Mitchel,Norm,Norm,Duplex,1.5Fin,5,5,1977,1977,Gable,CompShg,Plywood,Plywood,BrkFace,0.0,TA,TA,CBlock,TA,TA,No,Unf,0,Unf,0,0,0,GasA,TA,Y,SBrkr,1302,432,0,1734,0,0,2,0,4,2,Gd,8,Typ,0,Gd,Attchd,1977.0,Unf,2,539,TA,TA,Y,0,0,0,0,0,0,Gd,MnPrv,Shed,0,8,2009,COD,Normal,126000,0.17124234643492,1734,2.0,47,0,0,0,0,0
986,190,RL,68.0,10880,Pave,Grvl,Reg,Lvl,AllPub,Inside,Gtl,Edwards,Norm,Norm,2fmCon,1Story,5,5,1950,1950,Gable,CompShg,MetalSd,MetalSd,BrkFace,0.0,TA,TA,CBlock,TA,TA,No,ALQ,1040,Unf,0,124,1164,GasW,TA,N,SBrkr,1164,0,0,1164,1,0,1,0,3,1,TA,5,Typ,0,Gd,Detchd,1950.0,Unf,1,240,TA,TA,Y,0,48,0,0,0,0,Gd,MnPrv,Shed,0,8,2008,ConLD,Normal,125000,0.10697546181417149,1164,1.0,74,0,0,0,0,0
987,50,RM,59.0,5310,Pave,Grvl,Reg,Lvl,AllPub,Corner,Gtl,OldTown,Feedr,Norm,1Fam,1.5Fin,6,8,1910,2003,Hip,CompShg,VinylSd,VinylSd,BrkFace,0.0,TA,Gd,CBlock,TA,Fa,No,Unf,0,Unf,0,485,485,GasA,Gd,Y,SBrkr,1001,634,0,1635,0,0,1,0,2,1,Gd,5,Typ,0,Gd,Attchd,1950.0,Unf,1,255,Fa,TA,Y,394,0,0,0,0,0,Gd,MnPrv,Shed,0,6,2006,WD,Normal,117000,0.307851628695161,1635,1.0,114,1,0,0,0,0
988,20,RL,83.0,10159,Pave,Grvl,IR1,Lvl,AllPub,Inside,Gtl,NridgHt,Norm,Norm,1Fam,1Story,9,5,2009,2010,Hip,CompShg,VinylSd,VinylSd,Stone,450.0,Ex,TA,PConc,Ex,TA,Av,GLQ,1646,Unf,0,284,1930,GasA,Ex,Y,SBrkr,1940,0,0,1940,1,0,2,1,3,1,Ex,8,Typ,1,Gd,Attchd,2010.0,Fin,3,606,TA,TA,Y,168,95,0,0,0,0,Gd,MnPrv,Shed,0,4,2010,New,Partial,395192,0.19094488188976377,1940,2.5,15,0,0,0,1,0
989,60,RL,69.0,12046,Pave,Grvl,IR1,Lvl,AllPub,Inside,Gtl,NWAmes,Norm,Norm,1Fam,2Story,6,6,1976,1976,Gable,CompShg,Plywood,Plywood,BrkFace,298.0,TA,TA,CBlock,TA,TA,No,LwQ,156,Unf,0,692,848,GasA,TA,Y,SBrkr,1118,912,0,2030,0,0,2,1,4,1,Gd,8,Typ,1,TA,Attchd,1976.0,Fin,2,551,TA,TA,Y,0,224,0,0,0,0,Gd,MnPrv,Shed,0,6,2007,WD,Normal,195000,0.168506682161534,2030,2.5,48,0,0,0,1,0
990,60,FV,65.0,8125,Pave,Grvl,Reg,Lvl,AllPub,Inside,Gtl,Somerst,Norm,Norm,1Fam,2Story,7,5,2006,2006,Gable,CompShg,VinylSd,VinylSd,BrkFace,0.0,Gd,TA,PConc,Gd,Gd,No,Unf,0,Unf,0,770,770,GasA,Ex,Y,SBrkr,778,798,0,1576,0,0,2,1,3,1,Gd,6,Typ,0,Gd,Attchd,2006.0,RFn,2,614,TA,TA,Y,0,50,0,0,0,0,Gd,MnPrv,Shed,0,8,2006,New,Partial,197000,0.19394536057100664,1576,2.5,18,3,0,0,0,0
991,60,RL,82.0,9452,Pave,Grvl,Reg,Lvl,AllPub,Inside,Gtl,NoRidge,Norm,Norm,1Fam,2Story,8,5,1997,1998,Gable,CompShg,VinylSd,VinylSd,BrkFace,423.0,Gd,TA,PConc,Gd,TA,No,GLQ,1074,Unf,0,322,1396,GasA,Ex,Y,SBrkr,1407,985,0,2392,1,0,2,1,3,1,Gd,7,Typ,1,TA,Attchd,1997.0,Fin,3,870,TA,TA,Y,0,70,0,0,0,0,Gd,MnPrv,Shed,0,6,2006,WD,Normal,348000,0.25304136253041365,2392,2.5,27,0,0,0,0,0
992,70,RM,121.0,17671,Pave,Grvl,Reg,Lvl,AllPub,Corner,Gtl,OldTown,Artery,Norm,1Fam,2Story,8,9,1882,1986,Gable,CompShg,Wd Sdng,Wd Sdng,BrkFace,0.0,Gd,Gd,BrkTil,TA,TA,No,BLQ,216,Unf,0,700,916,GasA,Gd,Y,SBrkr,916,826,0,1742,0,0,1,1,4,1,Gd,8,Typ,1,Gd,Attchd,1925.0,Unf,2,424,TA,TA,P,0,169,0,0,0,0,Gd,MnPrv,Shed,0,11,2009,WD,Normal,168000,0.0985740153915799,1742,1.5,142,1,0,0,0,0
993,60,RL,80.0,9760,Pave,Grvl,Reg,Lvl,AllPub,Inside,Mod,NAmes,Norm,Norm,1Fam,2Story,6,8,1964,1993,Hip,CompShg,Wd Sdng,Wd Sdng,BrkFace,340.0,TA,TA,CBlock,TA,TA,Gd,BLQ,536,Rec,117,169,822,GasA,Gd,Y,SBrkr,1020,831,0,1851,0,0,2,1,3,1,Gd,7,Typ,1,Fa,Attchd,1964.0,RFn,2,440,TA,TA,Y,239,42,0,0,0,0,Gd,MnWw,Shed,0,7,2007,WD,Normal,187000,0.1896322098145682,1851,2.5,60,0,0,0,0,0
994,60,RL,68.0,8846,Pave,Grvl,Reg,Lvl,AllPub,Inside,Gtl,CollgCr,Norm,Norm,1Fam,2Story,6,5,2005,2006,Gable,CompShg,VinylSd,VinylSd,BrkFace,0.0,TA,TA,PConc,Gd,TA,No,Unf,0,Unf,0,750,750,GasA,Ex,Y,SBrkr,750,750,0,1500,0,0,2,1,3,1,Gd,6,Typ,0,Gd,Attchd,2005.0,RFn,2,564,TA,TA,Y,0,35,0,0,0,0,Gd,MnPrv,Shed,0,8,2006,New,Partial,173900,0.169548999660902,1500,2.5,19,0,0,0,0,0
995,20,RL,96.0,12456,Pave,Grvl,Reg,Lvl,AllPub,FR2,Gtl,NridgHt,Norm,Norm,1Fam,1Story,10,5,2006,2007,Hip,CompShg,CemntBd,CmentBd,Stone,230.0,Ex,TA,PConc,Ex,TA,Gd,GLQ,1172,Unf,0,528,1700,GasA,Ex,Y,SBrkr,1718,0,0,1718,1,0,2,0,3,1,Ex,7,Typ,1,Gd,Attchd,2008.0,Fin,3,786,TA,TA,Y,216,48,0,0,0,0,Gd,MnPrv,Shed,0,7,2009,WD,Normal,337500,0.13791442562414707,1718,2.0,18,0,0,0,0,0
996,50,RL,51.0,4712,Pave,Grvl,IR1,Lvl,AllPub,Inside,Mod,BrkSide,Feedr,Norm,1Fam,1.5Fin,4,7,1946,1950,Gable,CompShg,MetalSd,MetalSd,BrkFace,0.0,TA,TA,CBlock,TA,TA,No,ALQ,384,Unf,0,363,747,GasA,TA,Y,SBrkr,774,456,0,1230,1,0,1,1,3,1,TA,5,Typ,0,Gd,Detchd,1946.0,Unf,1,305,TA,TA,Y,0,57,0,0,63,0,Gd,MnPrv,Shed,0,8,2006,WD,Abnorml,121600,0.2609802673456397,1230,1.5,78,0,0,0,1,0
997,20,RL,69.0,10659,Pave,Grvl,IR1,Lvl,AllPub,Inside,Gtl,NAmes,Norm,Norm,1Fam,1Story,5,6,1961,1961,Hip,CompShg,Wd Sdng,Wd Sdng,BrkFace,0.0,TA,TA,CBlock,TA,TA,No,Rec,915,Unf,0,135,1050,GasA,TA,Y,SBrkr,1050,0,0,1050,1,0,1,0,3,1,TA,6,Typ,0,Gd,Attchd,1961.0,Unf,1,368,TA,TA,Y,0,319,0,0,0,0,Gd,MnPrv,Shed,0,1,2006,COD,Normal,136500,0.09849906191369606,1050,1.0,63,0,0,0,1,0
998,20,RL,69.0,11717,Pave,Grvl,IR1,Lvl,AllPub,Inside,Gtl,NWAmes,PosA,Norm,1Fam,1Story,6,6,1970,1970,Hip,CompShg,HdBoard,HdBoard,BrkFace,571.0,TA,TA,CBlock,TA,TA,No,Unf,0,Unf,0,1442,1442,GasA,TA,Y,SBrkr,1442,0,0,1442,0,0,2,0,2,1,TA,6,Typ,1,TA,Attchd,1970.0,RFn,2,615,TA,TA,Y,371,0,0,0,0,0,Gd,MnPrv,Shed,0,2,2009,WD,Normal,185000,0.12305854241338113,1442,2.0,54,0,0,0,1,0
999,30,RM,60.0,9786,Pave,Grvl,Reg,Lvl,AllPub,Inside,Gtl,IDOTRR,Norm,Norm,1Fam,1Story,3,4,1922,1950,Hip,CompShg,Wd Sdng,Wd Sdng,BrkFace,0.0,TA,TA,BrkTil,TA,Fa,No,Unf,0,Unf,0,1007,1007,GasA,Fa,N,SBrkr,1077,0,0,1077,0,0,1,0,3,1,TA,6,Typ,1,Gd,Detchd,1922.0,Unf,1,210,TA,Fa,P,0,100,48,0,0,0,Gd,MnPrv,Shed,0,5,2006,WD,Normal,91000,0.11004393583324819,1077,1.0,102,1,0,0,0,0
1000,20,RL,64.0,6762,Pave,Grvl,Reg,Lvl,AllPub,Inside,Gtl,CollgCr,Norm,Norm,1Fam,1Story,7,5,2006,2006,Gable,CompShg,VinylSd,VinylSd,Stone,24.0,Gd,TA,PConc,Gd,TA,Av,GLQ,686,Unf,0,501,1187,GasA,Ex,Y,SBrkr,1208,0,0,1208,1,0,2,0,2,1,Gd,6,Typ,0,Gd,Attchd,2006.0,RFn,2,632,TA,TA,Y,105,61,0,0,0,0,Gd,MnPrv,Shed,0,2,2010,WD,Normal,206000,0.17861895608457784,1208,2.0,18,0,0,0,0,0
1001,20,RL,74.0,10206,Pave,Grvl,Reg,Lvl,AllPub,Corner,Gtl,Edwards,Norm,Norm,1Fam,1Story,3,3,1952,1952,Flat,Tar&Grv,BrkComm,Brk Cmn,BrkFace,0.0,TA,TA,Slab,TA,TA,No,Unf,0,Unf,0,0,0,GasW,Fa,N,FuseF,944,0,0,944,0,0,1,0,2,1,Fa,4,Min1,0,Gd,Detchd,1956.0,Unf,2,528,TA,Fa,Y,0,0,0,0,0,0,Gd,MnPrv,Shed,0,7,2009,WD,Normal,82000,0.09248554913294797,944,1.0,72,0,0,0,0,0
1002,30,RL,60.0,5400,Pave,Grvl,Reg,Lvl,AllPub,Corner,Gtl,OldTown,Norm,Norm,1Fam,1Story,5,6,1920,1950,Gable,CompShg,Wd Sdng,Wd Sdng,BrkFace,0.0,TA,TA,BrkTil,Fa,TA,No,Unf,0,Unf,0,691,691,GasA,Ex,Y,FuseA,691,0,0,691,0,0,1,0,2,1,Ex,4,Typ,0,Gd,Detchd,1920.0,Unf,1,216,Fa,TA,N,0,20,94,0,0,0,Gd,MnPrv,Shed,0,1,2007,WD,Abnorml,86000,0.12793927050546194,691,1.0,104,0,0,0,0,0
1003,20,RL,75.0,11957,Pave,Grvl,IR1,Lvl,AllPub,Inside,Gtl,Somerst,RRAn,Norm,1Fam,1Story,8,5,2006,2006,Gable,CompShg,VinylSd,VinylSd,BrkFace,53.0,Gd,TA,PConc,Gd,TA,No,GLQ,24,Unf,0,1550,1574,GasA,Ex,Y,SBrkr,1574,0,0,1574,0,0,2,0,3,1,Gd,7,Typ,1,Gd,Attchd,2006.0,RFn,3,824,TA,TA,Y,144,104,0,0,0,0,Gd,MnPrv,Shed,0,7,2008,WD,Normal,232000,0.13162736243518983,1574,2.0,18,0,0,0,1,0
1004,90,RL,69.0,11500,Pave,Grvl,IR1,Lvl,AllPub,Corner,Gtl,NWAmes,Feedr,RRAn,Duplex,1Story,5,6,1976,1976,Gable,CompShg,VinylSd,VinylSd,BrkFace,164.0,TA,TA,CBlock,TA,TA,No,Unf,0,Unf,0,1680,1680,GasA,Fa,Y,SBrkr,1680,0,0,1680,0,0,2,0,4,2,TA,8,Typ,0,Gd,Detchd,1976.0,Unf,2,528,TA,TA,Y,0,0,0,0,0,0,Gd,MnPrv,Shed,0,6,2007,WD,Normal,136905,0.14607425441265978,1680,2.0,48,0,0,0,1,0
1005,120,RL,43.0,3182,Pave,Grvl,Reg,Lvl,AllPub,Inside,Gtl,Blmngtn,Norm,Norm,TwnhsE,1Story,7,5,2005,2006,Gable,CompShg,VinylSd,VinylSd,BrkFace,16.0,Gd,TA,PConc,Gd,TA,No,GLQ,16,Unf,0,1330,1346,GasA,Ex,Y,SBrkr,1504,0,0,1504,0,0,2,0,1,1,Gd,7,Typ,1,Gd,Attchd,2005.0,Fin,2,457,TA,TA,Y,156,0,0,0,0,0,Gd,MnPrv,Shed,0,5,2009,WD,Normal,181000,0.4725102104932454,1504,2.0,19,0,0,0,0,0
1006,80,RL,65.0,8385,Pave,Grvl,Reg,Lvl,AllPub,Inside,Gtl,CollgCr,Norm,Norm,1Fam,SLvl,5,8,1977,1977,Gable,CompShg,HdBoard,HdBoard,BrkFace,220.0,Gd,TA,CBlock,Gd,Gd,Av,GLQ,595,Unf,0,390,985,GasA,TA,Y,SBrkr,985,0,0,985,0,0,2,0,3,1,TA,6,Typ,0,Gd,Attchd,1977.0,Unf,1,328,TA,TA,Y,210,0,0,0,0,0,Gd,MnPrv,Shed,0,11,2008,WD,Normal,149900,0.11745766754114,985,2.0,47,0,0,0,0,0
1007,20,RL,69.0,12155,Pave,Grvl,IR3,Lvl,AllPub,Inside,Gtl,NAmes,PosN,Norm,1Fam,1Story,6,3,1970,1970,Gable,CompShg,Plywood,Plywood,BrkFace,0.0,TA,TA,CBlock,Gd,TA,No,LwQ,1237,Unf,0,420,1657,GasA,Gd,Y,SBrkr,1657,0,0,1657,0,1,2,0,3,1,TA,7,Typ,1,TA,Attchd,1970.0,Unf,2,484,TA,TA,Y,0,0,0,0,147,0,Gd,MnPrv,Shed,0,3,2007,WD,Normal,163500,0.13631128660743666,1657,2.0,54,0,0,0,3,0
1008,160,RM,21.0,2217,Pave,Grvl,Reg,Lvl,AllPub,Inside,Gtl,MeadowV,Norm,Norm,TwnhsE,2Story,4,4,1970,1970,Gable,CompShg,CemntBd,CmentBd,BrkFace,0.0,TA,TA,CBlock,TA,TA,No,BLQ,273,LwQ,273,0,546,GasA,TA,Y,SBrkr,546,546,0,1092,0,0,1,1,3,1,TA,6,Typ,0,Gd,Attchd,1970.0,RFn,1,286,TA,TA,Y,238,0,0,0,0,0,Gd,MnPrv,Shed,0,8,2009,WD,Normal,88000,0.49233543733092877,1092,1.5,54,1,0,0,0,0
1009,20,RL,43.0,12118,Pave,Grvl,IR1,Lvl,AllPub,CulDSac,Gtl,Mitchel,Norm,Norm,1Fam,1Story,7,5,2004,2005,Hip,CompShg,VinylSd,VinylSd,Stone,108.0,Gd,TA,PConc,Ex,TA,Mn,Unf,0,Unf,0,1710,1710,GasA,Ex,Y,SBrkr,1710,0,0,1710,0,0,2,0,3,1,Gd,7,Typ,1,Gd,Attchd,2004.0,Fin,2,550,TA,TA,Y,100,48,0,0,180,0,Gd,MnPrv,Shed,0,4,2009,WD,Normal,240000,0.14110075088703689,1710,2.0,20,0,0,0,1,0
1010,50,RL,60.0,6000,Pave,Grvl,Reg,Lvl,AllPub,Inside,Gtl,SWISU,Norm,Norm,1Fam,1.5Fin,5,5,1926,1950,Gable,CompShg,Wd Sdng,Wd Sdng,BrkFace,0.0,TA,Fa,BrkTil,TA,TA,No,Unf,0,Unf,0,1008,1008,GasA,Ex,Y,SBrkr,1008,0,514,1522,0,0,2,0,4,1,TA,7,Typ,0,Gd,Attchd,1980.0,Unf,0,0,TA,TA,P,0,0,138,0,0,0,Gd,MnPrv,Shed,0,6,2006,WD,Normal,102000,0.253624395934011,1008,2.0,98,0,0,0,0,0
1011,50,RL,115.0,21286,Pave,Grvl,Reg,Lvl,AllPub,Inside,Gtl,Sawyer,Norm,Norm,1Fam,1.5Fin,5,5,1948,1950,Gable,CompShg,Wd Sdng,Wd Sdng,BrkFace,0.0,TA,TA,CBlock,TA,TA,No,Unf,0,Unf,0,720,720,GasA,TA,Y,SBrkr,720,551,0,1271,0,0,2,0,4,1,TA,7,Typ,1,Gd,Attchd,1948.0,Unf,1,312,TA,TA,Y,0,0,108,0,0,0,Gd,MnPrv,Shed,0,8,2008,WD,Normal,135000,0.05970780288438953,1271,2.0,76,0,0,0,0,0
1012,90,RL,75.0,9825,Pave,Grvl,Reg,Lvl,AllPub,Inside,Gtl,Edwards,Norm,Norm,Duplex,1Story,5,5,1965,1965,Hip,CompShg,AsphShn,AsphShn,BrkFace,0.0,TA,TA,CBlock,TA,TA,No,Unf,0,Unf,0,0,0,GasA,TA,N,SBrkr,1664,0,0,1664,0,0,2,0,4,2,TA,8,Typ,0,Gd,Attchd,1980.0,Unf,0,0,TA,TA,Y,0,0,0,0,0,0,Gd,MnPrv,Shed,0,5,2010,WD,Normal,100000,0.16934663138611847,1664,2.0,59,0,0,0,0,0
1013,70,RL,55.0,10592,Pave,Grvl,Reg,Lvl,AllPub,Inside,Gtl,Crawfor,Norm,Norm,1Fam,2Story,6,7,1923,1996,Hip,CompShg,Wd Sdng,Wd Sdng,BrkFace,0.0,TA,Gd,PConc,TA,Fa,No,Unf,0,Unf,0,602,602,GasA,TA,Y,SBrkr,900,602,0,1502,0,0,1,1,3,1,Gd,7,Typ,2,TA,Detchd,1923.0,Unf,1,180,TA,TA,Y,96,0,112,0,53,0,Gd,MnPrv,Shed,0,8,2007,WD,Normal,165000,0.14179174926838478,1502,1.5,101,0,0,0,0,0
1014,30,RM,60.0,7200,Pave,Grvl,Reg,Lvl,AllPub,Inside,Gtl,OldTown,Norm,Norm,1Fam,1Story,5,4,1910,2006,Hip,CompShg,MetalSd,Stucco,BrkFace,0.0,TA,TA,BrkTil,TA,TA,No,ALQ,247,Rec,465,310,1022,GasW,TA,N,SBrkr,1022,0,0,1022,1,0,1,0,2,1,TA,4,Maj2,0,Gd,Detchd,1956.0,Unf,1,280,TA,TA,Y,0,30,226,0,0,0,Gd,MnPrv,Shed,0,6,2009,WD,Normal,85000,0.1419247326760172,1022,1.0,114,1,0,0,0,0
1015,20,RL,60.0,11664,Pave,Grvl,Reg,Lvl,AllPub,Inside,Gtl,NAmes,Artery,Norm,1Fam,1Story,6,5,1948,1950,Gable,CompShg,MetalSd,MetalSd,BrkFace,206.0,TA,TA,CBlock,TA,Fa,No,BLQ,336,Unf,0,746,1082,GasA,TA,Y,SBrkr,1082,0,0,1082,0,0,1,0,2,1,TA,5,Typ,1,Gd,Detchd,1948.0,Unf,1,240,TA,TA,Y,0,130,0,0,0,0,Gd,MnPrv,Shed,0,11,2007,WD,Normal,119200,0.09275610801543077,1082,1.0,76,0,0,0,0,0
1016,60,RL,70.0,8400,Pave,Grvl,Reg,Lvl,AllPub,Inside,Gtl,NWAmes,Norm,Norm,1Fam,2Story,8,6,2001,2001,Gable,CompShg,VinylSd,VinylSd,BrkFace,0.0,Gd,TA,PConc,Gd,TA,No,GLQ,643,Unf,0,167,810,GasA,Ex,Y,SBrkr,810,855,0,1665,1,0,2,1,3,1,Gd,6,Typ,0,Gd,Attchd,2001.0,Fin,2,528,TA,TA,Y,0,45,0,0,0,0,Gd,MnPrv,Shed,0,11,2009,WD,Normal,227000,0.1981906915843352,1665,2.5,23,0,0,0,0,0
1017,20,RL,73.0,11883,Pave,Grvl,Reg,Lvl,AllPub,Inside,Gtl,CollgCr,Norm,Norm,1Fam,1Story,7,5,1996,1996,Hip,CompShg,VinylSd,VinylSd,BrkFace,196.0,Gd,TA,PConc,Gd,TA,Gd,GLQ,690,Unf,0,814,1504,GasA,Ex,Y,SBrkr,1504,0,0,1504,1,0,2,0,3,1,Gd,6,Typ,1,TA,Attchd,1996.0,Fin,2,478,TA,TA,Y,115,66,0,0,0,0,Gd,MnPrv,Shed,0,6,2009,WD,Normal,203000,0.12655671491080445,1504,2.0,28,0,0,0,0,0
1018,120,RL,69.0,5814,Pave,Grvl,IR1,Lvl,AllPub,CulDSac,Gtl,StoneBr,Norm,Norm,TwnhsE,1Story,8,5,1984,1984,Gable,CompShg,HdBoard,HdBoard,BrkFace,0.0,Gd,TA,CBlock,Gd,TA,Av,GLQ,1036,Unf,0,184,1220,GasA,Gd,Y,SBrkr,1360,0,0,1360,1,0,1,0,1,1,Gd,4,Typ,1,Ex,Attchd,1984.0,RFn,2,565,TA,TA,Y,63,0,0,0,0,0,Gd,MnPrv,Shed,0,8,2009,COD,Abnorml,187500,0.23387790197764402,1360,1.0,40,0,0,0,1,0
1019,80,RL,69.0,10784,Pave,Grvl,IR1,Lvl,AllPub,FR2,Gtl,Gilbert,Norm,Norm,1Fam,SLvl,7,5,1991,1992,Gable,CompShg,HdBoard,HdBoard,BrkFace,76.0,Gd,TA,PConc,Gd,TA,No,Unf,0,Unf,0,384,384,GasA,Gd,Y,SBrkr,802,670,0,1472,0,0,2,1,3,1,Gd,7,Typ,1,TA,Attchd,1991.0,RFn,2,402,TA,TA,Y,164,0,0,0,0,0,Gd,MnPrv,Shed,0,5,2007,WD,Normal,160000,0.13648585999072788,1472,2.5,33,0,0,0,1,0
1020,120,RL,43.0,3013,Pave,Grvl,Reg,Lvl,AllPub,Inside,Gtl,Blmngtn,Norm,Norm,TwnhsE,1Story,7,5,2005,2005,Gable,CompShg,VinylSd,VinylSd,BrkFace,145.0,Gd,TA,PConc,Gd,TA,Gd,GLQ,16,Unf,0,1346,1362,GasA,Ex,Y,SBrkr,1506,0,0,1506,0,0,2,0,2,1,Gd,6,Typ,1,Gd,Attchd,2005.0,Fin,2,440,TA,TA,Y,142,20,0,0,0,0,Gd,MnPrv,Shed,0,4,2006,WD,Normal,213490,0.4996682149966821,1506,2.0,19,0,0,0,0,0
1021,20,RL,60.0,7024,Pave,Grvl,Reg,Lvl,AllPub,Inside,Gtl,Edwards,Norm,Norm,1Fam,1Story,4,5,2005,2005,Gable,CompShg,VinylSd,VinylSd,BrkFace,0.0,TA,TA,PConc,Gd,TA,No,GLQ,1024,Unf,0,108,1132,GasA,Ex,Y,SBrkr,1132,0,0,1132,1,0,1,1,2,1,Gd,5,Typ,0,Gd,Attchd,2005.0,Fin,2,451,TA,TA,Y,252,64,0,0,0,0,Gd,MnPrv,Shed,0,6,2008,WD,Normal,176000,0.16113879003558718,1132,1.5,19,0,0,0,0,0
1022,20,RL,64.0,7406,Pave,Grvl,Reg,Lvl,AllPub,Inside,Gtl,CollgCr,Norm,Norm,1Fam,1Story,7,5,2006,2006,Gable,CompShg,VinylSd,VinylSd,Stone,84.0,Gd,TA,PConc,Gd,TA,Av,GLQ,684,Unf,0,515,1199,GasA,Ex,Y,SBrkr,1220,0,0,1220,1,0,2,0,2,1,Gd,6,Typ,0,Gd,Attchd,2006.0,RFn,2,632,TA,TA,Y,105,54,0,0,0,0,Gd,MnPrv,Shed,0,7,2006,New,Partial,194000,0.1647090589982449,1220,2.0,18,0,0,0,0,0
1023,50,RM,52.0,9439,Pave,Grvl,Reg,Lvl,AllPub,Inside,Gtl,OldTown,Norm,Norm,1Fam,1.5Fin,5,5,1930,1950,Gable,CompShg,Wd Sdng,Wd Sdng,BrkFace,0.0,TA,TA,CBlock,TA,TA,No,LwQ,324,Unf,0,588,912,GasA,Gd,Y,FuseA,912,336,0,1248,0,0,1,0,2,1,TA,6,Typ,0,Gd,Detchd,1957.0,Unf,1,160,Fa,Fa,Y,0,0,192,0,0,0,Gd,MnPrv,Shed,0,3,2007,WD,Normal,87000,0.13220338983050847,1248,1.0,94,1,0,0,0,0
1024,120,RL,43.0,3182,Pave,Grvl,Reg,Lvl,AllPub,Inside,Gtl,Blmngtn,Norm,Norm,TwnhsE,1Story,7,5,2005,2006,Gable,CompShg,VinylSd,VinylSd,BrkFace,14.0,Gd,TA,PConc,Gd,Gd,No,GLQ,16,Unf,0,1330,1346,GasA,Ex,Y,SBrkr,1504,0,0,1504,0,0,2,0,2,1,Gd,7,Typ,1,Gd,Attchd,2005.0,Fin,2,437,TA,TA,Y,156,20,0,0,0,0,Gd,MnPrv,Shed,0,5,2008,WD,Normal,191000,0.4725102104932454,1504,2.0,19,0,0,0,0,0
1025,20,RL,69.0,15498,Pave,Grvl,IR1,Lvl,AllPub,Corner,Gtl,Timber,Norm,Norm,1Fam,1Story,8,6,1976,1976,Hip,WdShake,Stone,HdBoard,BrkFace,0.0,Gd,TA,CBlock,Gd,TA,Av,ALQ,1165,LwQ,400,0,1565,GasA,TA,Y,SBrkr,2898,0,0,2898,1,0,2,0,2,1,Gd,10,Typ,1,Gd,Attchd,1976.0,Fin,2,665,TA,TA,Y,0,72,174,0,0,0,Gd,MnPrv,Shed,0,5,2008,COD,Abnorml,287000,0.18697980514871929,2898,2.0,48,0,0,0,1,0
1026,20,RL,70.0,7700,Pave,Grvl,Reg,Lvl,AllPub,Corner,Gtl,CollgCr,Norm,Norm,1Fam,1Story,5,5,1972,1972,Gable,CompShg,VinylSd,VinylSd,BrkFace,0.0,TA,TA,CBlock,TA,TA,No,LwQ,138,Rec,468,276,882,GasA,TA,Y,SBrkr,882,0,0,882,1,0,1,0,3,1,TA,5,Typ,0,Gd,Detchd,1980.0,Unf,2,461,TA,TA,Y,96,0,0,0,0,0,Gd,MnPrv,Shed,0,3,2007,WD,Normal,112500,0.11453058044409817,882,1.0,52,0,0,0,0,0
1027,20,RL,73.0,9300,Pave,Grvl,Reg,Lvl,AllPub,Inside,Gtl,NAmes,Feedr,Norm,1Fam,1Story,5,5,1960,1960,Gable,CompShg,MetalSd,HdBoard,BrkFace,324.0,TA,TA,CBlock,TA,TA,No,Rec,697,Unf,0,571,1268,GasA,TA,Y,SBrkr,1264,0,0,1264,1,0,1,0,3,1,TA,6,Typ,2,Gd,Attchd,1960.0,Unf,2,461,TA,TA,Y,0,0,0,0,143,0,Gd,MnPrv,Shed,0,4,2010,WD,Normal,167500,0.1358993656596065,1264,1.0,64,0,0,0,0,0
1028,20,RL,71.0,9520,Pave,Grvl,IR1,HLS,AllPub,Inside,Gtl,Timber,Norm,Norm,1Fam,1Story,8,5,2007,2008,Gable,CompShg,VinylSd,VinylSd,Stone,338.0,Gd,TA,PConc,Gd,TA,Gd,GLQ,1513,Unf,0,125,1638,GasA,Ex,Y,SBrkr,1646,0,0,1646,1,0,2,0,3,1,Gd,7,Typ,1,Gd,Attchd,2008.0,RFn,3,800,TA,TA,Y,192,44,0,0,0,0,Gd,MnPrv,Shed,0,4,2008,New,Partial,293077,0.17288099989496902,1646,2.0,17,0,0,0,1,3
1029,50,RL,79.0,9492,Pave,Grvl,Reg,Lvl,AllPub,Inside,Gtl,NAmes,Artery,Norm,1Fam,1.5Fin,5,5,1941,1950,Gable,CompShg,WdShing,Wd Shng,BrkFace,0.0,TA,TA,CBlock,TA,TA,No,Rec,368,BLQ,41,359,768,GasA,TA,Y,SBrkr,968,408,0,1376,1,0,1,0,3,1,TA,6,Typ,1,Gd,Attchd,1941.0,Unf,1,240,TA,TA,Y,0,0,0,0,0,0,Gd,MnPrv,Shed,0,4,2007,WD,Normal,105000,0.14494890972295377,1376,1.0,83,0,0,0,0,0
1030,160,RM,21.0,1680,Pave,Grvl,Reg,Lvl,AllPub,Inside,Gtl,BrDale,Norm,Norm,Twnhs,2Story,6,7,1972,1972,Gable,CompShg,HdBoard,HdBoard,BrkFace,281.0,TA,TA,CBlock,TA,TA,No,BLQ,317,Unf,0,355,672,GasA,Gd,Y,SBrkr,672,546,0,1218,0,1,1,1,3,1,TA,7,Typ,0,Gd,Detchd,1972.0,Unf,1,264,TA,TA,Y,0,28,0,0,0,0,Gd,MnPrv,Shed,0,5,2006,WD,Normal,118000,0.7245687091017252,1218,1.5,52,1,0,0,0,0
1031,190,RH,69.0,7082,Pave,Grvl,Reg,Lvl,AllPub,Inside,Gtl,SWISU,Norm,Norm,2fmCon,2Story,5,8,1916,1995,Gable,CompShg,VinylSd,VinylSd,BrkFace,0.0,TA,TA,PConc,TA,TA,Mn,Unf,0,Unf,0,686,686,GasA,Gd,Y,SBrkr,948,980,0,1928,0,0,2,0,5,2,TA,10,Typ,0,Gd,Attchd,1980.0,Unf,0,0,TA,TA,N,0,0,228,0,0,0,Gd,MnPrv,Shed,0,7,2006,WD,Normal,160000,0.2722010447550473,1928,2.0,108,4,0,0,0,0
1032,75,RL,102.0,15863,Pave,Grvl,Reg,Lvl,AllPub,Corner,Gtl,SWISU,Norm,Norm,1Fam,2.5Fin,7,3,1920,1970,Gable,CompShg,Wd Sdng,Plywood,BrkFace,0.0,TA,TA,BrkTil,TA,TA,No,GLQ,523,Unf,0,301,824,GasA,Ex,Y,SBrkr,1687,998,397,3082,1,0,2,1,5,1,TA,12,Typ,2,TA,Basment,1970.0,Fin,2,672,TA,TA,Y,136,63,0,0,0,0,Gd,MnPrv,Shed,0,8,2009,WD,Normal,197000,0.19427634896621282,2685,2.5,104,0,0,0,0,0
1033,60,RL,69.0,14541,Pave,Grvl,IR1,Lvl,AllPub,Corner,Gtl,NoRidge,Norm,Norm,1Fam,2Story,8,7,1993,1993,Gable,CompShg,MetalSd,MetalSd,BrkFace,0.0,Gd,Gd,PConc,Gd,Gd,No,GLQ,1012,Unf,0,326,1338,GasA,Ex,Y,SBrkr,1352,1168,0,2520,1,0,2,1,5,1,Gd,10,Typ,1,TA,Attchd,1993.0,RFn,3,796,TA,TA,Y,209,55,0,0,0,0,Gd,MnPrv,Shed,0,11,2006,WD,Abnorml,310000,0.1732911566497043,2520,2.5,31,0,0,0,1,0
1034,20,RL,69.0,8125,Pave,Grvl,Reg,Lvl,AllPub,Inside,Gtl,CollgCr,Norm,Norm,1Fam,1Story,7,5,2002,2002,Gable,CompShg,VinylSd,VinylSd,Stone,295.0,Gd,TA,PConc,Gd,TA,No,GLQ,986,Unf,0,668,1654,GasA,Ex,Y,SBrkr,1654,0,0,1654,1,0,2,0,3,1,Gd,6,Typ,0,Gd,Attchd,2002.0,Unf,3,900,TA,TA,Y,0,136,0,0,0,0,Gd,MnPrv,Shed,0,2,2006,WD,Normal,230000,0.20354417917794734,1654,2.0,22,0,0,0,0,0
1035,30,RL,50.0,6305,Pave,Grvl,Reg,Bnk,AllPub,Inside,Gtl,Crawfor,Norm,Norm,1Fam,1Story,5,7,1938,1950,Gable,CompShg,MetalSd,MetalSd,BrkFace,0.0,TA,Gd,PConc,Fa,Fa,No,Unf,0,Unf,0,920,920,GasA,Ex,Y,SBrkr,954,0,0,954,0,0,1,0,2,1,Fa,5,Typ,1,Gd,Basment,1938.0,Unf,1,240,Fa,TA,Y,0,0,0,0,0,0,Gd,MnPrv,Shed,0,6,2007,WD,Normal,119750,0.15128449096098953,954,1.0,86,0,0,0,0,1
1036,20,RL,69.0,11500,Pave,Grvl,IR1,Lvl,AllPub,CulDSac,Gtl,Edwards,Norm,Norm,1Fam,1Story,4,3,1957,1957,Gable,CompShg,Wd Sdng,Wd Sdng,BrkFace,0.0,TA,Gd,Slab,TA,TA,No,Unf,0,Unf,0,0,0,GasA,Ex,N,SBrkr,845,0,0,845,0,0,1,0,3,1,TA,5,Typ,0,Gd,Detchd,1957.0,Unf,1,290,TA,TA,N,186,0,0,0,0,0,Gd,MnPrv,Shed,0,1,2009,WD,Normal,84000,0.07347187201112947,845,1.0,67,0,0,0,1,0
1037,20,RL,89.0,12898,Pave,Grvl,IR1,HLS,AllPub,Inside,Gtl,Timber,Norm,Norm,1Fam,1Story,9,5,2007,2008,Hip,CompShg,VinylSd,VinylSd,Stone,70.0,Gd,TA,PConc,Ex,TA,Gd,GLQ,1022,Unf,0,598,1620,GasA,Ex,Y,SBrkr,1620,0,0,1620,1,0,2,0,2,1,Ex,6,Typ,1,Ex,Attchd,2008.0,Fin,3,912,TA,TA,Y,228,0,0,0,0,0,Gd,MnPrv,Shed,0,9,2009,WD,Normal,315500,0.12559113109543377,1620,2.0,17,0,0,0,1,3
1038,60,RL,69.0,9240,Pave,Grvl,Reg,Lvl,AllPub,Inside,Gtl,CollgCr,Norm,Norm,1Fam,2Story,8,5,2001,2002,Gable,CompShg,VinylSd,VinylSd,BrkFace,396.0,Gd,TA,PConc,Gd,TA,No,Unf,0,Unf,0,1055,1055,GasA,Ex,Y,SBrkr,1055,1208,0,2263,0,0,2,1,3,1,Gd,7,Typ,1,TA,BuiltIn,2001.0,Fin,2,905,TA,TA,Y,0,45,0,0,189,0,Gd,MnPrv,Shed,0,9,2008,WD,Normal,287000,0.24488691700032464,2263,2.5,23,0,0,0,0,0
1039,160,RM,21.0,1533,Pave,Grvl,Reg,Lvl,AllPub,Inside,Gtl,MeadowV,Norm,Norm,Twnhs,2Story,4,6,1970,2008,Gable,CompShg,CemntBd,CmentBd,BrkFace,0.0,TA,TA,CBlock,TA,TA,No,Unf,0,Unf,0,546,546,GasA,TA,Y,SBrkr,798,546,0,1344,0,0,1,1,3,1,TA,6,Typ,1,TA,Attchd,1980.0,Unf,0,0,TA,TA,Y,0,0,0,0,0,0,Gd,MnPrv,Shed,0,5,2009,WD,Normal,97000,0.8761408083441982,1344,1.5,54,1,0,0,0,0
1040,180,RM,21.0,1477,Pave,Grvl,Reg,Lvl,AllPub,Inside,Gtl,MeadowV,Norm,Norm,TwnhsE,SFoyer,4,4,1970,1970,Gable,CompShg,CemntBd,CmentBd,BrkFace,0.0,TA,TA,CBlock,Gd,TA,Av,GLQ,509,Unf,0,121,630,GasA,TA,Y,SBrkr,630,0,0,630,1,0,1,0,1,1,TA,3,Typ,0,Gd,Attchd,1970.0,Unf,1,286,TA,TA,Y,0,0,0,0,0,0,Gd,MnPrv,Shed,0,4,2009,WD,Normal,80000,0.42625169147496617,630,1.0,54,1,0,0,0,0
1041,20,RL,88.0,13125,Pave,Grvl,Reg,Lvl,AllPub,Corner,Gtl,Sawyer,Norm,Norm,1Fam,1Story,5,4,1957,2000,Gable,CompShg,Wd Sdng,Wd Sdng,BrkCmn,67.0,TA,TA,CBlock,TA,TA,No,Rec,168,BLQ,682,284,1134,GasA,Ex,Y,SBrkr,1803,0,0,1803,1,0,2,0,3,1,TA,8,Maj1,1,TA,Attchd,1957.0,RFn,2,484,TA,TA,Y,0,0,0,0,0,0,Gd,GdPrv,Shed,0,1,2006,WD,Normal,155000,0.13736096297424957,1803,2.0,67,0,0,0,0,0
1042,60,RL,69.0,9130,Pave,Grvl,Reg,Lvl,AllPub,Inside,Gtl,NWAmes,Feedr,Norm,1Fam,2Story,6,8,1966,2000,Hip,CompShg,HdBoard,HdBoard,BrkFace,252.0,TA,TA,CBlock,TA,TA,No,GLQ,400,Rec,64,336,800,GasA,Gd,Y,SBrkr,800,832,0,1632,0,1,1,1,4,1,Gd,7,Typ,0,Gd,Attchd,1966.0,Unf,2,484,TA,TA,Y,0,40,0,0,0,0,Gd,MnPrv,Shed,0,7,2008,WD,Normal,173000,0.17873179279377943,1632,1.5,58,0,0,0,0,0
1043,120,RL,34.0,5381,Pave,Grvl,IR1,Lvl,AllPub,Inside,Gtl,NridgHt,Norm,Norm,Twnhs,1Story,6,5,2005,2005,Gable,CompShg,VinylSd,VinylSd,Stone,135.0,Gd,TA,PConc,Gd,TA,Av,ALQ,900,Unf,0,406,1306,GasA,Ex,Y,SBrkr,1306,0,0,1306,1,0,2,0,1,1,Gd,5,Typ,1,Gd,Attchd,2005.0,RFn,2,624,TA,TA,Y,170,63,0,0,0,0,Gd,MnPrv,Shed,0,8,2009,WD,Normal,196000,0.2426607209215905,1306,2.0,19,0,0,0,1,0
1044,60,RL,86.0,11839,Pave,Grvl,Reg,Lvl,AllPub,Inside,Gtl,SawyerW,Norm,Norm,1Fam,2Story,7,5,1990,1990,Hip,CompShg,HdBoard,HdBoard,BrkFace,99.0,TA,TA,PConc,Gd,TA,No,GLQ,1085,Unf,0,390,1475,GasA,Ex,Y,SBrkr,1532,797,0,2329,1,0,2,1,4,1,Gd,10,Typ,1,Ex,Attchd,1990.0,Unf,2,514,TA,TA,Y,192,121,0,0,0,0,Gd,MnPrv,Shed,0,5,2008,WD,Normal,262280,0.1967060810810811,2329,2.5,34,0,0,0,0,0
1045,20,RL,80.0,9600,Pave,Grvl,Reg,Lvl,AllPub,Inside,Gtl,NWAmes,PosN,Norm,1Fam,1Story,8,5,1981,1981,Hip,WdShngl,BrkFace,BrkFace,BrkFace,0.0,Gd,TA,PConc,Gd,TA,No,ALQ,1104,Unf,0,1420,2524,GasA,TA,Y,SBrkr,2524,0,0,2524,1,0,2,1,4,1,Gd,9,Typ,1,Gd,Attchd,1981.0,Fin,2,542,TA,TA,Y,474,120,0,0,0,0,Gd,MnPrv,Shed,0,7,2009,WD,Normal,278000,0.2628892823664202,2524,2.5,43,0,0,0,0,0
1046,20,RL,69.0,13680,Pave,Grvl,IR1,Lvl,AllPub,CulDSac,Gtl,Edwards,Norm,Norm,1Fam,1Story,3,5,1955,1955,Hip,CompShg,BrkFace,Wd Sdng,BrkFace,0.0,TA,TA,Slab,TA,TA,No,Unf,0,Unf,0,0,0,GasA,Ex,Y,FuseA,1733,0,0,1733,0,0,2,0,4,1,TA,8,Min2,1,Gd,Attchd,1955.0,Unf,2,452,TA,TA,Y,0,0,0,0,0,0,Gd,MnPrv,Shed,0,6,2009,WD,Normal,139600,0.12667202689861853,1733,2.0,69,0,0,0,1,0
1047,60,RL,85.0,16056,Pave,Grvl,IR1,Lvl,AllPub,Inside,Gtl,StoneBr,Norm,Norm,1Fam,2Story,9,5,2005,2006,Hip,CompShg,CemntBd,CmentBd,Stone,208.0,Gd,TA,PConc,Ex,TA,Av,GLQ,240,Unf,0,1752,1992,GasA,Ex,Y,SBrkr,1992,876,0,2868,0,0,3,1,4,1,Ex,11,Typ,1,Gd,BuiltIn,2005.0,Fin,3,716,TA,TA,Y,214,108,0,0,0,0,Gd,MnPrv,Shed,0,7,2006,New,Partial,556581,0.17861368873388553,2868,3.5,19,0,0,0,1,0
1048,20,RL,57.0,9245,Pave,Grvl,IR2,Lvl,AllPub,Inside,Gtl,CollgCr,Norm,Norm,1Fam,1Story,5,5,1994,1995,Gable,CompShg,VinylSd,VinylSd,BrkFace,0.0,TA,TA,PConc,Gd,TA,No,GLQ,686,Unf,0,304,990,GasA,Ex,Y,SBrkr,990,0,0,990,0,1,1,0,3,1,TA,5,Typ,0,Gd,Detchd,1996.0,Unf,2,672,TA,TA,Y,0,0,0,0,0,0,Gd,MnPrv,Shed,0,2,2008,WD,Normal,145000,0.10707332900713822,990,1.0,30,0,0,0,2,0
1049,20,RL,100.0,21750,Pave,Grvl,Reg,Lvl,AllPub,Inside,Gtl,Mitchel,Norm,Norm,1Fam,1Story,5,4,1960,2006,Hip,CompShg,HdBoard,HdBoard,BrkFace,75.0,TA,Fa,Slab,TA,TA,No,Unf,0,Unf,0,0,0,GasA,TA,Y,SBrkr,1771,0,0,1771,0,0,1,0,3,1,TA,9,Min1,1,TA,Attchd,1960.0,Unf,2,336,TA,TA,Y,0,0,0,0,0,0,Gd,GdPrv,Shed,0,11,2009,WD,Normal,115000,0.08142154383706496,1771,1.0,64,0,0,0,0,0
1050,20,RL,60.0,11100,Pave,Grvl,Reg,Low,AllPub,Inside,Gtl,Edwards,Norm,Norm,1Fam,1Story,4,7,1946,2006,Gable,CompShg,MetalSd,MetalSd,BrkFace,0.0,TA,TA,CBlock,TA,TA,No,Unf,0,Unf,0,0,0,GasA,Ex,Y,SBrkr,930,0,0,930,0,0,1,0,2,1,Gd,6,Typ,0,Gd,Detchd,1946.0,Unf,1,308,TA,TA,Y,0,0,0,0,0,0,Gd,MnPrv,Shed,0,4,2010,WD,Abnorml,84900,0.08377623637510134,930,1.0,78,0,0,0,0,2
1051,20,RL,73.0,8993,Pave,Grvl,IR1,Lvl,AllPub,Inside,Gtl,Gilbert,Norm,Norm,1Fam,1Story,7,5,2007,2007,Gable,CompShg,VinylSd,VinylSd,BrkFace,0.0,Gd,TA,PConc,Gd,TA,Av,Unf,0,Unf,0,1302,1302,GasA,Ex,Y,SBrkr,1302,0,0,1302,0,0,2,0,3,1,Gd,6,Typ,0,Gd,Attchd,2007.0,Fin,2,436,TA,TA,Y,0,22,0,0,0,0,Gd,MnPrv,Shed,0,8,2007,New,Partial,176485,0.1447631754503002,1302,2.0,17,0,0,0,1,0
1052,20,RL,103.0,11175,Pave,Grvl,IR1,Lvl,AllPub,Corner,Gtl,CollgCr,Norm,Norm,1Fam,1Story,7,5,2007,2007,Gable,CompShg,VinylSd,VinylSd,BrkFace,0.0,Gd,TA,PConc,Gd,TA,Av,Unf,0,Unf,0,1316,1316,GasA,Ex,Y,SBrkr,1316,0,0,1316,0,0,2,0,3,1,Gd,6,Typ,1,Gd,Attchd,2007.0,Fin,2,440,TA,TA,Y,0,20,0,0,0,0,Gd,MnPrv,Shed,0,10,2007,New,Partial,200141,0.11775232641374374,1316,2.0,17,0,0,0,1,0
1053,60,RL,100.0,9500,Pave,Grvl,Reg,Lvl,AllPub,Corner,Gtl,NAmes,Artery,Norm,1Fam,2Story,6,6,1964,1978,Gable,CompShg,VinylSd,VinylSd,BrkCmn,272.0,TA,TA,CBlock,TA,TA,No,Rec,442,Unf,0,374,816,GasA,TA,Y,SBrkr,1127,850,0,1977,0,1,1,1,4,1,TA,9,Typ,1,TA,Attchd,1964.0,RFn,2,540,TA,TA,Y,0,52,0,0,0,0,Gd,GdPrv,Shed,0,6,2007,WD,Normal,165000,0.20808335964635302,1977,1.5,60,0,0,0,0,0
1054,20,RL,68.0,8562,Pave,Grvl,Reg,Lvl,AllPub,Inside,Mod,Edwards,Norm,Norm,1Fam,1Story,5,6,1957,2002,Hip,CompShg,HdBoard,HdBoard,Stone,145.0,TA,TA,CBlock,TA,TA,Av,Rec,383,Unf,0,833,1216,GasA,Ex,Y,FuseA,1526,0,0,1526,0,0,1,0,4,1,TA,7,Min2,1,Gd,Basment,1957.0,Unf,1,364,TA,TA,Y,116,78,0,0,0,0,Gd,MnPrv,Shed,0,5,2010,WD,Normal,144500,0.17820857176223287,1526,1.0,67,0,0,0,0,0
1055,60,RL,90.0,11367,Pave,Grvl,Reg,Lvl,AllPub,Corner,Gtl,CollgCr,Norm,Norm,1Fam,2Story,8,5,2002,2002,Gable,CompShg,VinylSd,VinylSd,BrkFace,210.0,Gd,TA,PConc,Gd,TA,Mn,GLQ,932,Unf,0,133,1065,GasA,Ex,Y,SBrkr,1091,898,0,1989,1,0,2,1,3,1,Gd,7,Typ,1,Gd,Attchd,2002.0,Fin,2,586,TA,TA,Y,199,60,0,0,0,0,Gd,MnPrv,Shed,0,11,2006,WD,Normal,255000,0.17496481351161153,1989,2.5,22,0,0,0,0,0
1056,20,RL,104.0,11361,Pave,Grvl,Reg,Lvl,AllPub,Inside,Gtl,NWAmes,Norm,Norm,1Fam,1Story,6,5,1976,1976,Gable,CompShg,Plywood,Plywood,BrkFace,160.0,TA,TA,CBlock,Gd,TA,No,ALQ,644,Unf,0,549,1193,GasA,TA,Y,SBrkr,1523,0,0,1523,0,1,2,0,3,1,TA,7,Typ,1,TA,Attchd,1976.0,Fin,2,478,TA,TA,Y,0,0,0,0,189,0,Gd,MnPrv,Shed,0,5,2008,COD,Abnorml,180000,0.1340433022355219,1523,2.0,48,0,0,0,0,0
1057,120,RL,43.0,7052,Pave,Grvl,IR1,Lvl,AllPub,Inside,Gtl,NridgHt,Norm,Norm,TwnhsE,1Story,7,5,2005,2005,Gable,CompShg,VinylSd,VinylSd,Stone,240.0,Gd,TA,PConc,Gd,TA,Av,GLQ,659,Unf,0,705,1364,GasA,Ex,Y,SBrkr,1364,0,0,1364,1,0,2,0,2,1,Gd,6,Typ,1,Gd,Attchd,2005.0,RFn,2,484,TA,TA,Y,192,36,0,0,0,0,Gd,MnPrv,Shed,0,6,2006,WD,Normal,185850,0.19339288246136396,1364,2.0,19,0,0,0,1,0
1058,60,RL,69.0,29959,Pave,Grvl,IR2,Lvl,AllPub,FR2,Gtl,NoRidge,Norm,Norm,1Fam,2Story,7,6,1994,1994,Gable,CompShg,HdBoard,HdBoard,BrkFace,0.0,Gd,TA,PConc,Gd,TA,No,GLQ,595,Unf,0,378,973,GasA,Ex,Y,SBrkr,979,871,0,1850,0,0,2,1,3,1,Gd,7,Typ,1,Gd,BuiltIn,1994.0,Fin,2,467,TA,TA,Y,168,98,0,0,0,0,Gd,MnPrv,Shed,0,1,2009,WD,Normal,248000,0.06174899866488651,1850,2.5,30,0,0,0,2,0
1059,60,RL,96.0,11308,Pave,Grvl,IR1,Lvl,AllPub,Inside,Gtl,NridgHt,Norm,Norm,1Fam,2Story,9,5,2008,2008,Gable,CompShg,VinylSd,VinylSd,Stone,154.0,Ex,TA,PConc,Ex,TA,Av,GLQ,936,Unf,0,168,1104,GasA,Ex,Y,SBrkr,1130,1054,0,2184,1,0,2,1,3,1,Ex,10,Typ,1,Gd,Attchd,2008.0,Fin,3,836,TA,TA,Y,0,102,0,0,0,0,Gd,MnPrv,Shed,0,7,2009,WD,Normal,335000,0.19312052347687683,2184,2.5,16,0,0,0,1,0
1060,50,RL,69.0,11275,Pave,Grvl,IR1,HLS,AllPub,Corner,Mod,Crawfor,Norm,Norm,1Fam,1.5Fin,6,7,1932,1950,Gable,CompShg,MetalSd,MetalSd,BrkFace,480.0,TA,TA,CBlock,TA,TA,Mn,Rec,297,LwQ,557,0,854,GasA,TA,Y,SBrkr,1096,895,0,1991,0,0,1,1,3,1,TA,7,Typ,1,Gd,Detchd,1977.0,Unf,2,432,TA,Fa,Y,0,0,19,0,0,0,Gd,MnPrv,Shed,0,3,2007,WD,Normal,220000,0.17656970556935084,1991,1.5,92,0,0,0,1,3
1061,120,RL,41.0,4920,Pave,Grvl,Reg,Lvl,AllPub,Inside,Gtl,StoneBr,Norm,Norm,TwnhsE,1Story,8,5,2001,2001,Gable,CompShg,CemntBd,CmentBd,BrkFace,0.0,Gd,TA,PConc,Gd,TA,Mn,GLQ,616,Unf,0,722,1338,GasA,Ex,Y,SBrkr,1338,0,0,1338,1,0,2,0,2,1,Gd,6,Typ,0,Gd,Attchd,2001.0,Fin,2,582,TA,TA,Y,0,0,170,0,0,0,Gd,MnPrv,Shed,0,4,2010,WD,Normal,213500,0.27189595610648243,1338,2.0,23,0,0,0,0,0
1062,30,C (all),120.0,18000,Grvl,Grvl,Reg,Low,AllPub,Inside,Gtl,IDOTRR,Norm,Norm,1Fam,1Story,3,4,1935,1950,Gable,CompShg,MetalSd,MetalSd,BrkFace,0.0,Fa,TA,CBlock,TA,TA,No,Unf,0,Unf,0,894,894,GasA,TA,Y,SBrkr,894,0,0,894,0,0,1,0,2,1,TA,6,Typ,0,Gd,Detchd,1994.0,RFn,3,1248,TA,TA,Y,0,20,0,0,0,0,Gd,MnPrv,Shed,560,8,2008,ConLD,Normal,81000,0.04966390756069107,894,1.0,89,2,1,0,0,2
1063,190,RM,85.0,13600,Pave,Grvl,Reg,Lvl,AllPub,Inside,Gtl,OldTown,Norm,Norm,2fmCon,2Story,5,5,1900,1950,Gable,CompShg,Wd Sdng,Wd Sdng,BrkFace,0.0,TA,TA,BrkTil,TA,TA,No,Unf,0,Unf,0,662,662,GasA,TA,N,SBrkr,1422,915,0,2337,0,0,2,0,5,2,TA,10,Min2,0,Gd,Detchd,1945.0,Unf,2,560,TA,TA,Y,0,57,0,0,0,0,Gd,MnPrv,Shed,0,9,2007,WD,Normal,90000,0.17182560105874567,2337,2.0,124,1,0,0,0,0
1064,30,RM,50.0,6000,Pave,Grvl,Reg,Lvl,AllPub,Inside,Gtl,OldTown,Artery,Norm,1Fam,1Story,6,6,1925,1980,Gable,CompShg,MetalSd,MetalSd,BrkFace,0.0,TA,Gd,BrkTil,TA,TA,No,BLQ,397,Unf,0,706,1103,GasA,Gd,Y,SBrkr,1103,0,0,1103,0,0,1,0,2,1,Gd,5,Typ,1,Gd,Detchd,1976.0,Unf,2,440,TA,TA,Y,166,120,0,0,0,0,Gd,MnPrv,Shed,0,7,2006,WD,Normal,110500,0.183802699550075,1103,1.0,99,1,0,0,0,0
1065,20,RL,69.0,11000,Pave,Grvl,IR1,Lvl,AllPub,CulDSac,Gtl,NAmes,Norm,Norm,1Fam,1Story,5,6,1966,1966,Gable,CompShg,Plywood,Plywood,BrkFace,200.0,TA,TA,CBlock,TA,TA,Mn,BLQ,740,Rec,230,184,1154,GasA,Ex,Y,SBrkr,1154,0,0,1154,0,0,1,1,3,1,TA,6,Typ,1,Po,Attchd,1966.0,RFn,2,480,TA,TA,Y,0,58,0,0,0,0,Gd,MnPrv,Shed,0,11,2009,WD,Normal,154000,0.10489955458594673,1154,1.5,58,0,0,0,1,0
1066,60,RL,80.0,14000,Pave,Grvl,Reg,Lvl,AllPub,Inside,Mod,ClearCr,Norm,Norm,1Fam,2Story,7,5,1996,1997,Gable,CompShg,Wd Sdng,Wd Sdng,BrkFace,0.0,Gd,TA,PConc,Ex,TA,Gd,GLQ,1201,Unf,0,105,1306,GasA,Ex,Y,SBrkr,1306,954,0,2260,1,0,2,1,3,1,Gd,7,Typ,0,Gd,Attchd,1996.0,RFn,2,533,TA,TA,Y,296,44,0,0,0,0,Gd,MnPrv,Shed,0,4,2010,WD,Normal,328000,0.16141704163988285,2260,2.5,28,0,0,0,0,0
1067,60,RL,59.0,7837,Pave,Grvl,IR1,Lvl,AllPub,Inside,Gtl,Gilbert,Norm,Norm,1Fam,2Story,6,7,1993,1994,Gable,CompShg,VinylSd,VinylSd,BrkFace,0.0,Gd,TA,PConc,Gd,TA,No,Unf,0,Unf,0,799,799,GasA,Gd,Y,SBrkr,799,772,0,1571,0,0,2,1,3,1,TA,7,Typ,1,TA,Attchd,1993.0,RFn,2,380,TA,TA,Y,0,40,0,0,0,0,Gd,MnPrv,Shed,0,5,2009,WD,Normal,178000,0.20043378412860424,1571,2.5,31,0,0,0,1,0
1068,60,RL,80.0,9760,Pave,Grvl,Reg,Lvl,AllPub,Inside,Mod,NAmes,Norm,Norm,1Fam,2Story,6,6,1964,1964,Gable,CompShg,HdBoard,HdBoard,BrkFace,360.0,TA,TA,CBlock,TA,TA,Gd,GLQ,674,LwQ,106,0,780,GasA,TA,Y,SBrkr,798,813,0,1611,1,0,1,1,4,1,TA,7,Typ,0,Gd,Attchd,1964.0,RFn,2,442,TA,TA,Y,328,128,0,0,189,0,Gd,MnPrv,Shed,0,6,2008,WD,Normal,167900,0.1650445651060342,1611,1.5,60,0,0,0,0,0
1069,160,RM,42.0,3964,Pave,Grvl,Reg,Lvl,AllPub,Inside,Gtl,MeadowV,Norm,Norm,TwnhsE,2Story,6,4,1973,1973,Gable,CompShg,CemntBd,CmentBd,BrkFace,0.0,TA,TA,CBlock,Gd,TA,No,ALQ,837,Unf,0,105,942,GasA,Gd,Y,SBrkr,1291,1230,0,2521,1,0,2,1,5,1,TA,10,Maj1,1,Gd,Attchd,1973.0,Fin,2,576,TA,TA,Y,728,20,0,0,0,0,Gd,GdPrv,Shed,0,6,2006,WD,Normal,151400,0.635813366960908,2521,2.5,51,1,0,0,0,0
1070,45,RL,60.0,9600,Pave,Grvl,Reg,Lvl,AllPub,Inside,Gtl,NAmes,Norm,Norm,1Fam,1.5Unf,5,7,1949,2003,Gable,CompShg,MetalSd,MetalSd,BrkFace,0.0,TA,TA,CBlock,TA,TA,No,ALQ,220,Unf,0,625,845,GasA,TA,Y,SBrkr,893,0,0,893,0,1,1,0,2,1,Gd,4,Typ,0,Gd,Detchd,1985.0,Unf,2,576,TA,TA,Y,0,0,0,0,0,0,Gd,MnPrv,Shed,0,5,2007,WD,Normal,135000,0.09301114467242995,893,1.0,75,0,0,0,0,0
1071,20,RL,72.0,10152,Pave,Grvl,Reg,Lvl,AllPub,Inside,Gtl,NAmes,Norm,Norm,1Fam,1Story,5,5,1956,1956,Hip,CompShg,MetalSd,MetalSd,BrkFace,120.0,TA,TA,CBlock,TA,TA,No,BLQ,586,Unf,0,462,1048,GasA,TA,Y,SBrkr,1048,0,0,1048,1,0,1,0,3,1,TA,6,Typ,0,Gd,Attchd,1956.0,Unf,1,286,TA,TA,Y,0,20,0,0,192,0,Gd,MnPrv,Shed,0,6,2007,WD,Normal,135000,0.1032207229390328,1048,1.0,68,0,0,0,0,0
1072,60,RL,78.0,11700,Pave,Grvl,Reg,Lvl,AllPub,Inside,Gtl,NWAmes,RRAn,Norm,1Fam,2Story,6,6,1968,1968,Gable,CompShg,MetalSd,MetalSd,BrkFace,0.0,TA,TA,CBlock,TA,TA,No,Rec,298,Unf,0,429,727,GasA,Ex,Y,SBrkr,829,727,0,1556,0,0,1,1,4,1,TA,8,Typ,0,Gd,Attchd,1968.0,Unf,2,441,TA,TA,Y,0,0,0,0,0,0,Gd,MnPrv,Shed,0,5,2009,WD,Normal,154000,0.13298008717203658,1556,1.5,56,0,0,0,0,0
1073,50,RL,50.0,7585,Pave,Grvl,Reg,Lvl,AllPub,Inside,Gtl,Edwards,Artery,Norm,1Fam,1.5Fin,5,3,1948,1950,Gable,CompShg,MetalSd,MetalSd,BrkFace,0.0,TA,TA,CBlock,Fa,Fa,Mn,Unf,0,Unf,0,810,810,GasA,Fa,Y,FuseA,1002,454,0,1456,1,1,1,0,4,1,TA,7,Typ,1,TA,Detchd,1954.0,Unf,1,280,TA,TA,P,0,0,0,0,0,0,Gd,MnPrv,Shed,0,8,2006,WD,Normal,91500,0.19193250725019773,1456,1.0,76,0,0,0,0,0
1074,60,RL,75.0,7950,Pave,Grvl,IR1,Bnk,AllPub,Corner,Gtl,Edwards,Norm,Norm,1Fam,2Story,6,6,1977,1977,Hip,CompShg,HdBoard,Plywood,BrkFace,140.0,TA,TA,CBlock,TA,TA,No,BLQ,535,Unf,0,155,690,GasA,TA,Y,SBrkr,698,728,0,1426,0,0,1,1,3,1,TA,6,Typ,0,Gd,Attchd,1977.0,Fin,2,440,TA,TA,Y,252,0,0,0,0,0,Gd,MnPrv,Shed,0,7,2009,WD,Normal,159500,0.17934850962143126,1426,1.5,47,0,0,0,1,1
1075,20,RL,74.0,8556,Pave,Grvl,Reg,Lvl,AllPub,Inside,Gtl,CollgCr,Norm,Norm,1Fam,1Story,7,5,2006,2006,Gable,CompShg,VinylSd,VinylSd,BrkFace,0.0,Gd,TA,PConc,Gd,TA,Av,Unf,0,Unf,0,1240,1240,GasA,Ex,Y,SBrkr,1240,0,0,1240,0,0,2,0,2,1,Gd,5,Typ,0,Gd,Attchd,2006.0,RFn,3,826,TA,TA,Y,140,93,0,0,0,0,Gd,MnPrv,Shed,0,5,2007,WD,Normal,194000,0.1449105995091738,1240,2.0,18,0,0,0,0,0
1076,70,RL,75.0,13125,Pave,Grvl,Reg,Lvl,AllPub,Inside,Gtl,Crawfor,Norm,Norm,1Fam,2Story,7,6,1940,1984,Gable,CompShg,Wd Sdng,Wd Sdng,BrkFace,0.0,TA,TA,CBlock,TA,TA,No,BLQ,410,Unf,0,390,800,GasA,TA,Y,SBrkr,960,780,0,1740,0,0,1,1,3,1,TA,6,Typ,2,Gd,Attchd,1940.0,Unf,1,240,TA,TA,Y,0,0,0,0,0,0,Gd,MnPrv,Shed,0,7,2007,CWD,Normal,219500,0.13256132866067347,1740,1.5,84,0,0,0,0,0
1077,50,RL,60.0,10800,Pave,Grvl,Reg,Lvl,AllPub,Inside,Gtl,OldTown,Norm,Norm,1Fam,1.5Fin,5,8,1936,1989,Gable,CompShg,Wd Sdng,Wd Sdng,BrkFace,0.0,TA,TA,CBlock,Fa,TA,No,ALQ,626,Unf,0,170,796,GasA,Gd,Y,SBrkr,1096,370,0,1466,0,1,2,0,3,1,Gd,7,Min1,1,TA,Attchd,1950.0,Unf,2,566,TA,TA,Y,436,21,0,0,0,0,Gd,MnPrv,Shed,500,4,2006,WD,Normal,170000,0.13572817331728543,1466,2.0,88,0,0,0,0,0
1078,20,RL,69.0,15870,Pave,Grvl,IR1,Lvl,AllPub,Corner,Gtl,NAmes,Norm,Norm,1Fam,1Story,5,5,1969,1969,Gable,CompShg,VinylSd,Plywood,BrkFace,0.0,TA,TA,CBlock,TA,TA,Mn,BLQ,75,Rec,791,230,1096,GasA,Ex,Y,SBrkr,1096,0,0,1096,1,0,1,0,3,1,TA,6,Typ,0,Gd,Attchd,1969.0,Fin,1,299,TA,TA,Y,240,32,0,0,0,0,Gd,MnPrv,Shed,0,3,2006,WD,Abnorml,138800,0.06905677020981665,1096,1.0,55,0,0,0,1,0
1079,120,RM,37.0,4435,Pave,Grvl,Reg,Lvl,AllPub,Inside,Gtl,CollgCr,Norm,Norm,TwnhsE,1Story,6,5,2004,2004,Gable,CompShg,VinylSd,VinylSd,BrkFace,169.0,Gd,TA,PConc,Gd,TA,Mn,GLQ,662,Unf,0,186,848,GasA,Ex,Y,SBrkr,848,0,0,848,1,0,1,0,1,1,Gd,3,Typ,1,Gd,Attchd,2004.0,RFn,2,420,TA,TA,Y,140,0,0,0,0,0,Gd,MnPrv,Shed,0,5,2006,WD,Normal,155900,0.19116321009918846,848,1.0,20,1,0,0,0,0
1080,20,RL,65.0,8775,Pave,Grvl,Reg,Lvl,AllPub,Inside,Gtl,CollgCr,Norm,Norm,1Fam,1Story,5,5,1994,1994,Gable,CompShg,VinylSd,VinylSd,BrkFace,0.0,TA,TA,PConc,Gd,TA,No,GLQ,495,Unf,0,495,990,GasA,Gd,Y,SBrkr,990,0,0,990,0,0,1,0,3,1,TA,5,Typ,0,Gd,Attchd,1996.0,Unf,1,299,TA,TA,Y,0,64,0,0,0,0,Gd,MnPrv,Shed,0,4,2007,WD,Normal,126000,0.11280765724703737,990,1.0,30,0,0,0,0,0
1081,20,RL,80.0,11040,Pave,Grvl,Reg,Lvl,AllPub,Inside,Gtl,NWAmes,Norm,Norm,1Fam,1Story,6,7,1971,2004,Gable,CompShg,VinylSd,VinylSd,BrkFace,144.0,Gd,Gd,CBlock,TA,TA,No,ALQ,656,Unf,0,602,1258,GasA,Ex,Y,SBrkr,1258,0,0,1258,0,1,2,0,3,1,Gd,5,Typ,0,Gd,Attchd,1971.0,RFn,2,528,TA,TA,Y,55,0,0,216,0,0,Gd,MnPrv,Shed,0,10,2008,COD,Abnorml,145000,0.1139389548048184,1258,2.0,53,0,0,0,0,0
1082,20,RL,75.0,7500,Pave,Grvl,Reg,Lvl,AllPub,Corner,Gtl,Sawyer,Feedr,Norm,1Fam,1Story,5,5,1963,1963,Gable,CompShg,HdBoard,HdBoard,BrkFace,0.0,TA,TA,CBlock,TA,TA,No,ALQ,824,Unf,0,216,1040,GasA,Fa,Y,SBrkr,1040,0,0,1040,1,0,1,1,3,1,TA,5,Typ,0,Gd,Attchd,1963.0,Fin,1,308,TA,TA,Y,0,0,220,0,0,0,Gd,MnPrv,Shed,0,6,2010,WD,Normal,133000,0.1386481802426343,1040,1.5,61,0,0,0,0,0
1083,20,RL,70.0,8749,Pave,Grvl,Reg,Lvl,AllPub,Inside,Gtl,CollgCr,Norm,Norm,1Fam,1Story,7,5,2002,2002,Gable,CompShg,VinylSd,VinylSd,BrkFace,100.0,Gd,TA,PConc,Gd,TA,No,Unf,0,Unf,0,1459,1459,GasA,Ex,Y,SBrkr,1459,0,0,1459,0,0,2,0,3,1,Gd,6,Typ,1,Gd,Attchd,2002.0,RFn,2,527,TA,TA,Y,192,39,0,0,0,0,Gd,MnPrv,Shed,0,9,2007,WD,Normal,192000,0.16674285714285714,1459,2.0,22,0,0,0,0,0
1084,20,RL,80.0,8800,Pave,Grvl,Reg,Lvl,AllPub,Inside,Gtl,NAmes,Norm,Norm,1Fam,1Story,6,6,1964,1964,Hip,CompShg,HdBoard,HdBoard,BrkFace,425.0,TA,TA,CBlock,TA,TA,No,BLQ,553,Unf,0,698,1251,GasA,TA,Y,SBrkr,1251,0,0,1251,1,0,1,0,3,1,TA,6,Typ,2,Gd,Attchd,1964.0,RFn,1,461,TA,TA,Y,0,116,0,0,0,0,Gd,MnPrv,Shed,700,3,2006,WD,Normal,160000,0.14214293830246563,1251,1.0,60,0,0,0,0,0
1085,60,RL,69.0,13031,Pave,Grvl,IR2,Lvl,AllPub,Corner,Gtl,Gilbert,Norm,Norm,1Fam,2Story,6,5,1995,1996,Gable,CompShg,HdBoard,HdBoard,BrkFace,0.0,TA,TA,PConc,Gd,TA,No,ALQ,592,Unf,0,99,691,GasA,Gd,Y,SBrkr,691,807,0,1498,0,0,2,1,3,1,TA,6,Typ,1,TA,Attchd,1995.0,Fin,2,409,TA,TA,Y,315,44,0,0,0,0,Gd,MnPrv,Shed,0,7,2006,WD,Normal,187500,0.11494782074892572,1498,2.5,29,0,0,0,2,0
1086,85,RL,73.0,9069,Pave,Grvl,Reg,Lvl,AllPub,Inside,Gtl,SawyerW,Norm,Norm,1Fam,SFoyer,6,6,1992,1992,Gable,CompShg,HdBoard,HdBoard,BrkFace,0.0,TA,TA,PConc,Gd,TA,Av,GLQ,747,Unf,0,189,936,GasA,Ex,Y,SBrkr,996,0,0,996,1,0,1,0,2,1,Gd,5,Typ,0,Gd,Attchd,1992.0,Unf,2,564,TA,TA,Y,120,0,0,0,0,0,Gd,MnPrv,Shed,0,4,2010,WD,Normal,147000,0.10981256890848952,996,1.0,32,0,0,0,0,0
1087,160,RM,69.0,1974,Pave,Grvl,Reg,Lvl,AllPub,Inside,Gtl,MeadowV,Norm,Norm,TwnhsE,2Story,4,5,1973,1973,Gable,CompShg,CemntBd,CmentBd,BrkFace,0.0,TA,TA,CBlock,TA,TA,No,BLQ,334,Unf,0,212,546,GasA,TA,Y,SBrkr,546,546,0,1092,0,0,1,1,3,1,TA,6,Typ,0,Gd,Attchd,1973.0,RFn,1,286,TA,TA,Y,120,96,0,0,0,0,Gd,MnPrv,Shed,0,5,2010,WD,Normal,83500,0.5529113924050633,1092,1.5,51,1,0,0,0,0
1088,60,FV,85.0,10574,Pave,Grvl,Reg,Lvl,AllPub,Inside,Gtl,Somerst,Norm,Norm,1Fam,2Story,8,5,2005,2006,Gable,CompShg,VinylSd,VinylSd,BrkFace,0.0,Gd,TA,PConc,Gd,TA,Mn,Unf,0,Unf,0,1082,1082,GasA,Ex,Y,SBrkr,1082,871,0,1953,0,0,2,1,3,1,Gd,9,Typ,1,Gd,Attchd,2005.0,RFn,3,1043,TA,TA,Y,160,50,0,0,0,0,Gd,MnPrv,Shed,0,5,2009,WD,Normal,252000,0.18468085106382978,1953,2.5,19,3,0,0,0,0
1089,160,RM,24.0,2522,Pave,Grvl,Reg,Lvl,AllPub,Inside,Gtl,Edwards,Norm,Norm,Twnhs,2Story,7,5,2004,2004,Gable,CompShg,VinylSd,VinylSd,Stone,50.0,Gd,TA,PConc,Gd,TA,No,Unf,0,Unf,0,970,970,GasA,Ex,Y,SBrkr,970,739,0,1709,0,0,2,0,3,1,Gd,7,Maj1,0,Gd,Detchd,2004.0,Unf,2,380,TA,TA,Y,0,40,0,0,0,0,Gd,MnPrv,Shed,0,4,2006,WD,Normal,137500,0.6773682124455014,1709,2.0,20,1,0,0,0,0
1090,120,FV,37.0,3316,Pave,Pave,IR1,Lvl,AllPub,Inside,Gtl,Somerst,Norm,Norm,TwnhsE,1Story,8,5,2005,2005,Gable,CompShg,MetalSd,MetalSd,BrkFace,0.0,Gd,TA,PConc,Gd,TA,No,GLQ,1039,Unf,0,208,1247,GasA,Ex,Y,SBrkr,1247,0,0,1247,1,0,1,1,1,1,Gd,4,Typ,1,Gd,Attchd,2005.0,Fin,2,550,TA,TA,Y,0,84,0,0,0,0,Gd,MnPrv,Shed,0,4,2006,WD,Normal,197000,0.3759421163702141,1247,1.5,19,3,0,1,1,0
1091,90,RL,60.0,8544,Pave,Grvl,Reg,Lvl,AllPub,Corner,Gtl,NAmes,Norm,Norm,Duplex,1Story,3,4,1950,1950,Gable,CompShg,BrkFace,BrkFace,BrkFace,0.0,TA,TA,Slab,TA,TA,No,Unf,0,Unf,0,0,0,Wall,Fa,N,FuseA,1040,0,0,1040,0,0,2,0,2,2,TA,6,Typ,0,Gd,Detchd,1987.0,Unf,2,400,TA,TA,Y,0,0,0,0,0,0,Gd,MnPrv,Shed,0,6,2009,WD,Normal,92900,0.12170860152135751,1040,2.0,74,0,0,0,0,0
1092,160,FV,24.0,2160,Pave,Pave,Reg,Lvl,AllPub,Inside,Gtl,Somerst,Norm,Norm,Twnhs,2Story,7,5,1999,2000,Gable,CompShg,MetalSd,MetalSd,BrkFace,212.0,Gd,TA,PConc,Gd,TA,No,BLQ,510,Unf,0,90,600,GasA,Ex,Y,SBrkr,624,628,0,1252,1,0,2,1,2,1,Gd,4,Typ,0,Gd,Detchd,1999.0,Unf,2,462,TA,TA,Y,0,48,0,0,0,0,Gd,MnPrv,Shed,0,3,2008,WD,Normal,160000,0.5793614067561315,1252,2.5,25,3,0,1,0,0
1093,50,RL,60.0,8400,Pave,Grvl,Reg,Bnk,AllPub,Inside,Gtl,SWISU,Norm,Norm,1Fam,1.5Fin,6,5,1925,1950,Gable,CompShg,MetalSd,MetalSd,BrkFace,0.0,TA,TA,PConc,TA,TA,No,Rec,423,Unf,0,758,1181,GasA,Fa,Y,SBrkr,1390,304,0,1694,0,0,2,0,4,1,TA,7,Typ,1,Gd,Detchd,1925.0,Unf,2,576,TA,TA,Y,342,0,128,0,0,0,Gd,MnPrv,Shed,0,6,2008,WD,Normal,136500,0.2016426615879062,1694,2.0,99,0,0,0,0,1
1094,20,RL,71.0,9230,Pave,Grvl,Reg,Lvl,AllPub,Corner,Gtl,NAmes,Feedr,Norm,1Fam,1Story,5,8,1965,1998,Hip,CompShg,MetalSd,MetalSd,BrkFace,166.0,TA,TA,CBlock,TA,TA,Mn,GLQ,661,Unf,0,203,864,GasA,Gd,Y,SBrkr,1200,0,0,1200,1,0,1,1,1,1,Gd,6,Typ,0,Gd,Detchd,1977.0,Unf,2,884,TA,TA,Y,0,64,0,0,0,0,Gd,MnPrv,Shed,0,10,2006,WD,Normal,146000,0.12999675008124797,1200,1.5,59,0,0,0,0,0
1095,20,RL,74.0,5868,Pave,Grvl,Reg,Lvl,AllPub,Inside,Gtl,NAmes,Norm,Norm,1Fam,1Story,5,7,1956,2000,Gable,CompShg,MetalSd,MetalSd,BrkFace,0.0,TA,TA,CBlock,TA,TA,No,BLQ,248,Rec,240,448,936,GasA,Ex,Y,SBrkr,936,0,0,936,1,0,1,0,2,1,TA,4,Typ,0,Gd,Attchd,1956.0,Fin,1,308,TA,TA,Y,0,0,80,0,160,0,Gd,MnPrv,Shed,0,5,2010,WD,Normal,129000,0.15948202419492247,936,1.0,68,0,0,0,0,0
1096,20,RL,78.0,9317,Pave,Grvl,IR1,Lvl,AllPub,Inside,Gtl,CollgCr,Norm,Norm,1Fam,1Story,6,5,2006,2006,Gable,CompShg,VinylSd,VinylSd,BrkFace,0.0,Gd,TA,PConc,Gd,TA,No,GLQ,24,Unf,0,1290,1314,GasA,Gd,Y,SBrkr,1314,0,0,1314,0,0,2,0,3,1,Gd,6,Typ,1,Gd,Attchd,2006.0,RFn,2,440,TA,TA,Y,0,22,0,0,0,0,Gd,MnPrv,Shed,0,3,2007,WD,Normal,176432,0.14101738570508693,1314,2.0,18,0,0,0,1,0
1097,70,RM,60.0,6882,Pave,Grvl,Reg,Lvl,AllPub,Inside,Gtl,IDOTRR,Norm,Norm,1Fam,2Story,6,7,1914,2006,Gable,CompShg,Wd Sdng,Wd Sdng,BrkFace,0.0,TA,TA,PConc,TA,TA,No,Unf,0,Unf,0,684,684,GasA,TA,Y,SBrkr,773,582,0,1355,0,0,1,1,3,1,Gd,7,Typ,0,Gd,Attchd,1980.0,Unf,0,0,TA,TA,Y,136,0,115,0,0,0,Gd,MnPrv,Shed,0,3,2007,WD,Normal,127000,0.19686183350283307,1355,1.5,110,1,0,0,0,0
1098,120,RL,69.0,3696,Pave,Grvl,Reg,Lvl,AllPub,Inside,Gtl,StoneBr,Norm,Norm,TwnhsE,1Story,8,5,1986,1986,Gable,CompShg,HdBoard,HdBoard,BrkFace,0.0,Gd,TA,CBlock,Gd,TA,No,Unf,0,Unf,0,1074,1074,GasA,Ex,Y,SBrkr,1088,0,0,1088,0,0,1,1,2,1,Gd,5,Typ,0,Gd,Attchd,1987.0,RFn,2,461,TA,TA,Y,0,74,137,0,0,0,Gd,MnPrv,Shed,0,10,2007,WD,Normal,170000,0.2942926697322153,1088,1.5,38,0,0,0,0,0
1099,50,RM,50.0,6000,Pave,Grvl,Reg,Lvl,AllPub,Inside,Gtl,BrkSide,Norm,Norm,1Fam,1.5Fin,4,6,1936,1950,Gable,CompShg,MetalSd,MetalSd,BrkFace,0.0,TA,TA,BrkTil,TA,TA,No,BLQ,672,Unf,0,0,672,GasA,TA,Y,SBrkr,757,567,0,1324,0,0,1,0,3,1,TA,6,Typ,0,Gd,Detchd,1936.0,Unf,1,240,TA,TA,Y,0,0,0,0,0,0,Gd,MnPrv,Shed,0,7,2009,WD,Normal,128000,0.22062989501749708,1324,1.0,88,1,0,0,0,0
1100,20,RL,82.0,11880,Pave,Grvl,IR1,Lvl,AllPub,Inside,Gtl,NWAmes,RRAn,Norm,1Fam,1Story,7,5,1978,1978,Gable,CompShg,Plywood,Plywood,BrkFace,206.0,TA,TA,CBlock,Gd,TA,No,ALQ,704,Unf,0,567,1271,GasA,TA,Y,SBrkr,1601,0,0,1601,0,0,2,0,3,1,TA,7,Typ,1,TA,Attchd,1978.0,RFn,2,478,TA,TA,Y,0,0,0,0,0,0,Gd,MnPrv,Shed,0,4,2009,COD,Abnorml,157000,0.13475296692197627,1601,2.0,46,0,0,0,1,0
1101,30,RL,60.0,8400,Pave,Grvl,Reg,Bnk,AllPub,Inside,Gtl,SWISU,Norm,Norm,1Fam,1Story,2,5,1920,1950,Gable,CompShg,Wd Sdng,Wd Sdng,BrkFace,0.0,TA,TA,CBlock,TA,Fa,No,Rec,290,Unf,0,0,290,GasA,TA,N,FuseF,438,0,0,438,0,0,1,0,1,1,Fa,3,Typ,0,Gd,Detchd,1930.0,Unf,1,246,TA,TA,N,0,0,0,0,0,0,Gd,MnPrv,Shed,0,1,2009,WD,Normal,60000,0.05213665039876205,438,1.0,104,0,0,0,0,1
1102,20,RL,61.0,9758,Pave,Grvl,IR1,Lvl,AllPub,Inside,Gtl,NAmes,Norm,Norm,1Fam,1Story,5,5,1971,1971,Gable,CompShg,HdBoard,MetalSd,BrkFace,0.0,TA,TA,CBlock,TA,TA,No,BLQ,412,LwQ,287,251,950,GasA,TA,Y,SBrkr,950,0,0,950,0,0,1,0,3,1,TA,5,Typ,0,Gd,Detchd,1981.0,Unf,1,280,TA,TA,Y,0,0,0,0,0,0,Gd,MnPrv,Shed,0,7,2007,WD,Normal,119500,0.09734603955323291,950,1.0,53,0,0,0,1,0
1103,20,RL,70.0,7000,Pave,Grvl,Reg,Lvl,AllPub,Inside,Gtl,NAmes,Norm,Norm,1Fam,1Story,5,7,1960,2002,Gable,CompShg,Wd Sdng,Wd Sdng,BrkFace,45.0,TA,TA,CBlock,TA,TA,No,Rec,588,Unf,0,422,1010,GasA,Ex,Y,SBrkr,1134,0,0,1134,0,0,1,0,2,1,TA,6,Typ,0,Gd,Attchd,1960.0,RFn,1,254,TA,TA,Y,0,16,0,0,0,0,Gd,MnWw,Shed,0,4,2007,WD,Family,135000,0.16197686044850734,1134,1.0,64,0,0,0,0,0
1104,20,RL,79.0,8910,Pave,Grvl,Reg,Lvl,AllPub,Corner,Gtl,NAmes,Norm,Norm,1Fam,1Story,6,6,1959,1959,Hip,CompShg,BrkFace,BrkFace,BrkFace,0.0,TA,TA,CBlock,TA,TA,Mn,ALQ,655,Unf,0,0,655,GasA,Ex,Y,SBrkr,1194,0,0,1194,0,1,1,0,3,1,TA,6,Typ,1,Fa,BuiltIn,1954.0,Fin,2,539,TA,TA,Y,0,0,192,0,0,0,Gd,MnPrv,Shed,0,7,2006,WD,Normal,159500,0.13399169565705307,1194,1.0,65,0,0,0,0,0
1105,160,RM,24.0,2016,Pave,Grvl,Reg,Lvl,AllPub,Inside,Gtl,BrDale,Norm,Norm,TwnhsE,2Story,5,5,1970,1970,Gable,CompShg,HdBoard,HdBoard,BrkFace,304.0,TA,TA,CBlock,TA,TA,No,Unf,0,Unf,0,630,630,GasA,TA,Y,SBrkr,630,672,0,1302,0,0,2,1,3,1,TA,6,Typ,0,Gd,Detchd,1970.0,Unf,2,440,TA,TA,Y,0,0,0,0,0,0,Gd,MnPrv,Shed,0,4,2007,WD,Normal,106000,0.645513138324244,1302,2.5,54,1,0,0,0,0
1106,60,RL,98.0,12256,Pave,Grvl,IR1,Lvl,AllPub,Corner,Gtl,NoRidge,Norm,Norm,1Fam,2Story,8,5,1994,1995,Gable,CompShg,HdBoard,HdBoard,BrkFace,362.0,Gd,TA,PConc,Ex,TA,Av,GLQ,1032,Unf,0,431,1463,GasA,Ex,Y,SBrkr,1500,1122,0,2622,1,0,2,1,3,1,Gd,9,Typ,2,TA,Attchd,1994.0,RFn,2,712,TA,TA,Y,186,32,0,0,0,0,Gd,MnPrv,Shed,0,4,2010,WD,Normal,325000,0.2139185771395937,2622,2.5,30,0,0,0,1,0
1107,20,RL,114.0,10357,Pave,Grvl,IR1,Lvl,AllPub,Corner,Gtl,SawyerW,Feedr,Norm,1Fam,1Story,7,5,1990,1991,Hip,CompShg,HdBoard,HdBoard,BrkFace,0.0,Gd,TA,PConc,Gd,TA,Mn,GLQ,738,Unf,0,172,910,GasA,Gd,Y,SBrkr,1442,0,0,1442,1,0,2,0,3,1,Gd,6,Typ,1,TA,Attchd,1990.0,Fin,2,719,TA,TA,Y,0,244,0,0,0,0,Gd,MnPrv,Shed,0,5,2007,WD,Normal,179900,0.13921606487738947,1442,2.0,34,0,0,0,1,0
1108,60,RL,168.0,23257,Pave,Grvl,IR3,HLS,AllPub,CulDSac,Gtl,Gilbert,Norm,Norm,1Fam,2Story,7,5,2006,2006,Gable,CompShg,VinylSd,VinylSd,BrkFace,0.0,Gd,TA,PConc,Ex,Gd,No,Unf,0,Unf,0,868,868,GasA,Ex,Y,SBrkr,887,1134,0,2021,0,0,2,1,3,1,Gd,9,Typ,1,Gd,BuiltIn,2006.0,RFn,2,422,TA,TA,Y,0,100,0,0,0,0,Gd,MnPrv,Shed,0,9,2006,New,Partial,274725,0.08689483188580273,2021,2.5,18,0,0,0,3,3
1109,60,RL,69.0,8063,Pave,Grvl,Reg,Lvl,AllPub,Inside,Gtl,Gilbert,Norm,Norm,1Fam,2Story,6,5,2000,2000,Gable,CompShg,VinylSd,VinylSd,BrkFace,0.0,TA,TA,PConc,Gd,TA,No,Unf,0,Unf,0,924,924,GasA,Ex,Y,SBrkr,948,742,0,1690,0,0,2,1,3,1,TA,7,Typ,1,TA,Attchd,2000.0,RFn,2,463,TA,TA,Y,100,48,0,0,0,0,Gd,MnPrv,Shed,0,11,2007,WD,Abnorml,181000,0.2095734126984127,1690,2.5,24,0,0,0,0,0
1110,20,RL,107.0,11362,Pave,Grvl,IR1,Lvl,AllPub,Inside,Gtl,NridgHt,Norm,Norm,1Fam,1Story,8,5,2004,2005,Gable,CompShg,MetalSd,MetalSd,Stone,42.0,Gd,TA,PConc,Ex,TA,Mn,GLQ,1039,Unf,0,797,1836,GasA,Ex,Y,SBrkr,1836,0,0,1836,1,0,2,0,3,1,Gd,7,Typ,1,Gd,Attchd,2004.0,Fin,3,862,TA,TA,Y,125,185,0,0,0,0,Gd,MnPrv,Shed,0,3,2009,WD,Normal,280000,0.16157704831470562,1836,2.0,20,0,0,0,1,0
1111,60,RL,69.0,8000,Pave,Grvl,Reg,Lvl,AllPub,Inside,Gtl,Gilbert,Norm,Norm,1Fam,2Story,6,5,1995,1996,Gable,CompShg,HdBoard,HdBoard,BrkFace,0.0,TA,TA,PConc,Gd,TA,No,GLQ,219,Unf,0,554,773,GasA,Gd,Y,SBrkr,773,885,0,1658,1,0,2,1,3,1,TA,8,Typ,1,TA,Attchd,1995.0,Fin,2,431,TA,TA,Y,224,84,0,0,0,0,Gd,MnPrv,Shed,0,6,2008,WD,Normal,188000,0.20722409698787653,1658,2.5,29,0,0,0,0,0
1112,60,RL,80.0,10480,Pave,Grvl,Reg,Lvl,AllPub,Inside,Gtl,NWAmes,Norm,Norm,1Fam,2Story,7,6,1976,1976,Hip,CompShg,Plywood,Plywood,BrkFace,660.0,TA,TA,CBlock,TA,TA,No,ALQ,403,Unf,0,400,803,GasA,TA,Y,SBrkr,1098,866,0,1964,0,0,2,1,4,1,TA,8,Typ,1,Gd,Attchd,1976.0,RFn,2,483,TA,TA,Y,0,69,0,0,0,0,Gd,MnPrv,Shed,0,9,2008,WD,Normal,205000,0.187386699742391,1964,2.5,48,0,0,0,0,0
1113,20,RL,73.0,7100,Pave,Grvl,IR1,Lvl,AllPub,Corner,Gtl,NAmes,Norm,Norm,1Fam,1Story,5,7,1957,1957,Gable,CompShg,WdShing,Wd Shng,BrkFace,0.0,TA,TA,CBlock,TA,TA,No,GLQ,708,Unf,0,108,816,GasA,TA,Y,FuseA,816,0,0,816,1,0,1,0,2,1,TA,5,Typ,0,Gd,Detchd,1957.0,Unf,1,308,TA,TA,Y,0,0,0,0,0,0,Gd,MnPrv,Shed,0,7,2006,WD,Normal,129900,0.1149133924799324,816,1.0,67,0,0,0,1,0
1114,20,RL,66.0,8923,Pave,Grvl,Reg,Lvl,AllPub,Inside,Gtl,NAmes,Norm,Norm,1Fam,1Story,5,7,1953,2006,Gable,CompShg,Wd Sdng,Wd Sdng,BrkFace,0.0,TA,TA,CBlock,TA,TA,No,BLQ,643,Unf,0,365,1008,GasA,Gd,Y,SBrkr,1008,0,0,1008,1,0,1,0,2,1,Gd,6,Typ,0,Gd,Attchd,1953.0,Unf,1,240,TA,TA,Y,0,18,0,0,0,0,Gd,MnPrv,Shed,0,5,2007,WD,Normal,134500,0.11295383236216944,1008,1.0,71,0,0,0,0,0
1115,20,RL,90.0,5400,Pave,Grvl,Reg,Lvl,AllPub,Inside,Gtl,OldTown,Norm,Norm,1Fam,1Story,5,7,1954,2000,Gable,CompShg,MetalSd,MetalSd,BrkFace,0.0,TA,Gd,CBlock,TA,TA,No,Rec,415,Unf,0,418,833,GasA,Ex,Y,SBrkr,833,0,0,833,0,0,1,0,2,1,Gd,4,Typ,0,Gd,Detchd,1955.0,Unf,1,326,TA,TA,Y,0,0,0,0,0,0,Gd,MnPrv,Shed,0,8,2006,WD,Normal,117000,0.1542306980188854,833,1.0,70,0,0,0,0,0
1116,20,RL,93.0,12085,Pave,Grvl,Reg,Lvl,AllPub,Inside,Gtl,NridgHt,Norm,Norm,1Fam,1Story,8,5,2007,2007,Hip,CompShg,VinylSd,VinylSd,Stone,328.0,Gd,TA,PConc,Ex,TA,No,GLQ,1004,Unf,0,730,1734,GasA,Ex,Y,SBrkr,1734,0,0,1734,1,0,2,0,3,1,Ex,7,Typ,1,Gd,Attchd,2007.0,RFn,3,928,TA,TA,Y,0,0,0,0,0,0,Gd,MnPrv,Shed,0,11,2007,New,Partial,318000,0.14347178553698495,1734,2.0,17,0,0,0,0,0
1117,80,RL,69.0,7750,Pave,Grvl,Reg,Lvl,AllPub,Inside,Gtl,Gilbert,Norm,Norm,1Fam,SLvl,8,5,2002,2002,Hip,CompShg,VinylSd,VinylSd,BrkFace,0.0,Gd,TA,PConc,Gd,TA,No,GLQ,353,Unf,0,55,408,GasA,Ex,Y,SBrkr,779,640,0,1419,1,0,2,1,3,1,Gd,7,Typ,1,TA,BuiltIn,2002.0,Fin,2,527,TA,TA,Y,120,0,0,0,0,0,Gd,MnPrv,Shed,0,3,2009,WD,Normal,184100,0.18307315185137402,1419,2.5,22,0,0,0,0,0
1118,20,RL,57.0,9764,Pave,Grvl,IR1,Lvl,AllPub,FR2,Gtl,Sawyer,Feedr,Norm,1Fam,1Story,5,7,1967,2003,Gable,CompShg,VinylSd,VinylSd,BrkFace,0.0,TA,TA,CBlock,TA,TA,No,BLQ,702,Unf,0,192,894,GasA,Ex,Y,SBrkr,894,0,0,894,1,0,1,0,3,1,Gd,5,Typ,0,Gd,Attchd,1967.0,RFn,2,450,TA,TA,Y,0,0,0,0,0,0,Gd,MnPrv,Shed,0,5,2008,WD,Normal,130000,0.09155145929339478,894,1.0,57,0,0,0,1,0
1119,80,RL,85.0,13825,Pave,Grvl,Reg,Lvl,AllPub,Inside,Gtl,Sawyer,Norm,Norm,1Fam,SLvl,5,6,1958,1987,Gable,CompShg,MetalSd,MetalSd,BrkFace,0.0,TA,Gd,CBlock,TA,TA,No,Unf,0,Unf,0,533,533,GasA,TA,Y,SBrkr,1021,580,0,1601,0,1,1,0,3,1,TA,6,Min2,0,Gd,BuiltIn,1958.0,RFn,1,300,TA,TA,Y,280,34,0,0,0,0,Gd,MnPrv,Shed,0,12,2008,WD,Normal,140000,0.11579632576305511,1601,1.0,66,0,0,0,0,0
1120,20,RL,70.0,7560,Pave,Grvl,Reg,Lvl,AllPub,Inside,Gtl,NAmes,Norm,Norm,1Fam,1Story,5,5,1959,1959,Gable,CompShg,BrkFace,Wd Sdng,BrkFace,0.0,TA,TA,CBlock,TA,TA,No,LwQ,369,Unf,0,671,1040,GasA,TA,Y,FuseA,1040,0,0,1040,0,0,1,0,3,1,TA,6,Typ,0,Gd,Attchd,1959.0,RFn,1,286,TA,TA,Y,140,0,252,0,0,0,Gd,GdWo,Shed,0,7,2006,WD,Normal,133700,0.137547943393731,1040,1.0,65,0,0,0,0,0
1121,30,RM,59.0,8263,Pave,Grvl,Reg,Bnk,AllPub,Inside,Mod,IDOTRR,Norm,Norm,1Fam,1Story,6,5,1920,1950,Gable,CompShg,BrkFace,BrkFace,BrkFace,0.0,TA,TA,BrkTil,TA,TA,No,Unf,0,Unf,0,1012,1012,GasA,TA,Y,FuseA,1012,0,0,1012,0,0,1,0,2,1,TA,6,Typ,1,Gd,Detchd,1920.0,Unf,1,308,TA,TA,Y,0,22,112,0,0,0,Gd,MnPrv,Shed,0,5,2007,WD,Normal,118400,0.12245885769603097,1012,1.0,104,1,0,0,0,1
1122,20,RL,84.0,10084,Pave,Grvl,Reg,Lvl,AllPub,Inside,Gtl,CollgCr,Norm,Norm,1Fam,1Story,7,5,2005,2006,Gable,CompShg,VinylSd,VinylSd,BrkFace,196.0,Gd,TA,PConc,Gd,TA,Av,GLQ,24,Unf,0,1528,1552,GasA,Ex,Y,SBrkr,1552,0,0,1552,0,0,2,0,3,1,Gd,7,Typ,0,Gd,Attchd,2005.0,RFn,3,782,TA,TA,Y,144,20,0,0,0,0,Gd,MnPrv,Shed,0,7,2006,New,Partial,212900,0.15389191869112542,1552,2.0,19,0,0,0,0,0
1123,20,RL,69.0,8926,Pave,Grvl,IR1,Lvl,AllPub,Corner,Gtl,Edwards,Norm,Norm,1Fam,1Story,4,3,1956,1956,Gable,CompShg,AsbShng,AsbShng,BrkFace,0.0,TA,TA,CBlock,TA,TA,No,Unf,0,Unf,0,672,672,GasA,Ex,Y,FuseA,960,0,0,960,0,0,1,0,3,1,TA,5,Typ,0,Gd,Basment,1956.0,Unf,1,288,TA,TA,Y,64,0,0,0,160,0,Gd,MnPrv,Shed,0,10,2009,COD,Abnorml,112000,0.1075389268511258,960,1.0,68,0,0,0,1,0
1124,20,RL,50.0,9405,Pave,Grvl,Reg,Lvl,AllPub,Inside,Gtl,Edwards,Norm,Norm,1Fam,1Story,5,9,1947,2008,Hip,CompShg,VinylSd,VinylSd,BrkFace,0.0,TA,Ex,CBlock,TA,TA,No,Unf,0,Unf,0,698,698,GasA,Ex,Y,SBrkr,698,0,0,698,0,1,1,0,2,1,TA,4,Typ,0,Gd,Attchd,1980.0,Unf,0,0,TA,TA,Y,0,200,0,0,0,0,Gd,MnPrv,Shed,0,6,2009,WD,Normal,118000,0.07420795237082713,698,1.0,77,0,0,0,0,0
1125,80,RL,69.0,9125,Pave,Grvl,IR1,Lvl,AllPub,Inside,Gtl,Gilbert,Norm,Norm,1Fam,SLvl,7,5,1992,1992,Gable,CompShg,HdBoard,HdBoard,BrkFace,170.0,TA,TA,PConc,Gd,TA,No,Unf,0,Unf,0,384,384,GasA,Gd,Y,SBrkr,812,670,0,1482,0,0,2,1,3,1,Gd,7,Typ,1,TA,Attchd,1992.0,Fin,2,392,TA,TA,Y,100,25,0,0,0,0,Gd,MnPrv,Shed,0,7,2007,WD,Normal,163900,0.1623931623931624,1482,2.5,32,0,0,0,1,0
1126,20,RL,60.0,10434,Pave,Grvl,Reg,Lvl,AllPub,Inside,Gtl,NAmes,Norm,Norm,1Fam,1Story,4,5,1955,1955,Gable,CompShg,Plywood,Plywood,BrkFace,0.0,TA,TA,CBlock,TA,TA,No,Unf,0,Unf,0,1005,1005,GasA,TA,Y,SBrkr,1005,0,0,1005,0,0,1,0,2,1,Fa,5,Typ,1,TA,Detchd,1977.0,Unf,2,672,Fa,Fa,Y,0,0,0,0,0,0,Gd,MnPrv,Shed,0,11,2009,WD,Normal,115000,0.09631049353138477,1005,1.0,69,0,0,0,0,0
1127,120,RL,53.0,3684,Pave,Grvl,Reg,Lvl,AllPub,Inside,Gtl,Blmngtn,Norm,Norm,TwnhsE,1Story,7,5,2007,2007,Hip,CompShg,VinylSd,VinylSd,BrkFace,130.0,Gd,TA,PConc,Gd,TA,No,Unf,0,Unf,0,1373,1373,GasA,Ex,Y,SBrkr,1555,0,0,1555,0,0,2,0,2,1,Gd,7,Typ,1,TA,Attchd,2007.0,Fin,3,660,TA,TA,Y,143,20,0,0,0,0,Gd,MnPrv,Shed,0,6,2009,WD,Normal,174000,0.42198100407055633,1555,2.0,17,0,0,0,0,0
1128,20,RL,182.0,14572,Pave,Grvl,IR3,Lvl,AllPub,Corner,Gtl,Gilbert,Norm,Norm,1Fam,1Story,7,5,2004,2004,Hip,CompShg,VinylSd,VinylSd,BrkFace,0.0,Gd,TA,PConc,Gd,TA,Av,GLQ,1300,Unf,0,230,1530,GasA,Ex,Y,SBrkr,1530,0,0,1530,1,0,2,0,3,1,Gd,7,Typ,1,Gd,Attchd,2004.0,Fin,3,630,TA,TA,Y,144,36,0,0,0,0,Gd,MnPrv,Shed,0,11,2007,WD,Family,259000,0.1049886776916215,1530,2.0,20,0,0,0,3,0
1129,60,RL,59.0,11796,Pave,Grvl,IR1,Lvl,AllPub,Inside,Gtl,Gilbert,Norm,Norm,1Fam,2Story,7,5,2004,2005,Gable,CompShg,VinylSd,VinylSd,BrkFace,0.0,Gd,TA,PConc,Gd,TA,Av,Unf,0,Unf,0,847,847,GasA,Ex,Y,SBrkr,847,1112,0,1959,0,0,2,1,4,1,Gd,8,Typ,1,Gd,BuiltIn,2004.0,Fin,2,434,TA,TA,Y,100,48,0,0,0,0,Gd,MnPrv,Shed,0,7,2007,WD,Normal,215000,0.16605916758497924,1959,2.5,20,0,0,0,1,0
1130,90,RM,60.0,7200,Pave,Grvl,Reg,Lvl,AllPub,Inside,Gtl,OldTown,Norm,Norm,Duplex,SFoyer,5,5,1980,1980,Gable,CompShg,MetalSd,MetalSd,BrkFace,180.0,TA,TA,CBlock,Gd,TA,Gd,GLQ,936,Unf,0,0,936,GasA,TA,Y,SBrkr,936,0,0,936,1,0,1,0,2,1,TA,4,Typ,0,Gd,Detchd,1980.0,Unf,2,672,TA,TA,Y,49,0,0,0,0,0,Gd,MnPrv,Shed,0,8,2007,WD,Normal,140000,0.12998194695181225,936,1.0,44,1,0,0,0,0
1131,50,RL,65.0,7804,Pave,Grvl,Reg,Lvl,AllPub,Inside,Gtl,SWISU,Norm,Norm,1Fam,1.5Fin,4,3,1928,1950,Gable,CompShg,WdShing,Plywood,BrkFace,0.0,TA,TA,BrkTil,TA,TA,No,BLQ,622,Unf,0,500,1122,GasA,TA,Y,SBrkr,1328,653,0,1981,1,0,2,0,4,1,Gd,7,Min2,2,TA,Detchd,1981.0,Unf,2,576,TA,TA,Y,431,44,0,0,0,0,Gd,MnPrv,Shed,0,12,2009,WD,Normal,135000,0.2538116591928251,1981,2.0,96,0,0,0,0,0
1132,20,RL,63.0,10712,Pave,Grvl,Reg,Lvl,AllPub,Inside,Gtl,Mitchel,Norm,Norm,1Fam,1Story,5,5,1991,1992,Gable,CompShg,HdBoard,HdBoard,BrkFace,0.0,TA,TA,PConc,Gd,TA,Mn,BLQ,212,Unf,0,762,974,GasA,TA,Y,SBrkr,974,0,0,974,0,0,1,0,3,1,TA,5,Typ,0,Gd,Attchd,1980.0,Unf,0,0,TA,TA,Y,0,28,0,0,0,0,Gd,MnPrv,Shed,0,9,2007,Oth,Abnorml,93500,0.09091757677587978,974,1.0,33,0,0,0,0,0
1133,70,RM,90.0,9900,Pave,Grvl,Reg,Lvl,AllPub,Inside,Gtl,OldTown,Norm,Norm,1Fam,2Story,6,4,1880,1950,Gable,CompShg,Wd Sdng,Wd Sdng,BrkFace,0.0,TA,TA,BrkTil,TA,TA,Mn,Unf,0,Unf,0,1008,1008,GasW,TA,Y,SBrkr,1178,1032,0,2210,0,0,2,0,5,1,Fa,8,Typ,0,Gd,Detchd,1930.0,Unf,1,205,Fa,TA,N,0,48,0,0,0,0,Gd,MnPrv,Shed,0,5,2007,WD,Normal,117500,0.22320977679022322,2210,2.0,144,1,0,0,0,0
1134,60,RL,80.0,9828,Pave,Grvl,IR1,Lvl,AllPub,Inside,Gtl,SawyerW,Norm,Norm,1Fam,2Story,8,5,1995,1995,Gable,CompShg,VinylSd,VinylSd,BrkFace,0.0,Gd,TA,PConc,Gd,TA,No,GLQ,584,Unf,0,544,1128,GasA,Ex,Y,SBrkr,1142,878,0,2020,0,0,2,1,3,1,Gd,8,Typ,1,TA,Attchd,1995.0,RFn,2,466,TA,TA,Y,0,155,0,0,0,0,Gd,MnPrv,Shed,0,6,2009,WD,Normal,239500,0.20551429443483568,2020,2.5,29,0,0,0,1,0
1135,60,RL,57.0,8773,Pave,Grvl,IR1,HLS,AllPub,Inside,Gtl,Gilbert,Norm,Norm,1Fam,2Story,6,5,1997,1997,Gable,CompShg,VinylSd,VinylSd,BrkFace,0.0,TA,TA,PConc,Gd,TA,Av,Unf,0,Unf,0,916,916,GasA,Gd,Y,SBrkr,916,684,0,1600,0,0,2,1,3,1,TA,7,Typ,1,TA,Attchd,1997.0,Fin,2,460,TA,TA,Y,100,38,0,0,0,0,Gd,MnPrv,Shed,0,8,2007,WD,Normal,169000,0.18235696375655344,1600,2.5,27,0,0,0,1,3
1136,30,RM,60.0,6180,Pave,Grvl,Reg,Lvl,AllPub,Corner,Gtl,BrkSide,Norm,Norm,1Fam,1Story,6,5,1926,1950,Gable,CompShg,Wd Sdng,Wd Sdng,BrkFace,0.0,TA,TA,BrkTil,TA,TA,No,Unf,0,Unf,0,960,960,GasA,TA,N,SBrkr,986,0,0,986,0,0,1,0,2,1,TA,5,Typ,1,Gd,Detchd,1926.0,Unf,1,180,TA,TA,Y,0,128,0,0,0,0,Gd,MnPrv,Shed,0,5,2007,WD,Normal,102000,0.159521113088497,986,1.0,98,1,0,0,0,0
1137,50,RL,80.0,9600,Pave,Grvl,Reg,Lvl,AllPub,Inside,Gtl,NAmes,Norm,Norm,1Fam,1.5Fin,6,5,1950,1950,Gable,CompShg,VinylSd,VinylSd,BrkFace,0.0,TA,TA,CBlock,TA,TA,No,BLQ,280,Unf,0,752,1032,GasA,TA,Y,FuseA,1032,220,0,1252,0,0,1,0,3,1,TA,6,Typ,0,Gd,Attchd,1950.0,Unf,1,288,TA,TA,Y,0,0,96,0,0,0,Gd,MnPrv,Shed,0,4,2008,WD,Abnorml,119000,0.13040308301218623,1252,1.0,74,0,0,0,0,0
1138,50,RL,54.0,6342,Pave,Grvl,Reg,Lvl,AllPub,Inside,Gtl,Sawyer,Feedr,Norm,1Fam,1.5Fin,5,8,1875,1996,Gable,CompShg,VinylSd,VinylSd,BrkFace,0.0,TA,Gd,CBlock,TA,TA,No,Unf,0,Unf,0,780,780,GasA,Gd,N,SBrkr,780,240,0,1020,0,0,1,0,2,1,TA,6,Typ,0,Gd,Attchd,1980.0,Unf,0,0,TA,TA,N,0,0,176,0,0,0,Gd,MnPrv,Shed,0,5,2010,WD,Normal,94000,0.16080718902727417,1020,1.0,149,0,0,0,0,0
1139,20,RL,69.0,9819,Pave,Grvl,IR1,Lvl,AllPub,Inside,Mod,Mitchel,Norm,Norm,1Fam,1Story,6,5,1977,1977,Gable,CompShg,Plywood,ImStucc,BrkFace,0.0,TA,TA,PConc,TA,TA,Gd,ALQ,1567,Unf,0,0,1567,GasA,TA,Y,SBrkr,1567,0,0,1567,1,0,2,0,2,1,Gd,5,Typ,2,TA,Attchd,1977.0,RFn,2,714,TA,TA,Y,264,32,0,0,0,0,Gd,MnPrv,Shed,0,5,2009,WD,Normal,196000,0.15957230142566192,1567,2.0,47,0,0,0,1,0
1140,30,RL,98.0,8731,Pave,Grvl,IR1,Lvl,AllPub,Inside,Gtl,BrkSide,Norm,Norm,1Fam,1Story,5,5,1920,1950,Gable,CompShg,Stucco,Stucco,BrkFace,0.0,TA,Fa,BrkTil,TA,TA,No,BLQ,645,Unf,0,270,915,GasA,TA,Y,SBrkr,1167,0,0,1167,0,0,1,0,3,1,TA,6,Maj1,1,Gd,Detchd,1972.0,Unf,2,495,TA,TA,Y,0,0,216,0,126,0,Gd,MnPrv,Shed,0,5,2007,WD,Normal,144000,0.1336463582226294,1167,1.0,104,0,0,0,1,0
1141,20,RL,60.0,7350,Pave,Grvl,Reg,Lvl,AllPub,Corner,Gtl,NAmes,Norm,Norm,1Fam,1Story,5,7,1951,1951,Gable,CompShg,HdBoard,HdBoard,BrkFace,0.0,TA,TA,CBlock,TA,TA,Mn,ALQ,852,Unf,0,100,952,GasA,TA,Y,SBrkr,952,0,0,952,1,0,1,0,2,1,TA,4,Typ,0,Gd,Detchd,1988.0,Unf,2,840,TA,TA,Y,0,0,0,0,0,0,Gd,MnPrv,Shed,0,6,2008,COD,Abnorml,139000,0.12950618963406338,952,1.0,73,0,0,0,0,0
1142,60,RL,69.0,10304,Pave,Grvl,IR1,Lvl,AllPub,CulDSac,Gtl,NWAmes,PosN,Norm,1Fam,2Story,5,7,1976,1976,Gable,CompShg,Plywood,Plywood,BrkFace,44.0,TA,Gd,CBlock,TA,TA,No,ALQ,381,Unf,0,399,780,GasA,Ex,Y,SBrkr,1088,780,0,1868,1,0,2,1,4,1,Gd,9,Typ,1,TA,Attchd,1976.0,Unf,2,484,TA,TA,Y,448,96,0,0,0,0,Gd,MnPrv,Shed,0,10,2009,WD,Normal,197500,0.18127122755943717,1868,2.5,48,0,0,0,1,0
1143,60,RL,77.0,9965,Pave,Grvl,Reg,Lvl,AllPub,Inside,Gtl,CollgCr,Norm,Norm,1Fam,2Story,8,5,2006,2007,Hip,CompShg,VinylSd,VinylSd,Stone,340.0,Gd,TA,PConc,Ex,TA,Gd,GLQ,1150,Unf,0,316,1466,GasA,Ex,Y,SBrkr,1466,1362,0,2828,1,0,3,0,4,1,Gd,11,Typ,1,TA,BuiltIn,2006.0,RFn,3,1052,TA,TA,Y,125,144,0,0,0,0,Gd,MnPrv,Shed,0,4,2007,New,Partial,424870,0.2837648003210917,2828,3.0,18,0,0,0,0,0
1144,20,RL,69.0,9000,Pave,Grvl,Reg,Lvl,AllPub,Inside,Gtl,Sawyer,Norm,Norm,1Fam,1Story,5,3,1959,1959,Gable,CompShg,Wd Sdng,Plywood,BrkFace,0.0,TA,TA,CBlock,TA,TA,No,GLQ,288,Unf,0,718,1006,GasA,TA,Y,SBrkr,1006,0,0,1006,0,0,1,0,3,1,TA,5,Typ,0,Gd,Attchd,1980.0,Unf,0,0,TA,TA,Y,0,24,0,0,0,0,Gd,MnPrv,Shed,0,7,2008,WD,Normal,80000,0.11176535940451061,1006,1.0,65,0,0,0,0,0
1145,190,RL,60.0,12180,Pave,Grvl,Reg,Lvl,AllPub,Inside,Gtl,Edwards,Norm,Norm,2fmCon,1.5Fin,4,4,1941,1950,Gable,CompShg,MetalSd,MetalSd,BrkFace,0.0,TA,Fa,BrkTil,Gd,TA,No,BLQ,348,Unf,0,324,672,Grav,Fa,N,FuseA,672,252,0,924,1,0,1,0,2,1,Fa,5,Typ,0,Gd,Detchd,1941.0,Unf,1,280,TA,TA,Y,0,0,0,0,0,0,Gd,MnPrv,Shed,0,7,2010,WD,Normal,80000,0.07585584106395206,924,1.0,83,0,0,0,0,0
1146,50,RM,52.0,6240,Pave,Grvl,Reg,Lvl,AllPub,Inside,Gtl,BrkSide,Norm,Norm,1Fam,1.5Fin,5,6,1928,1950,Gable,CompShg,MetalSd,MetalSd,BrkFace,0.0,TA,TA,BrkTil,TA,TA,No,Unf,0,Unf,0,1042,1042,GasA,Ex,Y,SBrkr,1042,534,0,1576,0,0,1,0,3,1,TA,8,Typ,1,Gd,Detchd,1928.0,Unf,1,225,TA,TA,Y,0,0,0,0,0,0,Gd,MnPrv,Shed,0,8,2006,WD,Family,149000,0.25252363403300754,1576,1.0,96,1,0,0,0,0
1147,20,RL,69.0,11200,Pave,Grvl,Reg,Lvl,AllPub,Inside,Gtl,SawyerW,Norm,Norm,1Fam,1Story,6,5,1985,1985,Gable,CompShg,Wd Sdng,Wd Shng,BrkFace,85.0,Gd,TA,CBlock,Gd,TA,No,GLQ,1258,Unf,0,40,1298,GasA,TA,Y,SBrkr,1298,0,0,1298,1,0,2,0,3,1,Gd,5,Typ,1,TA,Attchd,1985.0,Unf,2,403,TA,TA,Y,165,26,0,0,0,0,Gd,MnPrv,Shed,0,5,2006,WD,Normal,180000,0.11588251049013482,1298,2.0,39,0,0,0,0,0
1148,70,RL,75.0,12000,Pave,Grvl,Reg,Bnk,AllPub,Inside,Gtl,Crawfor,Norm,Norm,1Fam,2Story,7,7,1941,1950,Gable,CompShg,MetalSd,MetalSd,BrkFace,0.0,TA,TA,CBlock,TA,TA,No,Rec,275,Unf,0,429,704,GasA,Ex,Y,SBrkr,860,704,0,1564,0,0,1,1,3,1,Fa,7,Typ,1,Gd,Attchd,1941.0,Unf,1,234,TA,TA,Y,0,0,0,0,0,0,Gd,MnPrv,Shed,0,7,2009,WD,Normal,174500,0.1303224731272394,1564,1.5,83,0,0,0,0,1
1149,50,RM,69.0,5700,Pave,Grvl,Reg,Lvl,AllPub,Inside,Gtl,OldTown,Norm,Norm,1Fam,1.5Fin,7,7,1926,1950,Gable,CompShg,Wd Sdng,Wd Sdng,BrkFace,0.0,TA,TA,PConc,TA,TA,No,Unf,0,Unf,0,572,572,GasA,TA,Y,SBrkr,572,539,0,1111,0,0,1,0,2,1,TA,5,Typ,1,Gd,Detchd,1982.0,Unf,1,288,TA,TA,Y,0,0,176,0,0,0,Gd,MnPrv,Shed,0,8,2008,WD,Normal,116900,0.19487809156288372,1111,1.0,98,1,0,0,0,0
1150,70,RM,50.0,9000,Pave,Grvl,Reg,Lvl,AllPub,Inside,Gtl,OldTown,Artery,Norm,1Fam,2Story,7,9,1920,1988,Hip,CompShg,VinylSd,VinylSd,BrkFace,0.0,TA,Gd,PConc,TA,TA,No,ALQ,624,Unf,0,26,650,GasA,Ex,Y,SBrkr,832,650,0,1482,0,1,1,0,3,1,TA,7,Typ,0,Gd,Detchd,1930.0,Unf,2,324,TA,TA,Y,0,0,0,0,0,0,Gd,MnPrv,Shed,0,7,2009,WD,Normal,143000,0.16464837240306632,1482,1.0,104,1,0,0,0,0
1151,20,RL,57.0,8280,Pave,Grvl,IR1,Lvl,AllPub,Inside,Gtl,NAmes,Norm,Norm,1Fam,1Story,6,5,1950,1950,Gable,CompShg,BrkFace,BrkFace,BrkFace,0.0,TA,TA,CBlock,TA,TA,No,Unf,0,Unf,0,932,932,GasA,Ex,Y,FuseA,932,0,0,932,0,0,1,0,2,1,Gd,4,Typ,1,Gd,Attchd,1950.0,Unf,1,306,TA,TA,Y,0,0,214,0,0,0,Gd,GdPrv,Shed,0,11,2007,WD,Normal,124000,0.11254679386547518,932,1.0,74,0,0,0,1,0
1152,20,RL,134.0,17755,Pave,Grvl,Reg,Lvl,AllPub,Inside,Gtl,Edwards,Norm,Norm,1Fam,1Story,5,4,1959,1959,Gable,CompShg,HdBoard,Plywood,BrkFace,132.0,TA,TA,CBlock,TA,TA,No,BLQ,176,Unf,0,1290,1466,GasA,TA,Y,SBrkr,1466,0,0,1466,0,0,1,1,3,1,Fa,6,Typ,2,Gd,Attchd,1959.0,Fin,2,528,TA,TA,Y,0,140,0,0,100,0,Gd,MnPrv,Shed,0,11,2006,WD,Normal,149900,0.08256364045956296,1466,1.5,65,0,0,0,0,0
1153,20,RL,90.0,14115,Pave,Grvl,IR1,Lvl,AllPub,Inside,Gtl,Crawfor,Norm,Norm,1Fam,1Story,6,7,1956,2004,Gable,CompShg,Stone,Stone,BrkFace,0.0,TA,TA,PConc,TA,TA,No,ALQ,296,GLQ,547,230,1073,GasA,Ex,Y,SBrkr,1811,0,0,1811,0,0,1,0,2,1,Ex,6,Typ,1,Gd,Attchd,1956.0,Fin,2,470,TA,TA,Y,0,0,280,0,0,0,Gd,MnPrv,Shed,0,7,2006,WD,Abnorml,230000,0.12829413431567016,1811,1.0,68,0,0,0,1,0
1154,30,RM,69.0,5890,Pave,Grvl,Reg,Lvl,AllPub,Corner,Gtl,IDOTRR,Norm,Norm,1Fam,1Story,6,8,1930,2007,Gable,CompShg,Wd Sdng,Wd Sdng,BrkFace,0.0,Gd,Gd,BrkTil,TA,TA,Av,ALQ,538,Unf,0,278,816,GasA,Ex,Y,SBrkr,816,0,0,816,0,0,1,0,2,1,TA,5,Typ,0,Gd,Detchd,2002.0,Unf,1,432,TA,TA,Y,0,0,96,0,0,0,Gd,MnPrv,Shed,0,6,2008,WD,Normal,120500,0.13851638092004753,816,1.0,94,1,0,0,0,0
1155,60,RL,69.0,13700,Pave,Grvl,IR1,Lvl,AllPub,Inside,Gtl,NAmes,Norm,Norm,1Fam,2Story,7,6,1965,1988,Gable,CompShg,VinylSd,VinylSd,Stone,288.0,TA,TA,CBlock,TA,TA,Gd,ALQ,454,Unf,0,410,864,GasA,TA,Y,SBrkr,902,918,0,1820,0,0,1,2,4,1,Gd,8,Typ,2,Gd,Attchd,1965.0,Unf,2,492,TA,TA,Y,60,84,0,0,273,0,Gd,GdPrv,Shed,0,5,2008,WD,Normal,201800,0.13283701919567914,1820,2.0,59,0,0,0,1,0
1156,20,RL,90.0,10768,Pave,Grvl,IR1,Lvl,AllPub,Corner,Gtl,Veenker,Norm,Norm,1Fam,1Story,5,8,1976,2004,Gable,CompShg,Plywood,Plywood,BrkFace,0.0,Gd,Gd,CBlock,Gd,TA,Gd,ALQ,1157,Unf,0,280,1437,GasA,TA,Y,SBrkr,1437,0,0,1437,1,0,2,0,3,1,Gd,6,Typ,1,Fa,Attchd,1976.0,RFn,2,528,TA,TA,Y,0,21,0,0,180,0,Gd,MnPrv,Shed,0,7,2007,WD,Normal,218000,0.1334385736837218,1437,2.0,48,0,0,0,1,0
1157,80,RL,85.0,9350,Pave,Grvl,Reg,Lvl,AllPub,Inside,Gtl,NAmes,Norm,Norm,1Fam,SLvl,5,8,1965,1999,Gable,CompShg,BrkFace,BrkFace,BrkFace,0.0,TA,Gd,PConc,TA,TA,Gd,ALQ,633,Unf,0,586,1219,GasA,Gd,Y,SBrkr,1265,0,0,1265,0,1,2,0,3,1,Gd,6,Typ,1,Gd,Attchd,1965.0,RFn,2,502,TA,TA,Y,0,92,0,96,0,0,Gd,MnPrv,Shed,0,10,2008,WD,Normal,179900,0.1352796492353759,1265,2.0,59,0,0,0,0,0
1158,120,RL,34.0,5001,Pave,Grvl,IR1,Lvl,AllPub,Inside,Gtl,NridgHt,Norm,Norm,Twnhs,1Story,7,5,2007,2008,Gable,CompShg,VinylSd,VinylSd,Stone,166.0,Gd,TA,PConc,Gd,TA,No,GLQ,904,Unf,0,410,1314,GasA,Ex,Y,SBrkr,1314,0,0,1314,1,0,2,0,2,1,Gd,6,Typ,1,Gd,Attchd,2008.0,RFn,2,626,TA,TA,Y,172,62,0,0,0,0,Gd,MnPrv,Shed,0,7,2009,WD,Normal,230000,0.26269492203118755,1314,2.0,17,0,0,0,1,0
1159,20,RL,92.0,11932,Pave,Grvl,Reg,Lvl,AllPub,FR2,Gtl,Somerst,Feedr,Norm,1Fam,1Story,8,5,2007,2008,Gable,CompShg,VinylSd,VinylSd,Stone,186.0,Gd,TA,PConc,Gd,TA,No,Unf,0,Unf,0,1580,1580,GasA,Ex,Y,SBrkr,1580,0,0,1580,0,0,2,0,3,1,Gd,7,Typ,0,Gd,Attchd,2008.0,RFn,3,830,TA,TA,Y,0,24,0,0,0,0,Gd,MnPrv,Shed,0,6,2008,ConLD,Partial,235128,0.13240593312662366,1580,2.0,17,0,0,0,0,0
1160,60,RL,76.0,9120,Pave,Grvl,Reg,Lvl,AllPub,Inside,Gtl,NWAmes,Norm,Norm,1Fam,2Story,6,6,1974,1974,Hip,CompShg,HdBoard,HdBoard,BrkFace,270.0,Gd,TA,CBlock,TA,TA,No,ALQ,442,Unf,0,459,901,GasA,TA,Y,SBrkr,943,933,0,1876,0,0,2,1,4,1,Gd,8,Typ,1,TA,Attchd,1974.0,RFn,2,540,Gd,TA,Y,0,69,0,0,0,0,Gd,MnPrv,Shed,0,7,2008,WD,Normal,185000,0.2056792018419033,1876,2.5,50,0,0,0,0,0
1161,160,RL,24.0,2280,Pave,Grvl,Reg,Lvl,AllPub,Inside,Gtl,NPkVill,Norm,Norm,Twnhs,2Story,6,5,1978,1978,Gable,CompShg,Plywood,Brk Cmn,BrkFace,0.0,TA,TA,CBlock,Gd,TA,No,ALQ,311,Unf,0,544,855,GasA,Fa,Y,SBrkr,855,601,0,1456,0,0,2,1,3,1,TA,7,Typ,1,TA,Attchd,1978.0,Unf,2,440,TA,TA,Y,26,0,0,0,0,0,Gd,MnPrv,Shed,0,7,2010,WD,Normal,146000,0.6383165278386672,1456,2.5,46,0,0,0,0,0
1162,20,RL,69.0,14778,Pave,Grvl,IR1,Low,AllPub,CulDSac,Gtl,Crawfor,PosN,Norm,1Fam,1Story,6,7,1954,2006,Hip,CompShg,HdBoard,HdBoard,BrkFace,72.0,Gd,TA,CBlock,TA,TA,No,BLQ,728,Unf,0,568,1296,GasA,Ex,Y,SBrkr,1640,0,0,1640,1,0,1,0,3,1,Gd,7,Typ,1,Gd,Detchd,1993.0,Unf,2,924,TA,TA,Y,108,0,0,216,0,0,Gd,MnPrv,Shed,0,11,2008,WD,Normal,224000,0.11096826578252926,1640,1.0,70,0,0,0,1,2
1163,20,RL,109.0,8724,Pave,Grvl,Reg,Lvl,AllPub,Inside,Gtl,Sawyer,Norm,Norm,1Fam,1Story,5,5,1968,1968,Gable,CompShg,VinylSd,VinylSd,BrkFace,0.0,TA,TA,CBlock,Gd,TA,No,BLQ,492,Unf,0,402,894,GasA,Gd,Y,SBrkr,894,0,0,894,0,0,1,0,3,1,TA,5,Typ,1,Po,Attchd,1968.0,Fin,2,450,TA,TA,Y,0,0,0,0,0,0,Gd,MnPrv,Shed,0,5,2007,WD,Normal,129000,0.10246418338108883,894,1.0,56,0,0,0,0,0
1164,90,RL,60.0,12900,Pave,Grvl,Reg,Lvl,AllPub,Inside,Gtl,Sawyer,Feedr,Norm,Duplex,SFoyer,4,4,1969,1969,Gable,CompShg,Plywood,Plywood,BrkFace,0.0,TA,TA,CBlock,Gd,TA,Av,GLQ,1198,Unf,0,0,1198,GasA,TA,Y,SBrkr,1258,0,0,1258,2,0,0,2,0,2,TA,6,Typ,0,Gd,CarPort,1969.0,Unf,2,400,Fa,TA,Y,120,0,0,0,0,0,Gd,MnPrv,Shed,0,1,2008,WD,Alloca,108959,0.09751182078908611,1258,1.0,55,0,0,0,0,0
1165,80,RL,69.0,16157,Pave,Grvl,IR1,Lvl,AllPub,FR2,Gtl,Veenker,Feedr,Norm,1Fam,SLvl,5,7,1978,1978,Gable,CompShg,Plywood,Plywood,BrkFace,0.0,TA,TA,PConc,Gd,TA,Gd,ALQ,680,Rec,391,289,1360,GasA,Ex,Y,SBrkr,1432,0,0,1432,1,0,1,1,2,1,Gd,5,Typ,1,TA,Attchd,1978.0,Unf,2,588,TA,TA,Y,168,180,0,0,0,0,Gd,MnPrv,Shed,0,6,2007,WD,Normal,194000,0.08862482980566902,1432,1.5,46,0,0,0,1,0
1166,20,RL,79.0,9541,Pave,Grvl,IR1,Lvl,AllPub,Inside,Gtl,NridgHt,Norm,Norm,1Fam,1Story,7,5,2009,2009,Gable,CompShg,VinylSd,VinylSd,Stone,268.0,Gd,TA,PConc,Gd,TA,No,Unf,0,Unf,0,1502,1502,GasA,Ex,Y,SBrkr,1502,0,0,1502,0,0,2,0,3,1,Gd,7,Typ,0,Gd,Attchd,2009.0,RFn,2,644,TA,TA,Y,0,114,0,0,0,0,Gd,MnPrv,Shed,0,9,2009,New,Partial,233170,0.15740934814504295,1502,2.0,15,0,0,0,1,0
1167,20,RL,64.0,10475,Pave,Grvl,IR1,Lvl,AllPub,Corner,Gtl,CollgCr,Norm,Norm,1Fam,1Story,8,5,2008,2008,Gable,CompShg,VinylSd,VinylSd,Stone,72.0,Gd,TA,PConc,Gd,TA,Av,Unf,0,Unf,0,1694,1694,GasA,Ex,Y,SBrkr,1694,0,0,1694,0,0,2,0,3,1,Gd,7,Typ,0,Gd,Attchd,2008.0,RFn,3,776,TA,TA,Y,160,33,0,0,0,0,Gd,MnPrv,Shed,0,2,2010,WD,Normal,245350,0.1617029400534555,1694,2.0,16,0,0,0,1,0
1168,60,RL,58.0,10852,Pave,Grvl,IR1,Lvl,AllPub,Inside,Gtl,Gilbert,RRAn,Norm,1Fam,2Story,6,5,2000,2000,Gable,CompShg,VinylSd,VinylSd,BrkFace,0.0,TA,TA,PConc,Gd,TA,No,GLQ,786,Unf,0,173,959,GasA,Ex,Y,SBrkr,959,712,0,1671,1,0,2,1,3,1,TA,7,Typ,1,TA,Attchd,2000.0,Fin,2,472,TA,TA,Y,0,38,0,0,0,0,Gd,MnPrv,Shed,0,2,2006,WD,Normal,173000,0.15396664516723488,1671,2.5,24,0,0,0,1,0
1169,70,RL,120.0,13728,Pave,Grvl,Reg,Lvl,AllPub,Corner,Gtl,Edwards,Norm,Norm,1Fam,2Story,6,7,1935,1986,Hip,CompShg,Stucco,Stucco,BrkFace,0.0,TA,TA,CBlock,TA,TA,No,Rec,626,Unf,0,501,1127,GasA,Ex,Y,SBrkr,1236,872,0,2108,0,0,2,0,4,1,Gd,7,Typ,2,TA,Basment,1935.0,Unf,2,540,TA,TA,Y,0,0,0,0,90,0,Gd,MnPrv,Shed,0,7,2008,WD,Normal,235000,0.15354359385242916,2108,2.0,89,0,0,0,0,0
1170,60,RL,118.0,35760,Pave,Grvl,IR1,Lvl,AllPub,CulDSac,Gtl,NoRidge,Norm,Norm,1Fam,2Story,10,5,1995,1996,Hip,CompShg,HdBoard,HdBoard,BrkFace,1378.0,Gd,Gd,PConc,Ex,TA,Gd,GLQ,1387,Unf,0,543,1930,GasA,Ex,Y,SBrkr,1831,1796,0,3627,1,0,3,1,4,1,Gd,10,Typ,1,TA,Attchd,1995.0,Fin,3,807,TA,TA,Y,361,76,0,0,0,0,Gd,MnPrv,Shed,0,7,2006,WD,Normal,625000,0.10142333827353821,3627,3.5,29,0,0,0,1,0
1171,80,RL,76.0,9880,Pave,Grvl,Reg,Lvl,AllPub,Inside,Gtl,Mitchel,Norm,Norm,1Fam,SLvl,6,6,1977,1977,Gable,CompShg,Plywood,Plywood,BrkFace,0.0,TA,TA,CBlock,TA,TA,Av,ALQ,522,Unf,0,574,1096,GasA,TA,Y,SBrkr,1118,0,0,1118,1,0,1,0,3,1,TA,6,Typ,1,Po,Attchd,1977.0,Fin,1,358,TA,TA,Y,203,0,0,0,0,576,Gd,GdPrv,Shed,0,7,2008,WD,Normal,171000,0.11314644266774618,1118,1.0,47,0,0,0,0,0
1172,20,RL,76.0,9120,Pave,Grvl,Reg,Lvl,AllPub,Inside,Gtl,NAmes,Norm,Norm,1Fam,1Story,6,6,1958,1958,Hip,CompShg,MetalSd,MetalSd,BrkFace,0.0,TA,TA,CBlock,TA,TA,No,ALQ,662,Unf,0,599,1261,GasA,Ex,Y,SBrkr,1261,0,0,1261,1,0,1,0,3,1,TA,6,Typ,1,TA,Attchd,1958.0,RFn,2,433,TA,TA,Y,0,0,0,0,288,0,Gd,MnPrv,Shed,1400,11,2008,WD,Normal,163000,0.138252384606951,1261,1.0,66,0,0,0,0,0
1173,160,FV,35.0,4017,Pave,Pave,IR1,Lvl,AllPub,Inside,Gtl,Somerst,Norm,Norm,TwnhsE,2Story,7,5,2006,2007,Gable,CompShg,MetalSd,MetalSd,BrkFace,0.0,Gd,TA,PConc,Gd,TA,No,Unf,0,Unf,0,625,625,GasA,Ex,Y,SBrkr,625,625,0,1250,0,0,2,1,2,1,Gd,5,Typ,0,Gd,Detchd,2006.0,Fin,2,625,TA,TA,Y,0,54,0,0,0,0,Gd,MnPrv,Shed,0,3,2008,WD,Normal,171900,0.31110004977600797,1250,2.5,18,3,0,1,1,0
1174,50,RL,138.0,18030,Pave,Grvl,IR1,Bnk,AllPub,Inside,Gtl,ClearCr,Norm,Norm,1Fam,1.5Fin,5,6,1946,1994,Gable,CompShg,MetalSd,MetalSd,BrkFace,0.0,TA,TA,CBlock,TA,TA,No,Rec,152,BLQ,469,977,1598,GasA,TA,Y,SBrkr,1636,971,479,3086,0,0,3,0,3,1,Ex,12,Maj1,1,Gd,Attchd,1980.0,Unf,0,0,TA,TA,Y,122,0,0,0,0,0,Gd,MnPrv,Shed,0,3,2007,WD,Normal,200500,0.17114968665076813,2607,3.0,78,0,0,0,1,1
1175,70,RL,80.0,16560,Pave,Grvl,IR1,Lvl,AllPub,Inside,Gtl,Crawfor,Norm,Norm,1Fam,2Story,6,8,1932,1950,Gable,CompShg,Wd Sdng,Wd Sdng,BrkFace,0.0,TA,TA,BrkTil,Gd,TA,No,Rec,503,Unf,0,449,952,GasA,TA,Y,SBrkr,1170,1175,0,2345,0,0,2,1,4,1,TA,9,Typ,1,Gd,Detchd,1932.0,Unf,2,360,TA,TA,Y,0,0,0,0,0,0,Gd,MnPrv,Shed,0,7,2006,WD,Normal,239000,0.14159772960570013,2345,2.5,92,0,0,0,1,0
1176,50,RL,85.0,10678,Pave,Grvl,Reg,Lvl,AllPub,Inside,Gtl,NoRidge,Norm,Norm,1Fam,1.5Fin,8,5,1992,2000,Hip,CompShg,HdBoard,HdBoard,BrkFace,337.0,Gd,TA,PConc,Gd,TA,No,GLQ,700,Unf,0,983,1683,GasA,Ex,Y,SBrkr,2129,743,0,2872,0,0,2,1,4,1,Gd,9,Typ,1,TA,Attchd,1992.0,Fin,2,541,TA,TA,Y,0,33,0,0,0,0,Gd,MnPrv,Shed,0,4,2007,WD,Normal,285000,0.2689390392358835,2872,2.5,32,0,0,0,0,0
1177,20,RL,37.0,6951,Pave,Grvl,IR1,Lvl,AllPub,CulDSac,Gtl,Mitchel,Norm,Norm,1Fam,1Story,5,5,1984,1985,Gable,CompShg,HdBoard,Plywood,BrkFace,0.0,TA,TA,CBlock,TA,TA,No,ALQ,658,Unf,0,218,876,GasA,TA,Y,SBrkr,923,0,0,923,1,0,1,0,3,1,TA,5,Typ,0,Gd,Attchd,1984.0,Unf,1,264,TA,TA,Y,362,0,0,0,0,0,Gd,MnPrv,Shed,0,10,2008,WD,Normal,119500,0.1327675489067894,923,1.0,40,0,0,0,1,0
1178,50,RM,69.0,3950,Pave,Grvl,Reg,Bnk,AllPub,Inside,Gtl,OldTown,Artery,Norm,1Fam,1.5Fin,6,8,1926,2004,Gable,CompShg,MetalSd,MetalSd,BrkFace,0.0,TA,TA,CBlock,TA,TA,No,Rec,468,Unf,0,350,818,GasA,TA,Y,SBrkr,818,406,0,1224,0,0,1,0,3,1,TA,5,Typ,0,Gd,Detchd,1926.0,Unf,1,210,TA,TA,N,0,0,116,0,0,0,Gd,MnPrv,Shed,0,12,2009,WD,Normal,115000,0.3097949886104784,1224,1.0,98,1,0,0,0,1
1179,50,RL,54.0,7681,Pave,Grvl,IR1,Lvl,AllPub,FR2,Gtl,Crawfor,Norm,Norm,1Fam,1.5Fin,5,6,1921,1950,Gable,CompShg,Wd Sdng,Wd Sdng,BrkFace,0.0,TA,TA,BrkTil,TA,TA,No,Unf,0,Unf,0,731,731,GasA,Ex,Y,SBrkr,820,523,0,1343,0,0,1,1,3,1,TA,7,Typ,1,Gd,Detchd,1921.0,Unf,1,186,Fa,TA,Y,192,0,102,0,0,0,Gd,MnPrv,Shed,0,7,2009,WD,Normal,154900,0.17482426451444935,1343,1.5,103,0,0,0,1,0
1180,20,RL,77.0,8335,Pave,Grvl,Reg,Lvl,AllPub,Corner,Gtl,Edwards,Norm,Norm,1Fam,1Story,5,5,1954,1954,Gable,CompShg,Wd Sdng,Wd Sdng,BrkFace,0.0,TA,TA,Slab,TA,TA,No,Unf,0,Unf,0,0,0,GasA,Gd,Y,SBrkr,1124,0,0,1124,0,0,1,0,3,1,TA,5,Min2,1,Gd,Attchd,1980.0,Unf,0,0,TA,TA,N,0,36,190,0,0,0,Gd,MnPrv,Shed,0,4,2006,WD,Normal,93000,0.13483685220729366,1124,1.0,70,0,0,0,0,0
1181,60,RL,69.0,11170,Pave,Grvl,IR2,Lvl,AllPub,Corner,Gtl,Timber,Norm,Norm,1Fam,2Story,7,5,1990,1991,Gable,CompShg,MetalSd,MetalSd,BrkFace,0.0,TA,TA,Wood,Gd,TA,No,LwQ,1216,Unf,0,0,1216,GasA,Ex,Y,SBrkr,1298,1216,0,2514,0,0,2,1,4,1,TA,8,Typ,0,Gd,Attchd,1990.0,Fin,2,693,TA,TA,Y,0,0,0,0,0,0,Gd,GdPrv,Shed,0,4,2006,WD,Normal,250000,0.22504699668785247,2514,2.5,34,0,0,0,2,0
1182,120,RM,64.0,5587,Pave,Grvl,IR1,HLS,AllPub,Inside,Mod,Crawfor,Norm,Norm,TwnhsE,1Story,8,5,2008,2008,Hip,CompShg,CemntBd,CmentBd,Stone,186.0,Ex,TA,PConc,Ex,TA,Gd,GLQ,1480,Unf,0,120,1600,GasA,Ex,Y,SBrkr,1652,0,0,1652,1,1,2,0,2,1,Gd,5,Typ,1,Gd,Attchd,2008.0,Fin,2,482,TA,TA,Y,162,53,0,153,0,0,Gd,MnPrv,Shed,0,11,2008,New,Partial,392500,0.2956335003579098,1652,2.0,16,1,0,0,1,3
1183,60,RL,160.0,15623,Pave,Grvl,IR1,Lvl,AllPub,Corner,Gtl,NoRidge,Norm,Norm,1Fam,2Story,10,5,1996,1996,Hip,CompShg,Wd Sdng,ImStucc,BrkFace,0.0,Gd,TA,PConc,Ex,TA,Av,GLQ,2096,Unf,0,300,2396,GasA,Ex,Y,SBrkr,2411,2065,0,4476,1,0,3,1,4,1,Ex,10,Typ,2,TA,Attchd,1996.0,Fin,3,813,TA,TA,Y,171,78,0,0,0,555,Ex,MnPrv,Shed,0,7,2007,WD,Abnorml,745000,0.28648233486943164,4476,3.5,28,0,0,0,1,0
1184,30,RL,60.0,10800,Pave,Grvl,Reg,Lvl,AllPub,Inside,Gtl,OldTown,Norm,Norm,1Fam,1Story,5,6,1920,1950,Hip,CompShg,Stucco,Stucco,BrkFace,0.0,TA,TA,BrkTil,TA,TA,No,Rec,821,Unf,0,299,1120,GasA,Ex,Y,SBrkr,1130,0,0,1130,1,0,1,0,2,1,TA,5,Typ,1,Gd,Detchd,1970.0,Unf,2,720,TA,TA,Y,229,0,0,0,0,0,Gd,MnPrv,Shed,0,6,2006,WD,Normal,120000,0.1046199425979076,1130,1.0,104,0,0,0,0,0
1185,20,RL,50.0,35133,Grvl,Grvl,Reg,Lvl,AllPub,Inside,Mod,Timber,Norm,Norm,1Fam,1Story,5,4,1963,1963,Hip,CompShg,MetalSd,MetalSd,BrkFace,226.0,TA,TA,CBlock,TA,TA,Gd,Rec,1159,Unf,0,413,1572,GasA,Gd,Y,SBrkr,1572,0,0,1572,1,0,1,1,3,1,TA,5,Typ,2,TA,2Types,1963.0,RFn,3,995,TA,TA,Y,0,263,0,0,263,0,Gd,MnPrv,Shed,0,5,2007,WD,Normal,186700,0.044742984004098596,1572,1.5,61,0,1,0,0,0
1186,50,RL,60.0,9738,Pave,Grvl,Reg,Lvl,AllPub,Inside,Gtl,Edwards,Norm,Norm,1Fam,1.5Fin,5,7,1924,1950,Gable,CompShg,AsbShng,AsbShng,BrkFace,0.0,TA,Gd,BrkTil,TA,TA,No,BLQ,392,Unf,0,392,784,GasA,Gd,Y,SBrkr,949,272,0,1221,1,0,1,0,4,1,TA,7,Typ,0,Gd,Attchd,1965.0,Unf,1,392,TA,TA,Y,0,0,236,0,0,0,Gd,MnPrv,Shed,0,3,2006,WD,Normal,104900,0.1253722148064483,1221,1.0,100,0,0,0,0,0
1187,190,RL,107.0,10615,Pave,Grvl,IR1,Bnk,AllPub,Corner,Mod,OldTown,Artery,Artery,2fmCon,2Story,3,5,1900,1970,Gable,CompShg,HdBoard,HdBoard,BrkFace,0.0,TA,TA,CBlock,Fa,TA,Mn,BLQ,440,Unf,0,538,978,GasA,TA,Y,SBrkr,1014,685,0,1699,1,0,2,0,3,2,TA,7,Typ,0,Gd,CarPort,1920.0,Unf,2,420,Fa,Fa,Y,0,74,0,0,0,0,Gd,MnPrv,Shed,0,8,2009,WD,Abnorml,95000,0.16004144687264507,1699,2.0,124,0,0,0,1,1
1188,20,RL,89.0,12461,Pave,Grvl,Reg,Lvl,AllPub,Corner,Gtl,NoRidge,Norm,Norm,1Fam,1Story,8,5,1994,1995,Gable,CompShg,ImStucc,ImStucc,BrkFace,0.0,Gd,TA,PConc,Gd,TA,No,GLQ,1456,Unf,0,168,1624,GasA,Ex,Y,SBrkr,1624,0,0,1624,1,0,2,0,2,1,Gd,5,Typ,1,Fa,Attchd,1994.0,RFn,3,757,TA,TA,Y,0,114,192,0,0,0,Gd,GdPrv,Shed,0,7,2006,WD,Normal,262000,0.13031616112983468,1624,2.0,30,0,0,0,0,0
1189,60,RL,68.0,8935,Pave,Grvl,IR1,Lvl,AllPub,Inside,Gtl,CollgCr,Norm,Norm,1Fam,2Story,7,5,2002,2002,Gable,CompShg,VinylSd,VinylSd,BrkFace,95.0,Gd,TA,PConc,Gd,TA,No,Unf,0,Unf,0,831,831,GasA,Ex,Y,SBrkr,831,829,0,1660,0,0,2,1,3,1,Gd,7,Typ,0,Gd,Attchd,2002.0,RFn,2,493,TA,TA,Y,144,68,0,0,0,0,Gd,MnPrv,Shed,0,7,2009,WD,Normal,195000,0.18576544315129812,1660,2.5,22,0,0,0,1,0
1190,60,RL,60.0,7500,Pave,Grvl,Reg,Lvl,AllPub,Inside,Gtl,Gilbert,Norm,Norm,1Fam,2Story,7,5,1999,1999,Gable,CompShg,VinylSd,VinylSd,BrkFace,0.0,TA,TA,PConc,TA,TA,No,Unf,0,Unf,0,994,994,GasA,Gd,Y,SBrkr,1028,776,0,1804,0,0,2,1,3,1,Gd,7,Typ,1,TA,Attchd,1999.0,Fin,2,442,TA,TA,Y,140,60,0,0,0,0,Gd,MnPrv,Shed,0,6,2010,WD,Normal,189000,0.2405012664978003,1804,2.5,25,0,0,0,0,0
1191,190,RL,69.0,32463,Pave,Grvl,Reg,Low,AllPub,Inside,Mod,Mitchel,Norm,Norm,2fmCon,1Story,4,4,1961,1975,Gable,CompShg,MetalSd,MetalSd,Stone,149.0,TA,Gd,CBlock,TA,TA,Av,BLQ,1159,Unf,0,90,1249,GasA,Ex,Y,SBrkr,1622,0,0,1622,1,0,1,0,3,1,TA,7,Typ,1,TA,2Types,1975.0,Fin,4,1356,TA,TA,Y,439,0,0,0,0,0,Gd,MnPrv,Shed,0,3,2007,WD,Normal,168000,0.04996303597831444,1622,1.0,63,0,0,0,0,2
1192,160,FV,24.0,2645,Pave,Pave,Reg,Lvl,AllPub,Inside,Gtl,Somerst,Norm,Norm,Twnhs,2Story,8,5,1999,2000,Gable,CompShg,MetalSd,MetalSd,BrkFace,456.0,Gd,TA,PConc,Gd,TA,No,Unf,0,Unf,0,776,776,GasA,Ex,Y,SBrkr,764,677,0,1441,0,0,2,1,2,1,Gd,5,Typ,0,Gd,Detchd,1999.0,Unf,2,492,TA,TA,Y,206,0,0,0,0,0,Gd,MnPrv,Shed,0,11,2007,WD,Normal,174000,0.5445956160241875,1441,2.5,25,3,0,1,0,0
1193,50,RM,60.0,9600,Pave,Grvl,Reg,Lvl,AllPub,Inside,Gtl,OldTown,Norm,Norm,1Fam,1.5Fin,5,8,1925,1994,Gambrel,CompShg,VinylSd,VinylSd,BrkFace,0.0,TA,TA,PConc,TA,TA,Mn,Unf,0,Unf,0,702,702,GasA,Gd,Y,SBrkr,842,630,0,1472,0,0,1,0,3,1,Gd,6,Typ,0,Gd,Detchd,1925.0,Unf,1,250,TA,Fa,P,0,0,84,0,0,0,Gd,GdWo,Shed,0,7,2007,WD,Normal,125000,0.15331736277471097,1472,1.0,99,1,0,0,0,0
1194,120,RM,69.0,4500,Pave,Grvl,Reg,Lvl,AllPub,FR2,Gtl,Mitchel,Norm,Norm,TwnhsE,1Story,6,5,1999,1999,Hip,CompShg,VinylSd,VinylSd,BrkFace,425.0,TA,TA,PConc,Ex,TA,No,GLQ,883,Unf,0,341,1224,GasA,Ex,Y,SBrkr,1224,0,0,1224,1,0,2,0,2,1,TA,5,Typ,0,Gd,Attchd,1999.0,Fin,2,402,TA,TA,Y,0,304,0,0,0,0,Gd,MnPrv,Shed,0,6,2009,WD,Normal,165000,0.2719395689846701,1224,2.0,25,1,0,0,0,0
1195,60,RL,80.0,9364,Pave,Grvl,Reg,Lvl,AllPub,Corner,Gtl,Sawyer,Norm,Norm,1Fam,2Story,6,7,1969,1969,Gable,CompShg,HdBoard,HdBoard,Stone,143.0,TA,TA,CBlock,TA,TA,No,ALQ,371,Unf,0,292,663,GasA,TA,Y,SBrkr,663,689,0,1352,0,0,1,1,4,1,TA,7,Typ,0,Gd,Attchd,1969.0,Fin,1,299,TA,TA,Y,379,36,0,0,0,0,Gd,MnPrv,Shed,0,3,2010,WD,Normal,158000,0.14436732514682327,1352,1.5,55,0,0,0,0,0
1196,60,RL,51.0,8029,Pave,Grvl,IR1,Lvl,AllPub,Inside,Gtl,Gilbert,Norm,Norm,1Fam,2Story,6,5,2005,2005,Gable,CompShg,VinylSd,VinylSd,BrkFace,0.0,TA,TA,PConc,Gd,TA,No,Unf,0,Unf,0,728,728,GasA,Ex,Y,SBrkr,728,728,0,1456,0,0,2,1,3,1,Gd,8,Typ,0,Gd,Attchd,2005.0,Fin,2,400,TA,TA,Y,100,24,0,0,0,0,Gd,MnPrv,Shed,0,7,2008,WD,Normal,176000,0.1813200498132005,1456,2.5,19,0,0,0,1,0
1197,60,RL,58.0,14054,Pave,Grvl,IR1,Lvl,AllPub,Inside,Gtl,Gilbert,Norm,Norm,1Fam,2Story,7,5,2006,2006,Gable,CompShg,VinylSd,VinylSd,BrkFace,0.0,Gd,TA,PConc,Gd,TA,Av,Unf,0,Unf,0,879,879,GasA,Ex,Y,SBrkr,879,984,0,1863,0,0,2,1,4,1,Gd,9,Typ,1,Gd,BuiltIn,2006.0,Fin,3,660,TA,TA,Y,100,17,0,0,0,0,Gd,MnPrv,Shed,0,11,2006,New,Partial,219210,0.13255069370330844,1863,2.5,18,0,0,0,1,0
1198,75,RM,65.0,8850,Pave,Grvl,IR1,Bnk,AllPub,Corner,Gtl,OldTown,Norm,Norm,1Fam,2.5Unf,7,6,1916,1950,Gable,CompShg,MetalSd,MetalSd,BrkFace,0.0,TA,TA,BrkTil,TA,TA,No,Unf,0,Unf,0,815,815,GasA,Ex,Y,SBrkr,815,875,0,1690,0,0,1,0,3,1,TA,7,Typ,1,Gd,Detchd,1916.0,Unf,1,225,TA,TA,Y,0,0,330,0,0,0,Gd,MnPrv,Shed,0,7,2006,ConLw,Normal,144000,0.19093887696305503,1690,1.0,108,1,0,0,1,1
1199,20,RL,70.0,9100,Pave,Grvl,Reg,Lvl,AllPub,Inside,Gtl,CollgCr,Norm,Norm,1Fam,1Story,7,5,2001,2001,Gable,CompShg,VinylSd,VinylSd,BrkFace,0.0,Gd,TA,PConc,Gd,TA,No,Unf,0,Unf,0,1212,1212,GasA,Ex,Y,SBrkr,1212,0,0,1212,0,0,2,0,3,1,Gd,6,Typ,0,Gd,Attchd,2001.0,RFn,2,573,TA,TA,Y,356,0,0,0,0,0,Gd,MnPrv,Shed,0,6,2009,WD,Normal,178000,0.1331721788814416,1212,2.0,23,0,0,0,0,0
1200,20,RL,75.0,11235,Pave,Grvl,Reg,Lvl,AllPub,Inside,Gtl,Sawyer,Norm,Norm,1Fam,1Story,4,5,1963,1979,Gable,CompShg,HdBoard,HdBoard,BrkFace,51.0,TA,TA,CBlock,TA,TA,No,Rec,547,Unf,0,504,1051,GasA,Gd,Y,SBrkr,1382,0,0,1382,0,0,1,1,3,1,TA,6,Typ,1,Po,Attchd,1974.0,Unf,2,459,TA,TA,Y,0,82,0,0,0,0,Gd,MnPrv,Shed,0,10,2006,WD,Normal,148000,0.12299750800996796,1382,1.5,61,0,0,0,0,0
1201,20,RL,71.0,9353,Pave,Grvl,Reg,Lvl,AllPub,Inside,Gtl,NAmes,Norm,Norm,1Fam,1Story,4,5,1970,1970,Gable,CompShg,MetalSd,MetalSd,BrkFace,0.0,TA,TA,CBlock,TA,TA,No,Unf,0,Unf,0,864,864,GasA,Gd,Y,SBrkr,864,0,0,864,0,0,1,0,3,1,TA,5,Typ,0,Gd,Attchd,1972.0,Unf,1,280,TA,TA,Y,0,0,0,0,0,0,Gd,MnPrv,Shed,0,7,2006,Oth,Abnorml,116050,0.09236690186016677,864,1.0,54,0,0,0,0,0
1202,60,RL,80.0,10400,Pave,Grvl,Reg,Lvl,AllPub,Corner,Gtl,CollgCr,Norm,Norm,1Fam,2Story,7,5,1998,1998,Gable,CompShg,VinylSd,VinylSd,BrkFace,0.0,TA,TA,PConc,Gd,TA,Av,Unf,0,Unf,0,866,866,GasA,Ex,Y,SBrkr,866,913,0,1779,0,0,2,1,3,1,Gd,6,Typ,0,Gd,Attchd,1998.0,RFn,2,546,TA,TA,Y,198,36,0,0,0,0,Gd,MnPrv,Shed,0,3,2009,WD,Normal,197900,0.1710412460340352,1779,2.5,26,0,0,0,0,0
1203,50,RM,50.0,6000,Pave,Grvl,Reg,Lvl,AllPub,Corner,Gtl,BrkSide,Norm,Norm,1Fam,1.5Fin,5,8,1925,1997,Gable,CompShg,Wd Sdng,Wd Sdng,BrkFace,0.0,TA,TA,BrkTil,TA,TA,No,Unf,0,Unf,0,884,884,GasA,Ex,Y,SBrkr,884,464,0,1348,1,0,1,0,3,1,TA,5,Typ,1,Fa,Detchd,1960.0,Unf,1,216,TA,TA,N,0,0,208,0,0,0,Gd,MnPrv,Shed,0,5,2009,WD,Normal,117000,0.22462922846192301,1348,1.0,99,1,0,0,0,0
1204,20,RL,75.0,9750,Pave,Grvl,Reg,Lvl,AllPub,Inside,Gtl,CollgCr,Norm,Norm,1Fam,1Story,7,5,2000,2001,Gable,CompShg,VinylSd,VinylSd,BrkFace,171.0,Gd,TA,PConc,Gd,TA,No,Unf,0,Unf,0,1630,1630,GasA,Ex,Y,SBrkr,1630,0,0,1630,0,0,2,0,3,1,Gd,6,Typ,1,TA,Attchd,2000.0,Unf,2,451,TA,TA,Y,74,234,0,0,0,0,Gd,MnPrv,Shed,0,10,2009,WD,Normal,213000,0.16716234232386423,1630,2.0,24,0,0,0,0,0
1205,20,RL,78.0,10140,Pave,Grvl,Reg,Lvl,AllPub,Inside,Gtl,NWAmes,Norm,Norm,1Fam,1Story,5,6,1975,1975,Gable,CompShg,HdBoard,HdBoard,BrkFace,0.0,TA,TA,CBlock,Gd,TA,No,ALQ,788,Unf,0,268,1056,GasA,Ex,Y,SBrkr,1074,0,0,1074,1,0,1,1,3,1,TA,6,Typ,0,Gd,Attchd,1975.0,RFn,2,495,TA,TA,Y,0,88,0,0,0,0,Gd,MnPrv,Shed,0,7,2006,WD,Normal,153500,0.10590671531407159,1074,1.5,49,0,0,0,0,0
1206,20,RL,90.0,14684,Pave,Grvl,IR1,Lvl,AllPub,CulDSac,Gtl,SawyerW,Norm,Norm,1Fam,1Story,7,7,1990,1991,Hip,CompShg,HdBoard,HdBoard,BrkFace,234.0,Gd,TA,CBlock,Gd,TA,Mn,ALQ,485,BLQ,177,1496,2158,GasA,Gd,Y,SBrkr,2196,0,0,2196,0,0,2,0,3,1,Gd,7,Typ,1,TA,Attchd,1990.0,RFn,3,701,TA,TA,Y,84,70,0,0,0,0,Gd,MnPrv,Shed,0,6,2009,WD,Normal,271900,0.1495403472931563,2196,2.0,34,0,0,0,1,0
1207,20,RH,69.0,8900,Pave,Grvl,Reg,Lvl,AllPub,Inside,Gtl,SawyerW,Norm,Norm,1Fam,1Story,4,4,1966,1966,Gable,CompShg,HdBoard,HdBoard,BrkFace,0.0,TA,TA,CBlock,TA,TA,No,Rec,1056,Unf,0,0,1056,GasA,TA,Y,SBrkr,1056,0,0,1056,1,0,1,0,2,1,TA,5,Typ,0,Gd,Detchd,1966.0,Unf,1,384,TA,TA,Y,0,42,0,0,0,0,Gd,MnPrv,Shed,0,11,2006,WD,Normal,107000,0.11863835524098416,1056,1.0,58,4,0,0,0,0
1208,20,RL,70.0,9135,Pave,Grvl,Reg,Lvl,AllPub,Inside,Gtl,CollgCr,Norm,Norm,1Fam,1Story,6,5,2003,2003,Gable,CompShg,VinylSd,VinylSd,BrkFace,120.0,Gd,TA,PConc,Gd,TA,Av,GLQ,340,Unf,0,1342,1682,GasA,Ex,Y,SBrkr,1700,0,0,1700,1,0,2,0,3,1,Gd,7,Typ,0,Gd,Attchd,2003.0,RFn,2,544,TA,TA,Y,192,23,0,0,0,0,Gd,MnPrv,Shed,0,5,2006,WD,Normal,200000,0.18607705779334502,1700,2.0,21,0,0,0,0,0
1209,20,RL,70.0,7763,Pave,Grvl,Reg,Lvl,AllPub,Inside,Gtl,NAmes,Norm,Norm,1Fam,1Story,5,7,1962,1980,Gable,CompShg,MetalSd,MetalSd,BrkFace,0.0,TA,Gd,CBlock,TA,TA,No,Rec,504,BLQ,108,319,931,GasA,TA,Y,SBrkr,1283,0,0,1283,1,0,1,0,3,1,TA,6,Typ,0,Gd,Detchd,1980.0,Unf,2,506,TA,TA,Y,0,0,0,0,0,0,Gd,MnPrv,Shed,0,10,2008,WD,Normal,140000,0.16524987120041215,1283,1.0,62,0,0,0,0,0
1210,20,RL,85.0,10182,Pave,Grvl,IR1,Lvl,AllPub,CulDSac,Gtl,Somerst,RRNn,Norm,1Fam,1Story,8,5,2006,2006,Hip,CompShg,VinylSd,VinylSd,Stone,420.0,Gd,TA,PConc,Ex,TA,Mn,GLQ,1220,Unf,0,440,1660,GasA,Ex,Y,SBrkr,1660,0,0,1660,1,0,2,0,3,1,Gd,8,Typ,1,Gd,Attchd,2006.0,RFn,2,500,TA,TA,Y,322,50,0,0,0,0,Gd,MnPrv,Shed,0,5,2006,New,Partial,290000,0.1630167926937052,1660,2.0,18,0,0,0,1,0
1211,60,RL,70.0,11218,Pave,Grvl,Reg,Lvl,AllPub,Inside,Gtl,SawyerW,Norm,Norm,1Fam,2Story,6,5,1992,1992,Gable,CompShg,Wd Sdng,Wd Sdng,BrkFace,0.0,Gd,TA,PConc,Gd,TA,No,Unf,0,Unf,0,1055,1055,GasA,Ex,Y,SBrkr,1055,790,0,1845,0,0,2,1,3,1,Gd,8,Typ,1,TA,Attchd,1992.0,RFn,2,462,TA,TA,Y,635,104,0,0,0,0,Gd,GdPrv,Shed,400,5,2010,WD,Normal,189000,0.1644531598181656,1845,2.5,32,0,0,0,0,0
1212,50,RL,152.0,12134,Pave,Grvl,IR1,Bnk,AllPub,Inside,Mod,Gilbert,Norm,Norm,1Fam,1.5Fin,8,7,1988,2005,Gable,CompShg,Wd Sdng,Wd Sdng,BrkFace,0.0,Gd,TA,Wood,Gd,TA,Av,GLQ,427,Unf,0,132,559,GasA,Gd,Y,SBrkr,1080,672,0,1752,0,0,2,0,4,1,TA,8,Typ,0,Gd,Basment,1988.0,RFn,2,492,TA,TA,Y,325,12,0,0,0,0,Gd,MnPrv,Shed,0,6,2010,WD,Normal,164000,0.14437577255871445,1752,2.0,36,0,0,0,1,1
1213,30,RL,50.0,9340,Pave,Grvl,Reg,Lvl,AllPub,Inside,Gtl,Edwards,Norm,Norm,1Fam,1Story,4,6,1941,1950,Hip,CompShg,MetalSd,MetalSd,BrkFace,0.0,TA,TA,CBlock,TA,TA,No,Rec,344,Unf,0,328,672,GasA,TA,Y,SBrkr,672,0,0,672,1,0,1,0,2,1,TA,4,Typ,0,Gd,Attchd,1941.0,Unf,1,234,TA,TA,N,0,113,0,0,0,0,Gd,MnPrv,Shed,0,8,2009,WD,Normal,113000,0.07194090568461621,672,1.0,83,0,0,0,0,0
1214,80,RL,69.0,10246,Pave,Grvl,IR1,Lvl,AllPub,CulDSac,Gtl,Sawyer,Norm,Norm,1Fam,SLvl,4,9,1965,2001,Gable,CompShg,VinylSd,VinylSd,BrkFace,0.0,TA,Gd,CBlock,TA,Gd,Av,GLQ,648,Unf,0,0,648,GasA,Ex,Y,SBrkr,960,0,0,960,1,1,0,0,0,1,TA,3,Typ,0,Gd,Attchd,1965.0,Unf,1,364,TA,TA,Y,88,0,0,0,0,0,Gd,MnPrv,Shed,0,5,2006,WD,Normal,145000,0.09368595686542402,960,0.0,59,0,0,0,1,0
1215,85,RL,69.0,10205,Pave,Grvl,IR1,Lvl,AllPub,Inside,Gtl,NAmes,Norm,Norm,1Fam,SFoyer,5,5,1962,1962,Gable,CompShg,MetalSd,MetalSd,BrkFace,0.0,TA,TA,CBlock,TA,TA,Av,BLQ,784,Unf,0,141,925,GasA,TA,Y,SBrkr,999,0,0,999,1,0,1,0,3,1,TA,6,Typ,0,Gd,Attchd,1962.0,Unf,1,300,TA,TA,Y,150,72,0,0,0,0,Gd,MnPrv,Shed,0,5,2006,WD,Normal,134500,0.09788359788359788,999,1.0,62,0,0,0,1,0
1216,20,RL,99.0,7094,Pave,Grvl,IR1,Lvl,AllPub,Inside,Gtl,Sawyer,Norm,Norm,1Fam,1Story,5,5,1966,1966,Gable,CompShg,VinylSd,VinylSd,BrkFace,0.0,TA,TA,CBlock,TA,TA,No,Rec,180,LwQ,374,340,894,GasA,TA,Y,SBrkr,894,0,0,894,0,0,1,0,3,1,TA,5,Typ,0,Gd,Detchd,1966.0,RFn,1,384,TA,TA,Y,0,0,0,0,0,0,Gd,MnPrv,Shed,0,5,2007,WD,Normal,125000,0.12600422832980973,894,1.0,58,0,0,0,1,0
1217,90,RM,68.0,8930,Pave,Grvl,Reg,Lvl,AllPub,Inside,Gtl,Sawyer,RRAe,Norm,Duplex,1.5Fin,6,5,1978,1978,Gable,CompShg,VinylSd,VinylSd,BrkFace,0.0,TA,TA,Slab,TA,TA,No,Unf,0,Unf,0,0,0,GasA,TA,Y,SBrkr,1318,584,0,1902,0,0,2,0,4,2,TA,8,Typ,0,Gd,Attchd,1978.0,Unf,2,539,TA,TA,Y,0,0,0,0,0,0,Gd,MnPrv,Shed,0,4,2010,WD,Normal,112000,0.21296607322808195,1902,2.0,46,1,0,0,0,0
1218,20,FV,72.0,8640,Pave,Grvl,Reg,Lvl,AllPub,Inside,Gtl,Somerst,Norm,Norm,1Fam,1Story,8,5,2009,2009,Gable,CompShg,CemntBd,CmentBd,Stone,72.0,Gd,TA,PConc,Gd,TA,Mn,GLQ,936,Unf,0,364,1300,GasA,Ex,Y,SBrkr,1314,0,0,1314,1,0,2,0,3,1,Gd,6,Typ,0,Gd,Attchd,2009.0,RFn,2,552,TA,TA,Y,135,112,0,0,0,0,Gd,MnPrv,Shed,0,9,2009,New,Partial,229456,0.15206573313273927,1314,2.0,15,3,0,0,0,0
1219,50,RM,52.0,6240,Pave,Grvl,Reg,Lvl,AllPub,Inside,Gtl,BrkSide,Norm,Norm,1Fam,1.5Fin,4,5,1947,1950,Gable,CompShg,AsbShng,AsbShng,BrkFace,0.0,TA,TA,Slab,TA,TA,No,Unf,0,Unf,0,0,0,GasA,Gd,N,SBrkr,672,240,0,912,0,0,1,0,2,1,TA,3,Typ,0,Gd,Attchd,1980.0,Unf,0,0,TA,TA,N,0,0,0,0,0,0,Gd,MnPrv,Shed,0,7,2006,WD,Normal,80500,0.14613042781605512,912,1.0,77,1,0,0,0,0
1220,160,RM,21.0,1680,Pave,Grvl,Reg,Lvl,AllPub,Inside,Gtl,BrDale,Norm,Norm,Twnhs,2Story,6,5,1971,1971,Gable,CompShg,CemntBd,CmentBd,BrkFace,236.0,TA,TA,CBlock,TA,TA,No,Unf,0,Unf,0,672,672,GasA,TA,Y,SBrkr,672,546,0,1218,0,0,1,1,3,1,TA,7,Typ,0,Gd,Attchd,1980.0,Unf,0,0,TA,TA,N,201,0,0,0,0,0,Gd,MnPrv,Shed,0,4,2006,WD,Abnorml,91500,0.7245687091017252,1218,1.5,53,1,0,0,0,0
1221,20,RL,66.0,7800,Pave,Grvl,IR1,Lvl,AllPub,Inside,Gtl,NAmes,Norm,Norm,1Fam,1Story,5,5,1964,1964,Gable,CompShg,Wd Sdng,Wd Sdng,BrkFace,0.0,TA,TA,CBlock,TA,TA,No,Rec,312,LwQ,600,0,912,GasA,TA,Y,SBrkr,912,0,0,912,0,0,1,0,2,1,TA,5,Typ,0,Gd,Attchd,1964.0,Unf,1,288,TA,TA,Y,0,0,0,0,0,0,Gd,MnPrv,Shed,0,11,2006,WD,Abnorml,115000,0.11690808870657608,912,1.0,60,0,0,0,1,0
1222,20,RL,55.0,8250,Pave,Grvl,Reg,Lvl,AllPub,Inside,Gtl,Sawyer,Feedr,Norm,1Fam,1Story,5,5,1968,1968,Hip,CompShg,HdBoard,HdBoard,BrkFace,0.0,TA,TA,CBlock,TA,TA,No,BLQ,250,LwQ,492,210,952,GasA,Ex,Y,SBrkr,1211,0,0,1211,0,0,1,0,3,1,TA,5,Typ,1,TA,Attchd,1968.0,Unf,1,322,TA,TA,Y,0,63,0,0,0,0,Gd,MnPrv,Shed,0,8,2008,WD,Normal,134000,0.14677008847412434,1211,1.0,56,0,0,0,0,0
1223,50,RL,78.0,10496,Pave,Grvl,Reg,Lvl,AllPub,Inside,Gtl,NAmes,Artery,Norm,1Fam,1.5Fin,6,6,1949,1950,Gable,CompShg,Wd Sdng,Wd Sdng,BrkFace,320.0,TA,TA,CBlock,TA,TA,Mn,Rec,196,Unf,0,844,1040,GasA,Ex,Y,SBrkr,1168,678,0,1846,0,0,2,0,3,1,TA,7,Typ,1,Gd,Attchd,1949.0,Unf,1,315,TA,TA,Y,0,0,0,0,0,0,Gd,GdWo,Shed,0,1,2007,WD,Normal,143000,0.17585976945794035,1846,2.0,75,0,0,0,0,0
1224,20,RL,89.0,10680,Pave,Grvl,Reg,Lvl,AllPub,Inside,Gtl,NAmes,Norm,Norm,1Fam,1Story,5,3,1951,1951,Hip,CompShg,Wd Sdng,Wd Sdng,BrkFace,44.0,TA,TA,CBlock,TA,Fa,No,LwQ,756,Unf,0,1380,2136,GasA,TA,N,FuseA,2136,0,0,2136,0,0,2,0,4,1,TA,7,Mod,0,Gd,Detchd,1951.0,Unf,2,528,TA,TA,Y,0,30,0,0,0,0,Gd,MnPrv,Shed,0,10,2006,WD,Normal,137900,0.19998127516150174,2136,2.0,73,0,0,0,0,0
1225,60,RL,60.0,15384,Pave,Grvl,IR1,Lvl,AllPub,Inside,Gtl,Gilbert,RRAn,Norm,1Fam,2Story,7,5,2004,2005,Gable,CompShg,VinylSd,VinylSd,BrkFace,0.0,Gd,TA,PConc,Gd,TA,Av,GLQ,724,Unf,0,64,788,GasA,Ex,Y,SBrkr,788,702,0,1490,1,0,2,1,3,1,Gd,8,Typ,1,Gd,Attchd,2004.0,Fin,2,388,TA,TA,Y,100,75,0,0,0,0,Gd,MnPrv,Shed,0,2,2008,WD,Normal,184000,0.09684757881052973,1490,2.5,20,0,0,0,1,0
1226,80,RL,65.0,10482,Pave,Grvl,Reg,Lvl,AllPub,Inside,Gtl,NAmes,Norm,Norm,1Fam,SLvl,6,8,1958,1958,Hip,CompShg,VinylSd,VinylSd,BrkFace,63.0,TA,Gd,CBlock,TA,TA,Av,GLQ,507,Unf,0,81,588,GasA,Ex,Y,SBrkr,1138,0,0,1138,0,1,1,0,3,1,TA,6,Typ,0,Gd,Attchd,1958.0,RFn,1,264,TA,TA,Y,224,0,0,0,0,0,Gd,MnWw,Shed,0,6,2007,WD,Normal,145000,0.10855671086521033,1138,1.0,66,0,0,0,0,0
1227,60,RL,86.0,14598,Pave,Grvl,IR1,Lvl,AllPub,CulDSac,Gtl,Somerst,Feedr,Norm,1Fam,2Story,6,5,2007,2007,Gable,CompShg,VinylSd,VinylSd,Stone,74.0,Gd,TA,PConc,Gd,TA,Mn,Unf,0,Unf,0,894,894,GasA,Ex,Y,SBrkr,894,1039,0,1933,0,0,2,1,4,1,Gd,9,Typ,1,Gd,BuiltIn,2007.0,Fin,3,668,TA,TA,Y,100,18,0,0,0,0,Gd,MnPrv,Shed,0,1,2008,WD,Normal,214000,0.13240632920063017,1933,2.5,17,0,0,0,1,0
1228,20,RL,72.0,8872,Pave,Grvl,Reg,Lvl,AllPub,Corner,Gtl,NAmes,Norm,Norm,1Fam,1Story,5,8,1965,2008,Gable,CompShg,VinylSd,VinylSd,BrkFace,300.0,TA,TA,CBlock,TA,TA,No,ALQ,595,Unf,0,317,912,GasA,Ex,Y,SBrkr,912,0,0,912,1,0,1,0,2,1,Gd,5,Typ,0,Gd,Detchd,1992.0,Unf,2,576,TA,TA,Y,0,240,0,0,0,0,Gd,MnPrv,Shed,0,12,2008,WD,Normal,147000,0.10278372591006424,912,1.0,59,0,0,0,0,0
1229,120,RL,65.0,8769,Pave,Grvl,Reg,Lvl,AllPub,Corner,Gtl,NridgHt,Norm,Norm,TwnhsE,1Story,9,5,2008,2008,Hip,CompShg,MetalSd,MetalSd,BrkFace,766.0,Ex,TA,PConc,Ex,TA,No,GLQ,1540,Unf,0,162,1702,GasA,Ex,Y,SBrkr,1702,0,0,1702,1,0,1,1,1,1,Ex,7,Typ,1,Gd,Attchd,2008.0,Fin,3,1052,TA,TA,Y,0,72,0,0,224,0,Gd,MnPrv,Shed,0,10,2008,New,Partial,367294,0.19407069555302167,1702,1.5,16,0,0,0,0,0
1230,80,RL,70.0,7910,Pave,Grvl,Reg,Lvl,AllPub,Inside,Gtl,NAmes,Norm,Norm,1Fam,SLvl,5,5,1960,1960,Hip,CompShg,BrkFace,HdBoard,BrkFace,0.0,TA,TA,CBlock,TA,TA,No,ALQ,666,Unf,0,409,1075,GasA,Gd,Y,SBrkr,1507,0,0,1507,0,0,2,0,4,1,TA,7,Maj1,0,Gd,Basment,1960.0,Unf,1,404,TA,TA,Y,0,0,0,0,0,0,Gd,GdWo,Shed,0,8,2008,WD,Normal,127000,0.19049424851472632,1507,2.0,64,0,0,0,0,0
1231,90,RL,69.0,18890,Pave,Grvl,IR1,Lvl,AllPub,Inside,Gtl,Sawyer,Feedr,RRAe,Duplex,1.5Fin,5,5,1977,1977,Shed,CompShg,Plywood,Plywood,BrkFace,1.0,TA,TA,CBlock,Gd,TA,No,GLQ,498,Rec,211,652,1361,GasA,Ex,Y,SBrkr,1361,1259,0,2620,0,0,2,2,4,2,TA,12,Typ,1,TA,BuiltIn,1977.0,RFn,2,600,TA,TA,N,155,24,145,0,0,0,Gd,MnPrv,Gar2,8300,8,2007,WD,Normal,190000,0.13869038166322586,2620,3.0,47,0,0,0,1,0
1232,90,RL,70.0,7728,Pave,Grvl,Reg,Lvl,AllPub,Inside,Gtl,NAmes,Norm,Norm,Duplex,SLvl,5,6,1962,1962,Hip,CompShg,Wd Sdng,Wd Sdng,BrkFace,120.0,TA,TA,CBlock,TA,TA,Av,ALQ,803,Unf,0,303,1106,GasA,TA,Y,SBrkr,1190,0,0,1190,1,0,1,0,3,1,TA,6,Typ,0,Gd,Attchd,1962.0,Unf,2,540,TA,TA,Y,0,18,0,0,0,0,Gd,GdWo,Shed,0,5,2006,WD,Normal,132500,0.15396558416353992,1190,1.0,62,0,0,0,0,0
1233,90,RL,70.0,9842,Pave,Grvl,Reg,Lvl,AllPub,FR2,Gtl,NAmes,Norm,Norm,Duplex,1Story,4,5,1962,1962,Gable,CompShg,HdBoard,HdBoard,BrkFace,0.0,TA,TA,Slab,TA,TA,No,Unf,0,Unf,0,0,0,GasA,TA,Y,SBrkr,1224,0,0,1224,0,0,2,0,2,2,TA,6,Typ,0,Gd,CarPort,1962.0,Unf,2,462,TA,TA,Y,0,0,0,0,0,0,Gd,MnPrv,Shed,0,3,2007,WD,Normal,101800,0.12435233160621761,1224,2.0,62,0,0,0,0,0
1234,20,RL,69.0,12160,Pave,Grvl,IR1,Lvl,AllPub,Inside,Gtl,NAmes,Norm,Norm,1Fam,1Story,5,5,1959,1959,Hip,CompShg,Plywood,Plywood,BrkFace,180.0,TA,TA,CBlock,TA,TA,No,Rec,1000,Unf,0,188,1188,GasA,Fa,Y,SBrkr,1188,0,0,1188,1,0,1,0,3,1,TA,6,Typ,0,Gd,Attchd,1959.0,RFn,2,531,TA,TA,Y,0,0,0,0,0,0,Gd,MnPrv,Shed,0,5,2010,COD,Abnorml,142000,0.09768933475865471,1188,1.0,65,0,0,0,1,0
1235,70,RH,55.0,8525,Pave,Grvl,Reg,Bnk,AllPub,Inside,Gtl,SWISU,Norm,Norm,1Fam,2Story,5,6,1911,1950,Gable,CompShg,MetalSd,MetalSd,BrkFace,0.0,TA,TA,PConc,TA,TA,Av,Unf,0,Unf,0,940,940,GasA,TA,N,FuseA,1024,940,0,1964,0,0,1,1,4,1,TA,7,Typ,0,Gd,Attchd,1980.0,Unf,0,0,TA,TA,N,0,192,0,0,0,0,Gd,MnPrv,Shed,0,11,2008,WD,Abnorml,130000,0.23035421064977715,1964,1.5,113,4,0,0,0,1
1236,70,RL,96.0,13132,Pave,Grvl,Reg,Lvl,AllPub,Inside,Gtl,Crawfor,Norm,Norm,1Fam,2Story,5,5,1914,1950,Gable,CompShg,Wd Sdng,Wd Sdng,BrkFace,0.0,TA,TA,BrkTil,Gd,TA,Mn,Unf,0,Unf,0,747,747,GasA,Gd,Y,FuseF,892,892,0,1784,0,0,1,1,4,1,TA,9,Typ,0,Gd,Detchd,1914.0,Unf,1,180,Fa,Fa,N,203,40,0,0,0,0,Gd,MnPrv,Shed,0,7,2006,WD,Normal,138887,0.13584101119317749,1784,1.5,110,0,0,0,0,0
1237,160,RL,36.0,2628,Pave,Grvl,Reg,Lvl,AllPub,Inside,Gtl,NridgHt,Norm,Norm,Twnhs,2Story,7,5,2003,2003,Gable,CompShg,VinylSd,Wd Shng,Stone,106.0,Gd,TA,PConc,Gd,TA,No,Unf,0,Unf,0,764,764,GasA,Ex,Y,SBrkr,764,862,0,1626,0,0,2,1,2,1,Gd,6,Typ,0,Gd,BuiltIn,2003.0,RFn,2,474,TA,TA,Y,0,27,0,0,0,0,Gd,MnPrv,Shed,0,6,2010,WD,Normal,175500,0.6184861163940661,1626,2.5,21,0,0,0,0,0
1238,60,RL,41.0,12393,Pave,Grvl,IR2,Lvl,AllPub,FR2,Gtl,CollgCr,Norm,Norm,1Fam,2Story,7,5,2004,2005,Gable,CompShg,VinylSd,VinylSd,BrkFace,0.0,Gd,TA,PConc,Gd,TA,No,Unf,0,Unf,0,847,847,GasA,Ex,Y,SBrkr,847,1101,0,1948,0,0,2,1,4,1,Gd,8,Typ,1,Gd,BuiltIn,2004.0,Fin,2,434,TA,TA,Y,100,48,0,0,0,0,Gd,MnPrv,Shed,0,9,2006,WD,Normal,195000,0.1571728255607552,1948,2.5,20,0,0,0,2,0
1239,20,RL,63.0,13072,Pave,Grvl,Reg,Lvl,AllPub,Inside,Gtl,SawyerW,RRAe,Norm,1Fam,1Story,6,5,2005,2005,Gable,CompShg,VinylSd,VinylSd,BrkFace,0.0,Gd,TA,PConc,Gd,TA,No,Unf,0,Unf,0,1141,1141,GasA,Ex,Y,SBrkr,1141,0,0,1141,0,0,1,1,3,1,TA,6,Typ,0,Gd,Detchd,2005.0,Unf,2,484,TA,TA,Y,0,0,0,0,0,0,Gd,MnPrv,Shed,0,3,2006,WD,Abnorml,142500,0.08727912491394477,1141,1.5,19,0,0,0,0,0
1240,20,RL,64.0,9037,Pave,Grvl,IR1,HLS,AllPub,Inside,Gtl,Timber,Norm,Norm,1Fam,1Story,8,5,2006,2006,Hip,CompShg,VinylSd,VinylSd,BrkFace,32.0,Gd,TA,PConc,Gd,TA,Av,GLQ,428,Unf,0,1048,1476,GasA,Ex,Y,SBrkr,1484,0,0,1484,0,0,2,0,2,1,Ex,6,Typ,1,Gd,Attchd,2006.0,RFn,2,472,TA,TA,Y,120,33,0,0,0,0,Gd,MnPrv,Shed,0,12,2007,WD,Normal,265900,0.16419561849966807,1484,2.0,18,0,0,0,1,3
1241,60,RL,65.0,8158,Pave,Grvl,Reg,Lvl,AllPub,Inside,Gtl,CollgCr,Norm,Norm,1Fam,2Story,7,5,2003,2003,Gable,CompShg,VinylSd,VinylSd,BrkFace,252.0,Gd,TA,PConc,Gd,TA,No,GLQ,550,Unf,0,334,884,GasA,Ex,Y,SBrkr,884,884,0,1768,1,0,2,1,3,1,Gd,8,Typ,0,Gd,Attchd,2003.0,RFn,2,543,TA,TA,Y,0,63,0,0,0,0,Gd,MnPrv,Shed,0,7,2008,WD,Normal,224900,0.21669322220860399,1768,2.5,21,0,0,0,0,0
1242,20,RL,83.0,9849,Pave,Grvl,Reg,Lvl,AllPub,Inside,Gtl,Somerst,Norm,Norm,1Fam,1Story,7,6,2007,2007,Hip,CompShg,VinylSd,VinylSd,Stone,0.0,Gd,TA,PConc,Gd,TA,Av,Unf,0,Unf,0,1689,1689,GasA,Ex,Y,SBrkr,1689,0,0,1689,0,0,2,0,3,1,Gd,7,Typ,0,Gd,Attchd,2007.0,RFn,3,954,TA,TA,Y,0,56,0,0,0,0,Gd,MnPrv,Shed,0,6,2007,New,Partial,248328,0.17147208121827412,1689,2.0,17,0,0,0,0,0
1243,85,RL,85.0,10625,Pave,Grvl,Reg,Lvl,AllPub,Inside,Gtl,NWAmes,Norm,Norm,1Fam,SFoyer,7,6,1974,1974,Gable,CompShg,Plywood,Plywood,BrkFace,81.0,TA,TA,CBlock,Gd,TA,Gd,GLQ,885,LwQ,168,0,1053,GasA,TA,Y,SBrkr,1173,0,0,1173,1,0,2,0,3,1,Gd,6,Typ,2,TA,Attchd,1974.0,RFn,2,528,TA,TA,Y,0,120,0,0,0,0,Gd,MnPrv,Shed,0,1,2010,WD,Family,170000,0.11038961038961038,1173,2.0,50,0,0,0,0,0
1244,20,RL,107.0,13891,Pave,Grvl,Reg,Lvl,AllPub,Inside,Gtl,NridgHt,Norm,Norm,1Fam,1Story,10,5,2006,2006,Gable,CompShg,VinylSd,VinylSd,BrkFace,0.0,Ex,TA,PConc,Ex,Gd,Gd,GLQ,1386,Unf,0,690,2076,GasA,Ex,Y,SBrkr,2076,0,0,2076,1,0,2,1,2,1,Ex,7,Typ,1,Gd,Attchd,2006.0,Fin,3,850,TA,TA,Y,216,229,0,0,0,0,Gd,MnPrv,Shed,0,9,2006,New,Partial,465000,0.14943852577022748,2076,2.5,18,0,0,0,0,0
1245,70,RL,69.0,11435,Pave,Grvl,IR1,HLS,AllPub,Corner,Mod,Crawfor,Norm,Norm,1Fam,2Story,8,7,1929,1950,Gable,CompShg,BrkFace,Stucco,BrkFace,0.0,TA,TA,PConc,Gd,TA,No,Unf,0,Unf,0,792,792,GasA,Fa,Y,SBrkr,792,725,0,1517,0,0,1,0,3,1,Gd,7,Typ,2,Gd,Detchd,1931.0,Unf,2,400,TA,TA,Y,0,0,0,0,0,0,Gd,MnPrv,Shed,0,6,2006,WD,Normal,230000,0.13265127667016438,1517,1.0,95,0,0,0,1,3
1246,80,RL,78.0,12090,Pave,Grvl,Reg,Lvl,AllPub,Inside,Gtl,NWAmes,Norm,Norm,1Fam,SLvl,6,7,1984,2003,Hip,CompShg,VinylSd,VinylSd,BrkFace,74.0,TA,TA,CBlock,Gd,TA,No,Unf,0,Unf,0,585,585,GasA,Ex,Y,SBrkr,1140,728,0,1868,0,0,3,1,3,1,TA,7,Typ,1,TA,BuiltIn,1984.0,Fin,2,477,TA,TA,Y,268,112,0,0,147,0,Gd,MnPrv,Shed,0,1,2007,WD,Abnorml,178000,0.15449507898436854,1868,3.5,40,0,0,0,0,0
1247,60,FV,65.0,8125,Pave,Grvl,Reg,Lvl,AllPub,Inside,Gtl,Somerst,Norm,Norm,1Fam,2Story,7,5,2005,2006,Gable,CompShg,VinylSd,VinylSd,BrkFace,0.0,Gd,TA,PConc,Gd,TA,No,Unf,0,Unf,0,756,756,GasA,Ex,Y,SBrkr,756,797,0,1553,0,0,2,1,3,1,Gd,6,Typ,0,Gd,Attchd,2005.0,RFn,2,615,TA,TA,Y,0,45,0,0,0,0,Gd,MnPrv,Shed,0,3,2006,New,Partial,186500,0.19111493969972926,1553,2.5,19,3,0,0,0,0
1248,80,RL,69.0,12328,Pave,Grvl,IR1,Lvl,AllPub,Inside,Gtl,Mitchel,Norm,Norm,1Fam,SLvl,6,5,1976,1976,Gable,CompShg,HdBoard,HdBoard,BrkFace,335.0,TA,TA,CBlock,TA,TA,Av,GLQ,539,Unf,0,473,1012,GasA,TA,Y,SBrkr,1034,0,0,1034,1,0,1,0,3,1,TA,6,Typ,0,Gd,Attchd,1976.0,Unf,3,888,TA,TA,Y,0,0,0,0,0,0,Gd,MnPrv,Shed,0,5,2010,WD,Normal,169900,0.08386730472868846,1034,1.0,48,0,0,0,1,0
1249,75,RM,60.0,9600,Pave,Grvl,Reg,Lvl,AllPub,Inside,Gtl,OldTown,Norm,Norm,1Fam,2.5Unf,6,5,1917,1950,Gable,CompShg,AsbShng,AsbShng,BrkFace,0.0,TA,TA,BrkTil,Gd,TA,No,Rec,319,Unf,0,416,735,OthW,Fa,N,SBrkr,1134,924,0,2058,0,0,1,1,3,1,TA,8,Typ,1,Gd,Detchd,1950.0,Unf,2,396,Fa,Fa,P,0,0,259,0,0,0,Gd,MnPrv,Shed,0,4,2008,WD,Normal,129500,0.21435267159670868,2058,1.5,107,1,0,0,0,0
1250,20,RL,60.0,7200,Pave,Grvl,Reg,Lvl,AllPub,Inside,Gtl,NAmes,Norm,Norm,1Fam,1Story,5,7,1950,1950,Gable,CompShg,MetalSd,MetalSd,BrkFace,0.0,TA,TA,CBlock,TA,TA,No,BLQ,534,Rec,96,246,876,GasA,TA,Y,SBrkr,988,0,0,988,0,0,1,0,3,1,TA,6,Typ,0,Gd,Attchd,1950.0,Unf,1,276,TA,TA,Y,0,80,0,0,0,0,Gd,MnPrv,Shed,0,5,2007,WD,Normal,119000,0.13720316622691292,988,1.0,74,0,0,0,0,0
1251,20,RL,93.0,11160,Pave,Grvl,Reg,Lvl,AllPub,Corner,Gtl,NAmes,Norm,Norm,1Fam,1Story,7,5,1968,1968,Hip,CompShg,BrkFace,BrkFace,BrkFace,0.0,Gd,TA,CBlock,TA,TA,No,ALQ,1065,Unf,0,1045,2110,GasA,Ex,Y,SBrkr,2110,0,0,2110,1,0,2,1,3,1,Ex,8,Typ,2,TA,Attchd,1968.0,Fin,2,522,TA,TA,Y,0,0,0,0,0,0,Gd,MnPrv,Shed,0,4,2010,WD,Normal,244000,0.18905116029029656,2110,2.5,56,0,0,0,0,0
1252,120,RL,69.0,3136,Pave,Grvl,IR1,Lvl,AllPub,Corner,Gtl,NridgHt,Norm,Norm,TwnhsE,1Story,7,5,2003,2003,Gable,CompShg,VinylSd,Wd Shng,Stone,163.0,Gd,TA,PConc,Gd,TA,No,Unf,0,Unf,0,1405,1405,GasA,Ex,Y,SBrkr,1405,0,0,1405,0,0,2,0,2,1,Gd,6,Typ,1,Gd,Attchd,2003.0,RFn,2,478,TA,TA,Y,148,36,0,0,0,0,Gd,MnPrv,Shed,0,3,2006,WD,Normal,171750,0.4478801402613962,1405,2.0,21,0,0,0,1,0
1253,20,RL,62.0,9858,Pave,Grvl,Reg,Lvl,AllPub,Inside,Gtl,Mitchel,Norm,Norm,1Fam,1Story,5,6,1968,1968,Gable,CompShg,HdBoard,HdBoard,BrkFace,0.0,TA,TA,CBlock,TA,TA,No,BLQ,510,Unf,0,354,864,GasA,TA,Y,SBrkr,874,0,0,874,1,0,1,0,3,1,TA,5,Typ,0,Gd,Attchd,1968.0,RFn,1,288,TA,TA,Y,33,0,0,0,0,0,Gd,GdWo,Shed,600,11,2009,WD,Normal,130000,0.08864996449944214,874,1.0,56,0,0,0,0,0
1254,60,RL,69.0,17542,Pave,Grvl,IR1,Lvl,AllPub,Inside,Gtl,Veenker,Norm,Norm,1Fam,2Story,7,7,1974,2003,Gable,CompShg,Wd Sdng,Wd Sdng,BrkFace,0.0,Gd,TA,CBlock,TA,TA,Gd,LwQ,125,ALQ,1031,36,1192,GasA,TA,Y,SBrkr,1516,651,0,2167,1,0,2,1,3,1,Gd,9,Typ,2,Gd,Attchd,1974.0,RFn,2,518,TA,TA,Y,220,47,0,0,0,0,Gd,MnPrv,Shed,0,7,2007,WD,Normal,294000,0.12352505272758366,2167,2.5,50,0,0,0,1,0
1255,60,RL,60.0,6931,Pave,Grvl,Reg,Lvl,AllPub,Inside,Gtl,Edwards,Norm,Norm,1Fam,2Story,7,5,2003,2004,Gable,CompShg,VinylSd,VinylSd,Stone,92.0,Gd,TA,PConc,Gd,TA,No,Unf,0,Unf,0,746,746,GasA,Ex,Y,SBrkr,760,896,0,1656,0,0,2,1,3,1,Gd,7,Typ,1,Gd,BuiltIn,2003.0,Fin,2,397,TA,TA,Y,178,128,0,0,0,0,Gd,MnPrv,Shed,0,7,2008,WD,Normal,165400,0.23889209463358338,1656,2.5,21,0,0,0,0,0
1256,50,RM,52.0,6240,Pave,Grvl,Reg,Lvl,AllPub,Inside,Gtl,BrkSide,Norm,Norm,1Fam,1.5Fin,6,6,1931,1950,Gable,CompShg,Wd Sdng,Wd Sdng,BrkFace,0.0,TA,TA,BrkTil,TA,Fa,No,LwQ,425,Unf,0,459,884,GasA,TA,Y,FuseA,959,408,0,1367,0,0,1,0,3,1,TA,6,Typ,1,Gd,Detchd,1978.0,Unf,1,560,TA,TA,Y,0,0,0,0,120,0,Gd,MnPrv,Shed,0,11,2007,WD,Normal,127500,0.21903541099182824,1367,1.0,93,1,0,0,0,0
1257,20,RL,91.0,14303,Pave,Grvl,IR1,Lvl,AllPub,Corner,Gtl,NoRidge,Norm,Norm,1Fam,1Story,8,5,1994,1994,Hip,CompShg,HdBoard,HdBoard,BrkFace,554.0,Gd,TA,PConc,Gd,TA,Gd,GLQ,1314,Unf,0,672,1986,GasA,Ex,Y,SBrkr,1987,0,0,1987,1,0,2,0,2,1,Gd,7,Typ,1,TA,Attchd,1994.0,Fin,2,691,TA,TA,Y,262,36,0,0,0,0,Gd,MnPrv,Shed,0,8,2008,WD,Normal,301500,0.138912192393736,1987,2.0,30,0,0,0,1,0
1258,30,RL,56.0,4060,Pave,Grvl,Reg,Lvl,AllPub,Corner,Gtl,Edwards,Feedr,Norm,1Fam,1Story,5,8,1922,1950,Gable,CompShg,Wd Sdng,Wd Sdng,BrkFace,0.0,TA,TA,PConc,Fa,TA,No,Unf,0,Unf,0,864,864,GasA,Ex,Y,SBrkr,864,0,0,864,0,0,1,0,2,1,TA,4,Typ,0,Gd,Attchd,1980.0,Unf,0,0,TA,TA,Y,0,96,0,0,0,0,Gd,MnPrv,Shed,0,7,2009,WD,Normal,99900,0.21275547894607238,864,1.0,102,0,0,0,0,0
1259,80,RL,59.0,9587,Pave,Grvl,IR1,Lvl,AllPub,Inside,Gtl,Gilbert,Norm,Norm,1Fam,SLvl,7,5,2005,2005,Gable,CompShg,VinylSd,VinylSd,Stone,182.0,Gd,TA,PConc,Gd,TA,Gd,GLQ,655,Unf,0,201,856,GasA,Ex,Y,SBrkr,1166,0,0,1166,1,0,2,0,2,1,Gd,5,Typ,0,Gd,Attchd,2005.0,Fin,2,400,TA,TA,Y,212,0,0,0,0,0,Gd,MnPrv,Shed,0,7,2008,WD,Normal,190000,0.12161034626616604,1166,2.0,19,0,0,0,1,0
1260,20,RL,65.0,9750,Pave,Grvl,Reg,Lvl,AllPub,FR2,Gtl,NAmes,Norm,Norm,1Fam,1Story,6,8,1969,1969,Gable,CompShg,HdBoard,HdBoard,BrkFace,0.0,TA,TA,CBlock,Gd,TA,No,ALQ,602,LwQ,438,14,1054,GasA,Gd,Y,SBrkr,1054,0,0,1054,1,0,1,1,3,1,TA,6,Typ,0,Gd,Attchd,1969.0,Unf,2,460,TA,TA,Y,180,0,0,0,80,0,Gd,MnPrv,Shed,0,7,2008,WD,Normal,151000,0.108091477797149,1054,1.5,55,0,0,0,0,0
1261,60,RL,69.0,24682,Pave,Grvl,IR3,Lvl,AllPub,CulDSac,Gtl,Gilbert,RRAn,Norm,1Fam,2Story,6,5,1999,1999,Gable,CompShg,VinylSd,VinylSd,BrkFace,0.0,TA,TA,PConc,Gd,TA,No,Unf,0,Unf,0,841,841,GasA,Ex,Y,SBrkr,892,783,0,1675,0,0,2,1,3,1,TA,7,Typ,1,TA,BuiltIn,1999.0,Fin,2,502,TA,TA,Y,0,103,0,0,0,0,Gd,MnPrv,Shed,0,6,2009,WD,Normal,181000,0.06786047076935543,1675,2.5,25,0,0,0,3,0
1262,20,RL,80.0,9600,Pave,Grvl,Reg,Lvl,AllPub,Inside,Gtl,NAmes,Norm,Norm,1Fam,1Story,5,6,1956,1956,Hip,CompShg,MetalSd,MetalSd,BrkFace,0.0,TA,TA,CBlock,TA,TA,No,Rec,504,Unf,0,546,1050,GasA,Gd,Y,SBrkr,1050,0,0,1050,0,0,1,0,2,1,TA,5,Typ,0,Gd,Attchd,1956.0,Unf,1,338,TA,TA,Y,0,0,0,0,0,0,Gd,MnPrv,Shed,0,6,2009,WD,Normal,128900,0.10936360795750442,1050,1.0,68,0,0,0,0,0
1263,50,RL,69.0,11250,Pave,Grvl,Reg,Lvl,AllPub,Inside,Gtl,ClearCr,Norm,Norm,1Fam,1.5Fin,4,5,1957,1989,Gable,CompShg,Wd Sdng,Wd Sdng,BrkFace,0.0,TA,TA,CBlock,TA,TA,Av,Unf,0,Unf,0,1104,1104,GasA,Ex,Y,FuseA,1104,684,0,1788,1,0,1,0,5,1,TA,8,Min2,2,TA,Attchd,1957.0,Unf,1,304,TA,TA,Y,120,0,0,0,0,0,Gd,MnPrv,Shed,0,11,2009,WD,Normal,161500,0.15891920718158387,1788,1.0,67,0,0,0,0,0
1264,70,RL,60.0,13515,Pave,Pave,Reg,Lvl,AllPub,Inside,Gtl,BrkSide,Norm,Norm,1Fam,2Story,6,6,1919,1950,Gambrel,CompShg,Wd Sdng,Wd Sdng,BrkFace,0.0,TA,TA,PConc,TA,TA,No,Unf,0,Unf,0,764,764,GasA,Ex,Y,FuseA,1060,764,0,1824,0,0,1,0,3,1,TA,8,Typ,1,Gd,Detchd,1940.0,Unf,2,520,TA,TA,N,0,0,126,0,0,0,Gd,GdPrv,Shed,0,7,2007,WD,Normal,180500,0.13495116898490678,1824,1.0,105,0,0,1,0,0
1265,120,RH,34.0,4060,Pave,Grvl,Reg,Lvl,AllPub,Inside,Gtl,NAmes,Norm,Norm,TwnhsE,1Story,6,5,1998,1999,Gable,CompShg,MetalSd,MetalSd,BrkFace,0.0,Gd,TA,PConc,Gd,TA,No,GLQ,266,Unf,0,1139,1405,GasA,Ex,Y,SBrkr,1337,0,0,1337,1,0,2,0,2,1,Gd,5,Typ,0,Gd,Attchd,1998.0,Fin,2,511,TA,TA,Y,144,68,0,0,0,0,Gd,MnPrv,Shed,0,8,2008,COD,Abnorml,181000,0.3292292538783551,1337,2.0,26,4,0,0,0,0
1266,160,FV,35.0,3735,Pave,Grvl,Reg,Lvl,AllPub,FR3,Gtl,Somerst,Norm,Norm,TwnhsE,2Story,7,5,1999,1999,Hip,CompShg,MetalSd,MetalSd,BrkFace,218.0,Gd,TA,PConc,Gd,TA,No,GLQ,450,Unf,0,241,691,GasA,Ex,Y,SBrkr,713,739,0,1452,1,0,2,1,3,1,Gd,6,Typ,0,Gd,Detchd,1999.0,Unf,2,506,TA,TA,Y,0,34,0,0,0,0,Gd,MnPrv,Shed,0,3,2006,WD,Normal,183900,0.3886509635974304,1452,2.5,25,3,0,0,0,0
1267,190,RM,60.0,10120,Pave,Grvl,IR1,Bnk,AllPub,Inside,Gtl,OldTown,Feedr,Norm,2fmCon,2.5Unf,7,4,1910,1950,Hip,CompShg,Wd Sdng,Wd Sdng,BrkFace,0.0,Fa,TA,CBlock,TA,TA,No,Unf,0,Unf,0,925,925,GasA,TA,N,FuseF,964,925,0,1889,0,0,1,1,4,2,TA,9,Typ,1,Gd,Detchd,1960.0,Unf,1,308,TA,TA,N,0,0,264,0,0,0,Gd,MnPrv,Shed,0,1,2007,WD,Normal,122000,0.18664163620195634,1889,1.5,114,1,0,0,1,1
1268,20,RL,89.0,13214,Pave,Grvl,IR1,HLS,AllPub,Inside,Gtl,Timber,Norm,Norm,1Fam,1Story,9,5,2008,2009,Hip,CompShg,Stucco,CmentBd,BrkFace,0.0,Ex,TA,PConc,Ex,TA,Gd,Unf,0,Unf,0,2002,2002,GasA,Ex,Y,SBrkr,2018,0,0,2018,0,0,2,0,3,1,Ex,10,Typ,1,Gd,Attchd,2009.0,Fin,3,746,TA,TA,Y,144,76,0,0,0,0,Gd,MnPrv,Shed,0,5,2010,WD,Normal,378500,0.15270525917517971,2018,2.0,16,0,0,0,1,3
1269,50,RL,69.0,14100,Pave,Grvl,IR1,Lvl,AllPub,Inside,Mod,Crawfor,Norm,Norm,1Fam,1.5Fin,8,9,1935,1997,Gable,CompShg,Stucco,Stucco,BrkFace,632.0,TA,Gd,CBlock,TA,TA,Mn,Rec,192,Unf,0,536,728,GasA,Ex,Y,SBrkr,1968,1479,0,3447,0,0,3,1,4,1,Gd,11,Typ,2,Gd,BuiltIn,1982.0,Unf,3,1014,TA,TA,Y,314,12,0,0,0,0,Gd,GdWo,Shed,0,5,2008,WD,Normal,381000,0.24445074817388837,3447,3.5,89,0,0,0,1,0
1270,50,RL,78.0,11344,Pave,Grvl,Reg,Lvl,AllPub,Inside,Gtl,NAmes,Feedr,Norm,1Fam,1.5Fin,5,5,1958,1958,Gable,CompShg,MetalSd,MetalSd,BrkFace,180.0,TA,TA,CBlock,TA,TA,No,BLQ,460,Unf,0,414,874,GasW,TA,Y,FuseA,874,650,0,1524,0,0,1,1,3,1,TA,7,Typ,0,Gd,Attchd,1958.0,Unf,1,315,TA,TA,Y,0,0,0,0,0,0,Gd,GdWo,Shed,0,7,2007,WD,Normal,144000,0.1343323049801675,1524,1.5,66,0,0,0,0,0
1271,40,RL,69.0,23595,Pave,Grvl,Reg,Low,AllPub,Inside,Sev,ClearCr,Norm,Norm,1Fam,1Story,7,6,1979,1979,Shed,WdShake,Plywood,Plywood,BrkFace,0.0,Gd,TA,PConc,Gd,TA,Gd,GLQ,1258,Unf,0,74,1332,GasA,TA,Y,SBrkr,1332,192,0,1524,2,0,0,1,0,1,Gd,4,Typ,1,TA,Attchd,1979.0,Fin,2,586,TA,TA,Y,268,0,0,0,0,0,Gd,MnPrv,Shed,0,4,2010,WD,Normal,260000,0.06458721817257163,1524,0.5,45,0,0,0,0,2
1272,20,RL,69.0,9156,Pave,Grvl,IR1,Lvl,AllPub,Inside,Gtl,NWAmes,PosN,Norm,1Fam,1Story,6,7,1968,1968,Hip,CompShg,BrkFace,BrkFace,BrkFace,0.0,TA,TA,CBlock,TA,TA,No,Unf,0,Unf,0,1489,1489,GasA,Gd,Y,SBrkr,1489,0,0,1489,0,0,2,0,3,1,Gd,7,Typ,1,Gd,Attchd,1968.0,RFn,2,462,TA,TA,Y,0,0,0,0,0,0,Gd,MnPrv,Shed,0,8,2009,WD,Normal,185750,0.16260784099595937,1489,2.0,56,0,0,0,1,0
1273,20,RL,69.0,13526,Pave,Grvl,IR1,Lvl,AllPub,CulDSac,Gtl,Sawyer,Norm,Norm,1Fam,1Story,5,6,1965,1965,Hip,CompShg,HdBoard,Plywood,BrkFace,114.0,TA,TA,CBlock,TA,TA,No,BLQ,560,LwQ,375,0,935,GasA,TA,Y,SBrkr,935,0,0,935,1,0,1,0,3,1,TA,5,Typ,0,Gd,Attchd,1965.0,Unf,1,288,TA,TA,Y,180,0,0,0,0,0,Gd,MnPrv,Shed,0,11,2006,WD,Normal,137000,0.06912101722480964,935,1.0,59,0,0,0,1,0
1274,80,RL,124.0,11512,Pave,Grvl,IR1,Lvl,AllPub,Corner,Gtl,Edwards,Norm,Norm,1Fam,SLvl,6,7,1959,2006,Gable,CompShg,Plywood,Plywood,BrkFace,84.0,TA,TA,CBlock,TA,TA,Av,ALQ,719,Unf,0,300,1019,GasA,Gd,Y,SBrkr,1357,0,0,1357,1,0,1,0,2,1,Ex,5,Typ,1,Gd,Basment,1959.0,RFn,1,312,TA,TA,Y,0,0,0,0,163,0,Gd,GdPrv,Shed,0,5,2008,WD,Normal,177000,0.11786675931555633,1357,1.0,65,0,0,0,1,0
1275,50,RL,53.0,5362,Pave,Grvl,Reg,Lvl,AllPub,Corner,Gtl,Crawfor,Norm,Norm,1Fam,1.5Fin,5,6,1910,2003,Gable,CompShg,Wd Sdng,Wd Shng,BrkFace,0.0,TA,TA,PConc,TA,TA,No,Unf,0,Unf,0,661,661,GasA,Ex,Y,SBrkr,661,589,0,1250,0,0,2,0,3,1,TA,8,Typ,1,Gd,Detchd,1985.0,Unf,2,552,TA,TA,Y,242,0,81,0,0,0,Gd,MnPrv,Shed,0,11,2007,WD,Normal,139000,0.2330785008390826,1250,2.0,114,0,0,0,0,0
1276,90,RL,95.0,11345,Pave,Grvl,Reg,Lvl,AllPub,Corner,Gtl,NAmes,Feedr,Norm,Duplex,2Story,5,5,1948,1950,Gable,Roll,AsbShng,AsbShng,Stone,567.0,TA,TA,CBlock,TA,TA,No,Rec,220,Unf,0,708,928,GasA,Gd,Y,FuseA,928,992,0,1920,0,0,2,0,4,2,TA,10,Typ,0,Gd,Detchd,1948.0,Unf,2,400,TA,Fa,Y,0,0,0,0,0,0,Gd,MnPrv,Shed,0,7,2007,WD,Normal,137000,0.16922263352723427,1920,2.0,76,0,0,0,0,0
1277,60,RL,69.0,12936,Pave,Grvl,IR1,Lvl,AllPub,CulDSac,Gtl,NWAmes,Norm,Norm,1Fam,2Story,6,6,1972,1972,Gable,CompShg,HdBoard,Plywood,BrkFace,0.0,TA,TA,CBlock,TA,Gd,No,BLQ,593,Unf,0,130,723,GasA,TA,Y,SBrkr,735,660,0,1395,0,1,1,1,3,1,TA,6,Typ,1,TA,Attchd,1972.0,Unf,2,497,TA,TA,Y,294,116,0,0,0,0,Gd,MnPrv,Shed,0,12,2009,WD,Normal,162000,0.10783025430934529,1395,1.5,52,0,0,0,1,0
1278,80,RL,69.0,17871,Pave,Grvl,IR1,Lvl,AllPub,CulDSac,Gtl,NWAmes,Norm,Norm,1Fam,SLvl,6,5,1967,1976,Gable,CompShg,HdBoard,HdBoard,BrkFace,359.0,TA,TA,CBlock,Gd,TA,Av,ALQ,528,Unf,0,1152,1680,GasA,Fa,Y,SBrkr,1724,0,0,1724,1,0,1,1,3,1,TA,7,Typ,1,Gd,Attchd,1967.0,RFn,2,480,TA,TA,Y,0,0,0,0,0,0,Gd,MnPrv,Shed,0,6,2009,WD,Normal,197900,0.09646374216651746,1724,1.5,57,0,0,0,1,0
1279,60,RL,75.0,9473,Pave,Grvl,Reg,Lvl,AllPub,Inside,Gtl,CollgCr,Norm,Norm,1Fam,2Story,8,5,2002,2002,Gable,CompShg,VinylSd,VinylSd,BrkFace,0.0,Gd,TA,PConc,Gd,TA,No,GLQ,804,Unf,0,324,1128,GasA,Ex,Y,SBrkr,1128,903,0,2031,1,0,2,1,3,1,Gd,7,Typ,1,Gd,Attchd,2002.0,RFn,2,577,TA,TA,Y,0,211,0,0,0,0,Gd,MnPrv,Shed,0,3,2008,WD,Normal,237000,0.21437618746041798,2031,2.5,22,0,0,0,0,0
1280,50,C (all),60.0,7500,Pave,Grvl,Reg,Lvl,AllPub,Inside,Gtl,IDOTRR,Norm,Norm,1Fam,1.5Fin,4,4,1920,1950,Gable,CompShg,MetalSd,MetalSd,BrkFace,0.0,TA,Gd,CBlock,TA,TA,No,Unf,0,Unf,0,698,698,GasA,TA,Y,FuseA,698,430,0,1128,0,0,1,0,2,1,TA,6,Typ,0,Gd,Detchd,1980.0,RFn,2,528,TA,TA,Y,30,0,164,0,0,0,Gd,MnPrv,Shed,0,4,2010,COD,Abnorml,68400,0.150379949340088,1128,1.0,104,2,0,0,0,0
1281,20,RL,67.0,9808,Pave,Grvl,IR1,Lvl,AllPub,Inside,Gtl,CollgCr,Norm,Norm,1Fam,1Story,7,5,2002,2002,Gable,CompShg,VinylSd,VinylSd,BrkFace,110.0,Gd,TA,PConc,Gd,TA,No,GLQ,788,Unf,0,785,1573,GasA,Ex,Y,SBrkr,1573,0,0,1573,1,0,2,0,3,1,Gd,6,Typ,0,Gd,Attchd,2002.0,RFn,2,544,TA,TA,Y,0,72,0,0,0,0,Gd,MnPrv,Shed,0,3,2009,WD,Normal,227000,0.16036293200122337,1573,2.0,22,0,0,0,1,0
1282,20,RL,50.0,8049,Pave,Grvl,IR1,Lvl,AllPub,CulDSac,Gtl,Timber,Norm,Norm,1Fam,1Story,7,5,1990,1990,Hip,CompShg,HdBoard,HdBoard,BrkFace,54.0,TA,TA,CBlock,Gd,TA,No,ALQ,1053,Unf,0,256,1309,GasA,TA,Y,SBrkr,1339,0,0,1339,1,0,2,0,2,1,TA,6,Typ,1,TA,Attchd,1990.0,Fin,2,484,Gd,Gd,Y,0,58,0,0,90,0,Gd,MnPrv,Shed,0,7,2006,WD,Normal,180000,0.16633540372670808,1339,2.0,34,0,0,0,1,0
1283,20,RL,61.0,8800,Pave,Grvl,IR1,Lvl,AllPub,Inside,Gtl,CollgCr,Norm,Norm,1Fam,1Story,5,7,1977,2008,Gable,CompShg,HdBoard,HdBoard,BrkFace,0.0,TA,TA,CBlock,Gd,TA,Mn,LwQ,532,Rec,144,364,1040,GasA,TA,Y,SBrkr,1040,0,0,1040,0,0,2,0,3,1,Gd,5,Typ,0,Gd,Detchd,1977.0,Unf,2,484,TA,TA,Y,0,0,0,0,288,0,Gd,MnPrv,Shed,0,9,2009,WD,Normal,150500,0.11816838995568685,1040,2.0,47,0,0,0,1,0
1284,90,RL,94.0,9400,Pave,Grvl,Reg,Low,AllPub,Corner,Gtl,Mitchel,Norm,Norm,Duplex,2Story,6,5,1971,1971,Mansard,CompShg,MetalSd,Wd Shng,BrkFace,0.0,TA,TA,CBlock,TA,TA,Av,Unf,0,Unf,0,912,912,GasA,TA,Y,SBrkr,912,912,0,1824,0,0,2,2,4,2,TA,8,Typ,0,Gd,Attchd,1980.0,Unf,0,0,TA,TA,Y,128,0,0,0,0,0,Gd,MnPrv,Shed,0,4,2010,WD,Normal,139000,0.19402191256249335,1824,3.0,53,0,0,0,0,2
1285,50,RL,50.0,9638,Pave,Grvl,Reg,Lvl,AllPub,Inside,Gtl,SWISU,Feedr,Norm,1Fam,1.5Fin,6,7,1919,1990,Gable,CompShg,Wd Sdng,Wd Shng,BrkFace,0.0,TA,TA,PConc,TA,TA,No,Unf,0,Unf,0,804,804,GasA,Ex,Y,SBrkr,1699,748,0,2447,0,0,2,0,4,1,Gd,10,Min2,1,Gd,Detchd,1969.0,Unf,1,336,TA,TA,Y,272,0,42,0,116,0,Gd,MnPrv,Shed,0,3,2010,WD,Normal,169000,0.25386450876646954,2447,2.0,105,0,0,0,0,0
1286,50,RM,50.0,6000,Pave,Grvl,Reg,Lvl,AllPub,Inside,Gtl,BrkSide,Norm,Norm,1Fam,1.5Fin,6,6,1939,1950,Gable,CompShg,MetalSd,MetalSd,BrkFace,0.0,TA,Fa,CBlock,TA,TA,No,Unf,0,Unf,0,780,780,GasA,Ex,Y,FuseF,825,587,0,1412,0,0,1,0,4,1,TA,6,Typ,1,Gd,Detchd,1939.0,Unf,1,280,TA,TA,Y,45,0,0,0,0,0,Gd,MnPrv,Shed,0,5,2009,WD,Normal,132500,0.23529411764705882,1412,1.0,85,1,0,0,0,0
1287,20,RL,69.0,9790,Pave,Grvl,Reg,Lvl,AllPub,Inside,Gtl,NWAmes,Feedr,Norm,1Fam,1Story,6,5,1963,1963,Hip,CompShg,HdBoard,HdBoard,BrkFace,451.0,TA,TA,CBlock,TA,TA,No,ALQ,569,Rec,81,678,1328,GasA,TA,Y,SBrkr,1328,0,0,1328,1,0,1,1,3,1,TA,6,Typ,2,Gd,Attchd,1963.0,Unf,2,528,TA,TA,Y,0,26,0,0,0,0,Gd,MnPrv,Shed,0,6,2010,WD,Normal,143000,0.13563476662240834,1328,1.5,61,0,0,0,0,0
1288,20,RL,69.0,36500,Pave,Grvl,IR1,Low,AllPub,Inside,Mod,ClearCr,Norm,Norm,1Fam,1Story,5,5,1964,1964,Gable,CompShg,Wd Sdng,Wd Sdng,BrkCmn,621.0,TA,Gd,CBlock,TA,TA,Av,Rec,812,Unf,0,812,1624,GasA,Fa,Y,SBrkr,1582,0,0,1582,0,1,2,0,4,1,TA,7,Typ,0,Gd,Attchd,1964.0,Unf,2,390,TA,TA,N,168,198,0,0,0,0,Gd,MnPrv,Shed,0,6,2006,WD,Normal,190000,0.04334127832114189,1582,2.0,60,0,0,0,1,2
1289,120,RL,40.0,5664,Pave,Grvl,IR1,Lvl,AllPub,Inside,Gtl,StoneBr,Norm,Norm,TwnhsE,1Story,8,5,2000,2000,Gable,CompShg,CemntBd,CmentBd,BrkFace,0.0,Gd,TA,PConc,Gd,TA,No,GLQ,1158,Unf,0,343,1501,GasA,Ex,Y,SBrkr,1659,0,0,1659,1,0,2,0,2,1,Ex,5,Typ,1,Ex,Attchd,2000.0,Fin,2,499,TA,TA,Y,212,59,0,0,0,0,Gd,MnPrv,Shed,0,10,2009,WD,Normal,278000,0.29285083848190646,1659,2.0,24,0,0,0,1,0
1290,60,RL,86.0,11065,Pave,Grvl,IR1,Lvl,AllPub,Inside,Gtl,NridgHt,Norm,Norm,1Fam,2Story,8,5,2006,2006,Gable,CompShg,VinylSd,VinylSd,Stone,788.0,Gd,TA,PConc,Gd,TA,Mn,Unf,0,Unf,0,1085,1085,GasA,Ex,Y,SBrkr,1120,850,0,1970,0,0,2,1,3,1,Ex,8,Typ,1,Gd,BuiltIn,2006.0,Fin,3,753,TA,TA,Y,177,74,0,0,0,0,Gd,MnPrv,Shed,0,10,2006,New,Partial,281000,0.17802277245617207,1970,2.5,18,0,0,0,1,0
1291,80,RL,69.0,14112,Pave,Grvl,IR1,Lvl,AllPub,Corner,Gtl,NAmes,Norm,Norm,1Fam,SLvl,5,7,1964,1964,Hip,CompShg,Wd Sdng,HdBoard,BrkFace,86.0,TA,TA,PConc,TA,TA,Av,GLQ,1014,Unf,0,138,1152,GasA,TA,Y,SBrkr,1152,0,0,1152,1,0,1,0,3,1,TA,6,Typ,1,Gd,Attchd,1964.0,RFn,2,484,TA,TA,Y,227,0,0,0,0,0,Gd,MnPrv,Shed,0,4,2010,WD,Normal,180500,0.08162686884432792,1152,1.0,60,0,0,0,1,0
1292,160,RM,21.0,1680,Pave,Grvl,Reg,Lvl,AllPub,Inside,Gtl,BrDale,Norm,Norm,Twnhs,2Story,5,7,1972,1972,Gable,CompShg,CemntBd,CmentBd,BrkFace,268.0,TA,TA,CBlock,TA,TA,No,ALQ,231,Unf,0,399,630,GasA,TA,Y,SBrkr,630,672,0,1302,0,0,2,1,3,1,TA,6,Typ,0,Gd,Detchd,1972.0,Unf,1,264,TA,TA,Y,185,0,0,0,0,0,Gd,MnPrv,Shed,0,2,2009,WD,Normal,119500,0.7745389649018442,1302,2.5,52,1,0,0,0,0
1293,70,RM,60.0,6600,Pave,Grvl,Reg,Lvl,AllPub,Corner,Gtl,OldTown,Norm,Norm,1Fam,2Story,5,4,1892,1965,Gable,CompShg,Wd Sdng,Wd Sdng,BrkFace,0.0,TA,TA,Stone,TA,TA,No,Unf,0,Unf,0,994,994,GasA,TA,N,SBrkr,1378,994,0,2372,0,0,2,0,4,2,TA,11,Min2,0,Gd,Attchd,1985.0,RFn,1,432,TA,TA,Y,0,287,0,0,0,0,Gd,MnPrv,Shed,0,12,2009,WD,Normal,107500,0.3593394940160582,2372,2.0,132,1,0,0,0,0
1294,60,RL,78.0,10140,Pave,Grvl,Reg,Lvl,AllPub,Inside,Gtl,NWAmes,Norm,Norm,1Fam,2Story,7,5,1976,1976,Gable,CompShg,HdBoard,HdBoard,BrkFace,0.0,TA,TA,PConc,Gd,TA,No,GLQ,194,Unf,0,638,832,GasA,TA,Y,SBrkr,832,832,0,1664,0,0,2,1,4,1,TA,8,Typ,1,TA,Attchd,1976.0,RFn,2,528,TA,TA,Y,0,28,0,0,259,0,Gd,GdWo,Shed,0,3,2006,WD,Normal,162900,0.16408638201360812,1664,2.5,48,0,0,0,0,0
1295,20,RL,60.0,8172,Pave,Grvl,Reg,Lvl,AllPub,Inside,Gtl,Edwards,Norm,Norm,1Fam,1Story,5,7,1955,1990,Hip,CompShg,WdShing,Plywood,BrkFace,0.0,TA,TA,CBlock,TA,TA,No,Rec,167,Unf,0,697,864,GasA,TA,Y,SBrkr,864,0,0,864,1,0,1,0,2,1,TA,5,Typ,0,Gd,Detchd,1957.0,Unf,2,572,TA,TA,N,0,0,0,0,0,0,Gd,MnPrv,Shed,0,4,2006,WD,Normal,115000,0.10571393613116359,864,1.0,69,0,0,0,0,0
1296,20,RL,70.0,8400,Pave,Grvl,Reg,Lvl,AllPub,Inside,Gtl,NAmes,Feedr,Norm,1Fam,1Story,5,5,1968,1968,Hip,CompShg,HdBoard,HdBoard,BrkFace,168.0,TA,TA,CBlock,TA,TA,Av,BLQ,1016,Unf,0,36,1052,GasA,Gd,Y,SBrkr,1052,0,0,1052,1,0,1,1,3,1,TA,5,Typ,0,Gd,Attchd,1968.0,RFn,1,288,TA,TA,Y,356,0,0,0,0,0,Gd,GdWo,Shed,0,11,2006,WD,Normal,138500,0.1252231877157481,1052,1.5,56,0,0,0,0,0
1297,20,RL,80.0,8700,Pave,Grvl,Reg,Lvl,AllPub,Inside,Gtl,NAmes,Norm,Norm,1Fam,1Story,5,6,1963,1963,Hip,CompShg,MetalSd,MetalSd,BrkFace,148.0,TA,Gd,CBlock,TA,TA,Mn,ALQ,776,Unf,0,344,1120,GasA,Gd,Y,SBrkr,1128,0,0,1128,1,0,2,0,3,1,TA,6,Typ,0,Gd,Attchd,1963.0,RFn,2,525,TA,TA,Y,192,20,123,0,0,0,Gd,MnPrv,Shed,0,12,2008,WD,Normal,155000,0.12964027123319158,1128,2.0,61,0,0,0,0,0
1298,180,RM,35.0,3675,Pave,Grvl,Reg,Lvl,AllPub,Inside,Gtl,Edwards,Norm,Norm,TwnhsE,SFoyer,6,5,2005,2006,Gable,CompShg,VinylSd,VinylSd,BrkFace,82.0,TA,TA,PConc,Gd,TA,Gd,GLQ,547,Unf,0,0,547,GasA,Gd,Y,SBrkr,1072,0,0,1072,1,0,2,0,2,1,TA,5,Typ,0,Gd,Basment,2005.0,Fin,2,525,TA,TA,Y,0,44,0,0,0,0,Gd,MnPrv,Shed,0,6,2006,New,Partial,140000,0.2916213275299238,1072,2.0,19,1,0,0,0,0
1299,60,RL,313.0,63887,Pave,Grvl,IR3,Bnk,AllPub,Corner,Gtl,Edwards,Feedr,Norm,1Fam,2Story,10,5,2008,2008,Hip,ClyTile,Stucco,Stucco,Stone,796.0,Ex,TA,PConc,Ex,TA,Gd,GLQ,5644,Unf,0,466,6110,GasA,Ex,Y,SBrkr,4692,950,0,5642,2,0,2,1,3,1,Ex,12,Typ,3,Gd,Attchd,2008.0,Fin,2,1418,TA,TA,Y,214,292,0,0,0,480,Gd,MnPrv,Shed,0,1,2008,New,Partial,160000,0.08831079388930628,5642,2.5,16,0,0,0,3,1
1300,20,RL,75.0,7500,Pave,Grvl,Reg,Lvl,AllPub,Inside,Gtl,NAmes,Norm,Norm,1Fam,1Story,5,7,1959,1994,Hip,CompShg,BrkFace,BrkFace,BrkFace,0.0,TA,TA,CBlock,TA,TA,No,LwQ,340,Rec,906,0,1246,GasA,Ex,Y,SBrkr,1246,0,0,1246,1,0,1,1,3,1,Gd,6,Typ,0,Gd,Attchd,1959.0,RFn,1,305,TA,TA,Y,218,0,0,0,0,0,Gd,GdPrv,Shed,0,5,2010,WD,Normal,154000,0.16611118517530996,1246,1.5,65,0,0,0,0,0
1301,60,RL,69.0,10762,Pave,Grvl,IR1,Lvl,AllPub,CulDSac,Gtl,Gilbert,Norm,Norm,1Fam,2Story,7,5,1999,1999,Gable,CompShg,VinylSd,VinylSd,BrkFace,344.0,Gd,TA,PConc,Gd,TA,No,GLQ,694,Unf,0,284,978,GasA,Ex,Y,SBrkr,1005,978,0,1983,0,0,2,1,3,1,Gd,9,Typ,1,TA,Attchd,1999.0,Fin,2,490,TA,TA,Y,0,0,0,0,0,0,Gd,MnPrv,Shed,0,5,2009,WD,Normal,225000,0.1842423116231534,1983,2.5,25,0,0,0,1,0
1302,70,RL,69.0,7500,Pave,Grvl,IR1,Bnk,AllPub,Inside,Gtl,Crawfor,Norm,Norm,1Fam,2Story,6,7,1942,1950,Gable,CompShg,Wd Sdng,Wd Sdng,BrkFace,0.0,TA,TA,CBlock,TA,TA,No,BLQ,547,Unf,0,224,771,GasA,Fa,Y,SBrkr,753,741,0,1494,0,0,1,0,3,1,Gd,7,Typ,2,Gd,Attchd,1942.0,Unf,1,213,TA,TA,P,0,0,0,0,224,0,Gd,MnPrv,Shed,0,11,2009,WD,Normal,177500,0.19917344354086122,1494,1.0,82,0,0,0,1,1
1303,60,RL,92.0,10120,Pave,Grvl,Reg,Lvl,AllPub,Inside,Gtl,NoRidge,Norm,Norm,1Fam,2Story,8,5,1994,1994,Hip,CompShg,VinylSd,VinylSd,BrkFace,391.0,Gd,TA,PConc,Gd,TA,No,GLQ,740,Unf,0,425,1165,GasA,Ex,Y,SBrkr,1203,1323,0,2526,1,0,2,1,4,1,Gd,8,Typ,1,TA,Attchd,1994.0,RFn,3,844,TA,TA,Y,309,78,0,0,0,0,Gd,MnPrv,Shed,0,12,2006,WD,Normal,290000,0.2495800810196621,2526,2.5,30,0,0,0,0,0
1304,20,RL,73.0,8688,Pave,Grvl,Reg,Lvl,AllPub,Inside,Gtl,Somerst,Norm,Norm,1Fam,1Story,7,5,2005,2005,Gable,CompShg,VinylSd,VinylSd,BrkFace,228.0,Gd,TA,PConc,Gd,TA,Av,Unf,0,Unf,0,1616,1616,GasA,Ex,Y,SBrkr,1616,0,0,1616,0,0,2,0,3,1,Gd,7,Typ,0,Gd,Attchd,2005.0,RFn,3,834,TA,TA,Y,208,59,0,0,0,0,Gd,MnPrv,Shed,0,4,2006,WD,Normal,232000,0.18598227644147772,1616,2.0,19,0,0,0,0,0
1305,160,RM,32.0,3363,Pave,Grvl,Reg,Lvl,AllPub,Inside,Gtl,Edwards,Norm,Norm,TwnhsE,2Story,7,5,2004,2004,Gable,CompShg,VinylSd,VinylSd,Stone,117.0,Gd,TA,PConc,Gd,TA,No,Unf,0,Unf,0,976,976,GasA,Ex,Y,SBrkr,976,732,0,1708,0,0,2,0,3,1,Gd,7,Maj1,0,Gd,Detchd,2004.0,Unf,2,380,TA,TA,Y,0,40,0,0,0,0,Gd,MnPrv,Shed,0,4,2006,WD,Normal,130000,0.5077288941736029,1708,2.0,20,1,0,0,0,0
1306,20,RL,108.0,13173,Pave,Grvl,IR1,Lvl,AllPub,Corner,Gtl,NridgHt,Norm,Norm,1Fam,1Story,9,5,2006,2007,Hip,CompShg,VinylSd,VinylSd,Stone,300.0,Gd,TA,PConc,Ex,TA,No,GLQ,1572,Unf,0,80,1652,GasA,Ex,Y,SBrkr,1652,0,0,1652,1,0,2,0,2,1,Ex,6,Typ,2,Ex,Attchd,2006.0,Fin,2,840,TA,TA,Y,404,102,0,0,0,0,Gd,MnPrv,Shed,0,11,2009,WD,Normal,325000,0.12539851222104145,1652,2.0,18,0,0,0,1,0
1307,120,RL,48.0,6955,Pave,Grvl,IR1,Lvl,AllPub,Inside,Gtl,NridgHt,Norm,Norm,TwnhsE,1Story,7,5,2005,2006,Gable,CompShg,VinylSd,VinylSd,Stone,94.0,Gd,TA,PConc,Gd,TA,No,Unf,0,Unf,0,1368,1368,GasA,Ex,Y,SBrkr,1368,0,0,1368,0,0,2,0,2,1,Gd,6,Typ,1,Gd,Attchd,2005.0,RFn,2,474,TA,TA,Y,132,35,0,0,0,0,Gd,MnPrv,Shed,0,9,2006,New,Partial,202500,0.19666474985623922,1368,2.0,19,0,0,0,1,0
1308,20,RL,60.0,8072,Pave,Grvl,Reg,Lvl,AllPub,Inside,Gtl,CollgCr,Norm,Norm,1Fam,1Story,5,5,1994,1995,Gable,CompShg,VinylSd,VinylSd,BrkFace,0.0,TA,Gd,PConc,Gd,Gd,No,ALQ,746,Unf,0,244,990,GasA,Ex,Y,SBrkr,990,0,0,990,1,0,1,0,3,1,TA,5,Typ,0,Gd,Detchd,2000.0,Unf,2,480,TA,TA,Y,0,64,0,0,0,0,Gd,MnPrv,Shed,0,5,2009,WD,Normal,138000,0.12263099219620958,990,1.0,30,0,0,0,0,0
1309,20,RM,100.0,12000,Pave,Grvl,Reg,Lvl,AllPub,Inside,Gtl,OldTown,Norm,Norm,1Fam,1Story,5,7,1948,2005,Gable,CompShg,MetalSd,MetalSd,BrkFace,0.0,TA,TA,CBlock,TA,TA,No,GLQ,144,ALQ,608,172,924,GasA,Ex,Y,SBrkr,1122,0,0,1122,1,0,1,0,2,1,Gd,6,Typ,0,Gd,Attchd,1948.0,Unf,2,528,TA,TA,Y,0,36,0,0,0,0,Gd,GdWo,Shed,0,5,2008,WD,Normal,147000,0.09349220898258478,1122,1.0,76,1,0,0,0,0
1310,20,RL,69.0,7153,Pave,Grvl,Reg,Lvl,AllPub,Inside,Gtl,SawyerW,Norm,Norm,1Fam,1Story,6,5,1991,1991,Gable,CompShg,HdBoard,HdBoard,BrkFace,88.0,TA,TA,CBlock,Gd,TA,No,GLQ,1200,Unf,0,78,1278,GasA,Gd,Y,SBrkr,1294,0,0,1294,1,0,2,0,3,1,Gd,6,Typ,0,Gd,Attchd,1991.0,RFn,2,496,TA,TA,Y,112,51,0,0,0,0,Gd,GdWo,Shed,0,6,2008,WD,Normal,179200,0.18087783058428852,1294,2.0,33,0,0,0,0,0
1311,20,RL,100.0,17500,Pave,Grvl,Reg,Lvl,AllPub,Inside,Gtl,Crawfor,PosA,Norm,1Fam,1Story,7,8,1959,2002,Gable,CompShg,BrkFace,HdBoard,BrkFace,0.0,Gd,Gd,PConc,Gd,TA,Av,GLQ,1406,Unf,0,496,1902,GasA,TA,Y,SBrkr,1902,0,0,1902,1,0,2,0,3,1,Ex,7,Typ,2,TA,Attchd,1959.0,Fin,2,567,TA,TA,Y,0,207,162,0,0,0,Gd,MnPrv,Shed,0,5,2010,WD,Normal,335000,0.10867950402834124,1902,2.0,65,0,0,0,0,0
1312,20,RL,68.0,8814,Pave,Grvl,Reg,Lvl,AllPub,Inside,Gtl,CollgCr,Norm,Norm,1Fam,1Story,7,5,2005,2007,Gable,CompShg,VinylSd,VinylSd,BrkFace,80.0,Gd,TA,PConc,Gd,TA,No,GLQ,925,Unf,0,349,1274,GasA,Ex,Y,SBrkr,1274,0,0,1274,1,0,2,0,3,1,Gd,6,Typ,0,Gd,Attchd,2005.0,RFn,2,508,TA,TA,Y,264,98,0,0,0,0,Gd,MnPrv,Shed,0,1,2007,New,Partial,203000,0.14452637549631311,1274,2.0,19,0,0,0,0,0
1313,60,RL,69.0,9572,Pave,Grvl,IR1,Lvl,AllPub,Inside,Gtl,NoRidge,Norm,Norm,1Fam,2Story,8,5,1990,1990,Gable,CompShg,Wd Sdng,Wd Sdng,BrkFace,336.0,Gd,TA,PConc,Ex,TA,No,GLQ,482,Unf,0,971,1453,GasA,Ex,Y,SBrkr,1453,1357,0,2810,0,0,2,1,4,1,Gd,9,Typ,1,Ex,Attchd,1990.0,RFn,2,750,Gd,Gd,Y,500,0,0,0,0,0,Gd,MnPrv,Shed,0,6,2007,WD,Normal,302000,0.2935338974198266,2810,2.5,34,0,0,0,1,0
1314,60,RL,108.0,14774,Pave,Grvl,IR1,Lvl,AllPub,Corner,Gtl,NoRidge,Norm,Norm,1Fam,2Story,9,5,1999,1999,Gable,CompShg,VinylSd,VinylSd,BrkFace,165.0,Gd,TA,PConc,Gd,TA,No,Unf,0,Unf,0,1393,1393,GasA,Ex,Y,SBrkr,1422,1177,0,2599,0,0,2,1,4,1,Gd,10,Typ,1,TA,BuiltIn,1999.0,Fin,3,779,TA,TA,Y,668,30,0,0,0,0,Gd,MnPrv,Shed,0,5,2010,WD,Normal,333168,0.17590524534686972,2599,2.5,25,0,0,0,1,0
1315,20,RL,60.0,8190,Pave,Grvl,Reg,Lvl,AllPub,Inside,Gtl,Edwards,Norm,Norm,1Fam,1Story,4,6,1954,1954,Hip,CompShg,Wd Sdng,Wd Sdng,BrkFace,0.0,TA,TA,CBlock,TA,TA,No,Rec,732,Unf,0,216,948,GasA,Ex,Y,SBrkr,948,0,0,948,1,0,1,0,3,1,TA,5,Typ,1,TA,Detchd,1956.0,Unf,1,280,TA,TA,Y,0,36,0,0,0,0,Gd,MnPrv,Shed,0,10,2007,WD,Normal,119000,0.11573678427542425,948,1.0,70,0,0,0,0,0
1316,60,RL,85.0,11075,Pave,Grvl,Reg,Lvl,AllPub,Inside,Gtl,NAmes,Norm,Norm,1Fam,2Story,6,5,1969,1969,Gable,CompShg,HdBoard,HdBoard,BrkFace,0.0,TA,TA,CBlock,Fa,TA,Mn,ALQ,500,LwQ,276,176,952,GasA,TA,Y,SBrkr,1092,1020,0,2112,0,0,2,1,4,1,TA,9,Typ,2,Gd,Attchd,1969.0,Unf,2,576,TA,TA,Y,280,0,0,0,0,0,Gd,MnPrv,Shed,0,6,2008,WD,Normal,206900,0.19068255687973998,2112,2.5,55,0,0,0,0,0
1317,20,RL,61.0,10226,Pave,Grvl,IR1,Lvl,AllPub,Inside,Gtl,CollgCr,Norm,Norm,1Fam,1Story,8,5,2008,2008,Gable,CompShg,VinylSd,VinylSd,Stone,270.0,Gd,TA,PConc,Ex,TA,Gd,Unf,0,Unf,0,1622,1622,GasA,Ex,Y,SBrkr,1630,0,0,1630,1,0,2,0,3,1,Ex,8,Typ,1,Gd,Attchd,2008.0,RFn,3,860,TA,TA,Y,172,42,0,0,0,0,Gd,MnPrv,Shed,0,1,2009,WD,Normal,295493,0.1593820279651902,1630,2.0,16,0,0,0,1,0
1318,120,FV,47.0,4230,Pave,Pave,Reg,Lvl,AllPub,Corner,Gtl,Somerst,Norm,Norm,TwnhsE,1Story,7,5,2006,2007,Gable,CompShg,VinylSd,VinylSd,BrkFace,0.0,Gd,TA,PConc,Ex,Gd,No,Unf,0,Unf,0,1352,1352,GasA,Ex,Y,SBrkr,1352,0,0,1352,0,0,2,0,2,1,Gd,5,Typ,1,Gd,Attchd,2006.0,RFn,2,466,TA,TA,Y,0,241,0,0,0,0,Gd,MnPrv,Shed,0,4,2007,New,Partial,208900,0.3195462065705507,1352,2.0,18,3,0,1,0,0
1319,20,RL,69.0,14781,Pave,Grvl,IR2,Lvl,AllPub,CulDSac,Gtl,CollgCr,Norm,Norm,1Fam,1Story,8,5,2001,2002,Hip,CompShg,VinylSd,VinylSd,BrkFace,178.0,Gd,TA,PConc,Gd,TA,Gd,Unf,0,Unf,0,1753,1753,GasA,Ex,Y,SBrkr,1787,0,0,1787,0,0,2,0,3,1,Gd,7,Typ,1,TA,Attchd,2001.0,RFn,3,748,TA,TA,Y,198,150,0,0,0,0,Gd,MnPrv,Shed,0,8,2006,WD,Normal,275000,0.1208902719523745,1787,2.0,23,0,0,0,2,0
1320,20,RL,75.0,10215,Pave,Grvl,Reg,Bnk,AllPub,Inside,Gtl,Edwards,Norm,Norm,1Fam,1Story,4,5,1954,1954,Hip,CompShg,Wd Sdng,Wd Sdng,BrkFace,132.0,TA,TA,PConc,TA,TA,No,ALQ,492,Unf,0,372,864,GasA,Ex,Y,SBrkr,948,0,0,948,0,0,1,0,3,1,TA,5,Typ,0,Gd,Attchd,1954.0,Unf,1,248,TA,TA,Y,0,0,0,0,0,0,Gd,MnPrv,Shed,0,2,2007,WD,Normal,111000,0.0927956147220047,948,1.0,70,0,0,0,0,1
1321,20,RL,70.0,8400,Pave,Grvl,Reg,Lvl,AllPub,Inside,Gtl,NAmes,Norm,Norm,1Fam,1Story,6,3,1957,1957,Hip,CompShg,BrkFace,BrkFace,BrkFace,0.0,TA,TA,CBlock,TA,TA,No,ALQ,189,Rec,661,628,1478,GasA,Gd,Y,SBrkr,1478,0,0,1478,1,0,1,1,3,1,TA,6,Typ,2,Gd,Attchd,1957.0,RFn,2,442,TA,TA,Y,114,0,0,0,216,0,Gd,MnPrv,Shed,0,6,2009,WD,Normal,156500,0.17593143673372216,1478,1.5,67,0,0,0,0,0
1322,20,RL,69.0,6627,Pave,Grvl,IR1,Lvl,AllPub,Corner,Gtl,BrkSide,Feedr,Norm,1Fam,1Story,3,6,1949,1950,Hip,CompShg,VinylSd,VinylSd,BrkFace,0.0,TA,TA,CBlock,TA,TA,No,Unf,0,Unf,0,0,0,Floor,TA,N,SBrkr,720,0,0,720,0,0,1,0,2,1,TA,4,Typ,0,Gd,Detchd,1955.0,Unf,1,287,TA,Fa,Y,0,0,0,0,0,0,Gd,MnPrv,Shed,0,7,2008,WD,Normal,72500,0.10863005431502716,720,1.0,75,0,0,0,1,0
1323,60,RL,107.0,10186,Pave,Grvl,IR1,Lvl,AllPub,Inside,Gtl,NoRidge,Norm,Norm,1Fam,2Story,7,5,1992,1992,Gable,CompShg,HdBoard,HdBoard,BrkFace,0.0,Gd,TA,PConc,Gd,TA,No,GLQ,674,Unf,0,76,750,GasA,Ex,Y,SBrkr,1061,862,0,1923,1,0,2,1,3,1,Gd,8,Typ,1,TA,Attchd,1992.0,RFn,2,564,TA,TA,Y,240,39,0,0,0,0,Gd,MnPrv,Shed,0,6,2010,WD,Normal,190000,0.18877000098164326,1923,2.5,32,0,0,0,1,0
1324,30,RL,50.0,5330,Pave,Grvl,Reg,HLS,AllPub,Inside,Gtl,BrkSide,Norm,Norm,1Fam,1Story,4,7,1940,1950,Hip,CompShg,VinylSd,VinylSd,BrkFace,0.0,Fa,TA,CBlock,TA,TA,No,LwQ,280,Unf,0,140,420,GasA,Gd,Y,SBrkr,708,0,0,708,0,0,1,0,2,1,Fa,5,Typ,0,Gd,Attchd,1980.0,Unf,0,0,TA,TA,Y,164,0,0,0,0,0,Gd,MnPrv,Shed,0,12,2009,WD,Normal,82500,0.13280810354530106,708,1.0,84,0,0,0,0,3
1325,20,RL,75.0,9986,Pave,Grvl,Reg,Lvl,AllPub,Inside,Gtl,Somerst,Norm,Norm,1Fam,1Story,8,5,2006,2007,Gable,CompShg,VinylSd,VinylSd,BrkFace,428.0,Gd,TA,PConc,Ex,TA,Av,Unf,0,Unf,0,1795,1795,GasA,Ex,Y,SBrkr,1795,0,0,1795,0,0,2,0,2,1,Gd,7,Typ,1,Gd,Attchd,2007.0,RFn,3,895,TA,TA,Y,0,49,0,0,0,0,Gd,MnPrv,Shed,0,2,2007,New,Partial,147000,0.17973365374987485,1795,2.0,18,0,0,0,0,0
1326,30,RM,40.0,3636,Pave,Grvl,Reg,Lvl,AllPub,Inside,Gtl,IDOTRR,Norm,Norm,1Fam,1Story,4,4,1922,1950,Gable,CompShg,AsbShng,AsbShng,BrkFace,0.0,TA,TA,BrkTil,TA,Fa,No,Unf,0,Unf,0,796,796,GasA,Fa,N,SBrkr,796,0,0,796,0,0,1,0,2,1,TA,5,Typ,0,Gd,Attchd,1980.0,Unf,0,0,TA,TA,N,0,0,100,0,0,0,Gd,MnPrv,Shed,0,1,2008,WD,Normal,55000,0.21886169920263954,796,1.0,102,1,0,0,0,0
1327,30,RH,70.0,4270,Pave,Grvl,Reg,Bnk,AllPub,Inside,Mod,Edwards,Norm,Norm,1Fam,1Story,3,6,1931,2006,Gable,CompShg,MetalSd,MetalSd,BrkFace,0.0,TA,TA,BrkTil,TA,TA,No,Rec,544,Unf,0,0,544,GasA,Ex,Y,SBrkr,774,0,0,774,0,0,1,0,3,1,Gd,6,Typ,0,Gd,Attchd,1980.0,Unf,0,0,TA,TA,Y,0,0,286,0,0,0,Gd,MnPrv,Shed,0,5,2007,WD,Normal,79000,0.1812221962069773,774,1.0,93,4,0,0,0,1
1328,20,RL,60.0,6600,Pave,Grvl,Reg,Lvl,AllPub,Inside,Gtl,Mitchel,Norm,Norm,1Fam,1Story,5,9,1982,2008,Gable,CompShg,VinylSd,VinylSd,BrkFace,0.0,Gd,Gd,CBlock,TA,TA,No,ALQ,641,Unf,0,175,816,GasA,Ex,Y,SBrkr,816,0,0,816,0,1,1,0,3,1,Gd,5,Typ,1,Ex,Attchd,1982.0,Unf,1,264,TA,TA,Y,0,0,0,0,0,0,Gd,MnPrv,Shed,0,10,2008,WD,Normal,130500,0.12361763369186488,816,1.0,42,0,0,0,0,0
1329,50,RM,60.0,10440,Pave,Grvl,Reg,Lvl,AllPub,Corner,Gtl,OldTown,Norm,Norm,1Fam,1.5Fin,6,7,1920,1950,Gable,CompShg,BrkFace,Wd Sdng,BrkFace,0.0,Gd,Gd,BrkTil,Gd,TA,No,LwQ,493,Unf,0,1017,1510,GasW,Ex,Y,SBrkr,1584,1208,0,2792,0,0,2,0,5,1,TA,8,Mod,2,TA,Detchd,1920.0,Unf,2,520,Fa,TA,Y,0,547,0,0,480,0,Gd,MnPrv,Shed,1150,6,2008,WD,Normal,256000,0.2674073364620247,2792,2.0,104,1,0,0,0,0
1330,60,RL,63.0,9084,Pave,Grvl,IR1,Lvl,AllPub,Inside,Gtl,Gilbert,Norm,Norm,1Fam,2Story,7,5,1998,1998,Hip,CompShg,VinylSd,VinylSd,BrkFace,0.0,TA,TA,PConc,Gd,TA,No,Unf,0,Unf,0,935,935,GasA,Gd,Y,SBrkr,955,677,0,1632,0,0,2,1,3,1,TA,8,Typ,1,TA,Attchd,1998.0,Fin,2,462,TA,TA,Y,0,28,0,0,0,0,Gd,MnPrv,Shed,0,6,2006,WD,Normal,176500,0.17963676389653274,1632,2.5,26,0,0,0,1,0
1331,20,RL,85.0,10000,Pave,Grvl,Reg,Lvl,AllPub,Inside,Gtl,Somerst,Norm,Norm,1Fam,1Story,8,5,2006,2006,Hip,CompShg,VinylSd,VinylSd,Stone,410.0,Gd,TA,PConc,Gd,Gd,Av,Unf,0,Unf,0,1588,1588,GasA,Ex,Y,SBrkr,1588,0,0,1588,0,0,2,0,3,1,Gd,7,Typ,1,Gd,Attchd,2006.0,RFn,3,825,TA,TA,Y,144,45,0,0,0,0,Gd,MnPrv,Shed,0,12,2007,WD,Normal,227000,0.15878412158784122,1588,2.0,18,0,0,0,0,0
1332,80,RL,55.0,10780,Pave,Grvl,IR1,Lvl,AllPub,Inside,Gtl,CollgCr,Norm,Norm,1Fam,SLvl,5,5,1976,1976,Gable,CompShg,MetalSd,MetalSd,BrkFace,0.0,TA,TA,CBlock,TA,TA,Av,ALQ,483,Unf,0,428,911,GasA,Gd,Y,SBrkr,954,0,0,954,0,0,1,0,3,1,TA,6,Typ,0,Gd,Detchd,1976.0,Unf,2,576,TA,TA,Y,0,0,0,0,0,0,Gd,MnPrv,Shed,0,7,2006,WD,Normal,132500,0.08848900844077544,954,1.0,48,0,0,0,1,0
1333,20,RL,67.0,8877,Pave,Grvl,Reg,Lvl,AllPub,Inside,Mod,Edwards,Norm,Norm,1Fam,1Story,4,6,1938,1958,Gable,CompShg,MetalSd,MetalSd,BrkFace,0.0,TA,TA,CBlock,TA,TA,Mn,ALQ,690,Unf,0,126,816,GasA,Ex,Y,SBrkr,816,0,0,816,1,0,1,0,2,1,TA,3,Typ,1,Gd,Detchd,1958.0,Unf,1,288,Fa,Fa,Y,0,0,0,0,0,0,Gd,MnPrv,Shed,0,5,2009,WD,Normal,100000,0.09191259292633476,816,1.0,86,0,0,0,0,0
1334,50,RM,60.0,7200,Pave,Grvl,Reg,Lvl,AllPub,Corner,Gtl,IDOTRR,Norm,Norm,1Fam,1.5Fin,5,6,1938,1995,Gable,CompShg,Wd Sdng,Wd Sdng,BrkFace,0.0,TA,TA,CBlock,TA,TA,No,Unf,0,Unf,0,803,803,GasA,Ex,Y,SBrkr,803,557,0,1360,0,0,1,1,2,1,Gd,6,Typ,0,Gd,Detchd,1951.0,Unf,1,297,TA,TA,Y,0,65,190,0,0,0,Gd,MnPrv,Shed,0,7,2006,WD,Normal,125500,0.18886265796417165,1360,1.5,86,1,0,0,0,0
1335,160,RM,24.0,2368,Pave,Grvl,Reg,Lvl,AllPub,Inside,Gtl,BrDale,Norm,Norm,TwnhsE,2Story,5,6,1970,1970,Gable,CompShg,HdBoard,HdBoard,BrkFace,312.0,TA,TA,CBlock,TA,TA,No,LwQ,765,Unf,0,0,765,GasA,TA,Y,SBrkr,765,600,0,1365,0,0,1,1,3,1,TA,7,Min1,0,Gd,Attchd,1970.0,Unf,2,440,TA,TA,Y,0,36,0,0,0,0,Gd,MnPrv,Shed,0,5,2009,WD,Normal,125000,0.5761924862811313,1365,1.5,54,1,0,0,0,0
1336,20,RL,80.0,9650,Pave,Grvl,Reg,Lvl,AllPub,Inside,Gtl,NWAmes,Norm,Norm,1Fam,1Story,6,5,1977,1977,Gable,CompShg,Plywood,Plywood,BrkFace,360.0,TA,TA,CBlock,Gd,TA,No,ALQ,686,Unf,0,664,1350,GasA,TA,Y,SBrkr,1334,0,0,1334,0,1,2,0,2,1,TA,6,Typ,1,TA,Attchd,1977.0,RFn,2,630,TA,TA,Y,0,16,0,0,0,0,Gd,MnPrv,Shed,0,4,2009,WD,Normal,167900,0.13822401823645217,1334,2.0,47,0,0,0,0,0
1337,90,RL,87.0,9246,Pave,Grvl,IR1,Lvl,AllPub,Inside,Gtl,NWAmes,Feedr,Norm,Duplex,1Story,5,5,1973,1973,Gable,CompShg,Plywood,Plywood,BrkFace,564.0,TA,TA,CBlock,TA,TA,No,Unf,0,Unf,0,1656,1656,GasA,TA,Y,SBrkr,1656,0,0,1656,0,0,2,0,4,2,TA,8,Typ,0,Gd,Detchd,1973.0,Unf,2,506,TA,TA,Y,0,211,0,0,0,0,Gd,MnPrv,Shed,0,11,2008,WD,Normal,135000,0.1790851086838975,1656,2.0,51,0,0,0,1,0
1338,30,RM,153.0,4118,Pave,Grvl,IR1,Bnk,AllPub,Corner,Mod,OldTown,Feedr,Norm,1Fam,1Story,4,4,1941,1950,Gable,CompShg,Wd Sdng,Wd Sdng,BrkFace,0.0,TA,TA,CBlock,TA,TA,No,Unf,0,Unf,0,693,693,Grav,Fa,N,FuseA,693,0,0,693,0,0,1,0,2,1,Fa,4,Typ,0,Gd,Attchd,1980.0,Unf,0,0,TA,TA,N,0,20,0,0,0,0,Gd,MnPrv,Shed,0,3,2006,WD,Normal,52500,0.16824471959213402,693,1.0,83,1,0,0,1,1
1339,60,RL,95.0,13450,Pave,Grvl,IR1,Lvl,AllPub,Corner,Gtl,CollgCr,Norm,Norm,1Fam,2Story,7,5,2002,2002,Gable,CompShg,VinylSd,VinylSd,BrkFace,0.0,Gd,TA,PConc,Gd,TA,No,GLQ,700,Unf,0,216,916,GasA,Ex,Y,SBrkr,920,941,0,1861,1,0,2,1,3,1,Gd,8,Typ,0,Gd,BuiltIn,2002.0,RFn,2,492,TA,TA,Y,146,91,0,0,0,0,Gd,MnPrv,Shed,0,6,2006,WD,Normal,200000,0.13835402572299457,1861,2.5,22,0,0,0,1,0
1340,20,RL,120.0,9560,Pave,Grvl,IR1,Lvl,AllPub,Corner,Gtl,CollgCr,Norm,Norm,1Fam,1Story,5,7,1972,1972,Hip,CompShg,MetalSd,MetalSd,BrkFace,0.0,TA,Gd,CBlock,TA,TA,Mn,Rec,360,Unf,0,504,864,GasA,Ex,Y,SBrkr,864,0,0,864,0,0,1,0,3,1,TA,5,Typ,0,Gd,Attchd,1972.0,RFn,1,288,TA,TA,Y,0,0,0,0,0,0,Gd,MnPrv,Shed,0,6,2006,WD,Normal,128500,0.09036711641041732,864,1.0,52,0,0,0,1,0
1341,20,RL,70.0,8294,Pave,Grvl,Reg,Lvl,AllPub,Inside,Gtl,NAmes,Norm,Norm,1Fam,1Story,4,5,1971,1971,Gable,CompShg,MetalSd,MetalSd,BrkFace,0.0,TA,TA,CBlock,TA,TA,No,Unf,0,Unf,0,858,858,GasA,TA,Y,SBrkr,872,0,0,872,0,0,1,0,3,1,TA,5,Typ,0,Gd,Detchd,1974.0,Unf,4,480,TA,TA,Y,0,0,0,0,0,0,Gd,GdWo,Shed,0,6,2007,WD,Normal,123000,0.10512356841470766,872,1.0,53,0,0,0,0,0
1342,20,RL,66.0,13695,Pave,Grvl,Reg,Lvl,AllPub,Inside,Gtl,SawyerW,RRAe,Norm,1Fam,1Story,6,5,2003,2004,Gable,CompShg,VinylSd,VinylSd,BrkFace,0.0,TA,TA,PConc,Gd,TA,No,GLQ,814,Unf,0,300,1114,GasA,Ex,Y,SBrkr,1114,0,0,1114,1,0,1,0,3,1,Gd,6,Typ,0,Gd,Detchd,2004.0,Unf,2,576,TA,TA,Y,0,78,0,0,0,0,Gd,MnPrv,Shed,0,7,2008,WD,Normal,155000,0.0813376168224299,1114,1.0,21,0,0,0,0,0
1343,60,RL,69.0,9375,Pave,Grvl,Reg,Lvl,AllPub,Inside,Gtl,CollgCr,Norm,Norm,1Fam,2Story,8,5,2002,2002,Gable,CompShg,VinylSd,VinylSd,BrkFace,149.0,Gd,TA,PConc,Gd,TA,No,Unf,0,Unf,0,1284,1284,GasA,Ex,Y,SBrkr,1284,885,0,2169,0,0,2,1,3,1,Gd,7,Typ,1,Gd,Attchd,2002.0,RFn,2,647,TA,TA,Y,192,87,0,0,0,0,Gd,MnPrv,Shed,0,8,2007,WD,Normal,228500,0.23133532423208192,2169,2.5,22,0,0,0,0,0
1344,50,RL,57.0,7558,Pave,Grvl,Reg,Bnk,AllPub,Inside,Gtl,Crawfor,Norm,Norm,1Fam,1.5Fin,6,6,1928,1950,Gable,CompShg,BrkFace,Stone,BrkFace,0.0,TA,TA,BrkTil,TA,TA,No,Unf,0,Unf,0,896,896,GasA,Gd,Y,SBrkr,1172,741,0,1913,0,0,1,1,3,1,TA,9,Typ,1,TA,Detchd,1929.0,Unf,2,342,Fa,Fa,Y,0,0,0,0,0,0,Gd,MnPrv,Shed,0,3,2009,WD,Normal,177000,0.25307580367773513,1913,1.5,96,0,0,0,0,1
1345,60,RL,85.0,11103,Pave,Grvl,IR1,Lvl,AllPub,Corner,Gtl,CollgCr,Norm,Norm,1Fam,2Story,7,5,2006,2006,Gable,CompShg,VinylSd,VinylSd,BrkFace,0.0,Gd,TA,PConc,Gd,TA,No,Unf,0,Unf,0,728,728,GasA,Ex,Y,SBrkr,728,728,0,1456,0,0,2,1,3,1,Gd,8,Typ,1,TA,Attchd,2006.0,Fin,2,440,TA,TA,Y,0,0,0,0,0,0,Gd,MnPrv,Shed,0,7,2007,New,Partial,155835,0.13112391930835735,1456,2.5,18,0,0,0,1,0
1346,30,RM,50.0,6000,Pave,Grvl,Reg,Lvl,AllPub,Inside,Gtl,OldTown,Norm,Norm,1Fam,1Story,4,4,1920,1950,Hip,CompShg,MetalSd,MetalSd,BrkFace,0.0,TA,TA,PConc,TA,TA,No,ALQ,250,Unf,0,710,960,GasA,Gd,Y,FuseA,960,0,0,960,0,0,1,0,2,1,Fa,5,Typ,0,Gd,Detchd,1997.0,Unf,1,308,TA,TA,Y,0,0,168,0,0,0,Gd,MnPrv,Shed,0,7,2007,WD,Normal,108500,0.15997333777703715,960,1.0,104,1,0,0,0,0
1347,20,RL,69.0,20781,Pave,Grvl,IR2,Lvl,AllPub,CulDSac,Gtl,NWAmes,PosN,Norm,1Fam,1Story,7,7,1968,2003,Hip,CompShg,BrkFace,HdBoard,BrkFace,0.0,TA,TA,CBlock,TA,TA,No,BLQ,297,Rec,68,1203,1568,GasA,TA,Y,SBrkr,2156,0,0,2156,0,0,2,0,3,1,TA,9,Typ,1,Gd,Attchd,1968.0,RFn,2,508,Gd,TA,Y,0,80,0,290,0,0,Gd,MnPrv,Shed,0,6,2006,WD,Normal,262500,0.10374362429025118,2156,2.0,56,0,0,0,2,0
1348,20,RL,93.0,15306,Pave,Grvl,IR1,HLS,AllPub,Corner,Gtl,Timber,Norm,Norm,1Fam,1Story,8,5,2006,2007,Gable,CompShg,VinylSd,VinylSd,Stone,100.0,Gd,TA,PConc,Ex,TA,Gd,GLQ,80,Unf,0,1652,1732,GasA,Ex,Y,SBrkr,1776,0,0,1776,1,0,2,0,3,1,Gd,7,Typ,1,Gd,Attchd,2006.0,Fin,3,712,TA,TA,Y,0,0,0,0,0,0,Gd,MnPrv,Shed,0,5,2007,New,Partial,283463,0.11602534788005488,1776,2.0,18,0,0,0,1,3
1349,20,RL,69.0,16196,Pave,Grvl,IR3,Low,AllPub,Inside,Gtl,SawyerW,Norm,Norm,1Fam,1Story,7,5,1998,1998,Gable,CompShg,VinylSd,VinylSd,BrkFace,0.0,Gd,TA,PConc,Gd,TA,Gd,GLQ,1443,Unf,0,39,1482,GasA,Ex,Y,SBrkr,1494,0,0,1494,1,0,2,0,3,1,Gd,5,Typ,1,Fa,Attchd,1998.0,RFn,2,514,TA,TA,Y,402,25,0,0,0,0,Gd,MnPrv,Shed,0,8,2007,WD,Normal,215000,0.09223930357473606,1494,2.0,26,0,0,0,3,2
1350,70,RM,50.0,5250,Pave,Pave,Reg,Lvl,AllPub,Inside,Gtl,OldTown,Norm,Norm,1Fam,2Story,8,5,1872,1987,Gable,CompShg,MetalSd,MetalSd,BrkFace,0.0,TA,Gd,BrkTil,TA,Fa,No,LwQ,259,Unf,0,425,684,OthW,Fa,N,SBrkr,938,1215,205,2358,0,0,2,0,4,1,TA,8,Typ,0,Gd,Attchd,1980.0,Unf,0,0,TA,TA,Y,0,54,20,0,0,0,Gd,MnPrv,Shed,0,12,2008,WD,Normal,122000,0.44905732241477814,2153,2.0,152,1,0,1,0,0
1351,90,RL,91.0,11643,Pave,Grvl,Reg,Lvl,AllPub,Inside,Gtl,NAmes,Artery,Norm,Duplex,2Story,5,5,1969,1969,Gable,CompShg,MetalSd,MetalSd,BrkFace,368.0,TA,TA,CBlock,TA,TA,No,LwQ,500,Unf,0,748,1248,GasA,TA,Y,SBrkr,1338,1296,0,2634,1,1,2,2,6,2,TA,12,Typ,0,Gd,Detchd,1969.0,Unf,4,968,TA,TA,Y,0,0,0,0,0,0,Gd,MnPrv,Shed,0,8,2009,WD,Normal,200000,0.2262109240810718,2634,3.0,55,0,0,0,0,0
1352,60,RL,70.0,9247,Pave,Grvl,IR1,Lvl,AllPub,Inside,Gtl,NAmes,Norm,Norm,1Fam,2Story,6,6,1962,1962,Gable,CompShg,HdBoard,HdBoard,BrkFace,318.0,TA,TA,CBlock,TA,TA,No,Rec,319,Unf,0,539,858,GasA,Ex,Y,SBrkr,858,858,0,1716,0,0,1,1,4,1,TA,8,Typ,1,Gd,Attchd,1962.0,Fin,2,490,TA,TA,Y,0,84,0,0,120,0,Gd,MnPrv,Shed,0,3,2008,WD,Normal,171000,0.1855536332179931,1716,1.5,62,0,0,0,1,0
1353,50,RM,50.0,6000,Pave,Grvl,Reg,Lvl,AllPub,Inside,Gtl,BrkSide,Norm,Norm,1Fam,1.5Fin,6,9,1937,2000,Gable,CompShg,MetalSd,MetalSd,BrkFace,0.0,Gd,TA,BrkTil,TA,TA,No,Unf,0,Unf,0,698,698,GasA,TA,Y,SBrkr,786,390,0,1176,0,0,1,0,2,1,TA,4,Typ,0,Gd,Detchd,1999.0,Unf,2,624,TA,TA,N,210,0,0,0,0,0,Gd,MnPrv,Shed,0,7,2009,WD,Normal,134900,0.19596733877687053,1176,1.0,87,1,0,0,0,0
1354,50,RL,56.0,14720,Pave,Grvl,IR1,Lvl,AllPub,CulDSac,Gtl,NoRidge,Norm,Norm,1Fam,1.5Fin,8,5,1995,1996,Hip,CompShg,VinylSd,VinylSd,BrkFace,579.0,Gd,TA,PConc,Gd,TA,Av,GLQ,816,Unf,0,1217,2033,GasA,Ex,Y,SBrkr,2053,1185,0,3238,1,0,2,1,4,1,Gd,9,Typ,1,Ex,Attchd,1996.0,Fin,3,666,TA,TA,Y,283,86,0,0,0,0,Gd,MnPrv,Shed,0,3,2010,WD,Normal,410000,0.21995788329597174,3238,2.5,29,0,0,0,1,0
1355,60,RL,69.0,10316,Pave,Grvl,IR1,Lvl,AllPub,Inside,Gtl,CollgCr,Norm,Norm,1Fam,2Story,7,5,2000,2000,Gable,CompShg,VinylSd,VinylSd,BrkFace,0.0,Gd,TA,PConc,Gd,TA,No,GLQ,735,Unf,0,257,992,GasA,Ex,Y,SBrkr,992,873,0,1865,1,0,2,1,3,1,Gd,7,Typ,1,TA,Attchd,2000.0,RFn,3,839,TA,TA,Y,0,184,0,0,0,0,Gd,MnPrv,Shed,0,6,2008,WD,Normal,235000,0.18076960356692837,1865,2.5,24,0,0,0,1,0
1356,80,RL,102.0,10192,Pave,Grvl,IR1,Lvl,AllPub,Inside,Gtl,NWAmes,Norm,Norm,1Fam,SLvl,7,6,1968,1992,Gable,CompShg,MetalSd,MetalSd,BrkFace,143.0,TA,TA,CBlock,TA,TA,No,Unf,0,Unf,0,570,570,GasA,Gd,Y,SBrkr,1222,698,0,1920,0,0,3,0,4,1,Gd,8,Typ,1,TA,Attchd,1968.0,RFn,2,487,TA,TA,Y,0,98,0,0,0,0,Gd,GdPrv,Shed,0,9,2006,WD,Normal,170000,0.18836456391641324,1920,3.0,56,0,0,0,1,0
1357,20,RL,69.0,9477,Pave,Grvl,Reg,Lvl,AllPub,Corner,Gtl,NAmes,Norm,Norm,1Fam,1Story,5,5,1966,1966,Gable,CompShg,HdBoard,HdBoard,BrkFace,65.0,TA,TA,CBlock,TA,TA,No,Rec,340,Unf,0,524,864,GasA,TA,Y,SBrkr,892,0,0,892,0,0,1,0,3,1,TA,5,Typ,0,Gd,Attchd,1966.0,RFn,1,264,TA,TA,Y,0,0,0,0,0,0,Gd,GdWo,Shed,0,10,2008,WD,Normal,110000,0.09411268200042203,892,1.0,58,0,0,0,0,0
1358,20,RL,69.0,12537,Pave,Grvl,IR1,Lvl,AllPub,CulDSac,Gtl,NAmes,Norm,Norm,1Fam,1Story,5,6,1971,2008,Gable,CompShg,VinylSd,VinylSd,BrkFace,0.0,TA,TA,CBlock,TA,TA,No,GLQ,734,Unf,0,344,1078,GasA,Ex,Y,SBrkr,1078,0,0,1078,1,0,1,1,3,1,TA,6,Typ,1,Fa,Attchd,1971.0,Fin,2,500,TA,TA,Y,0,0,0,0,0,0,Gd,MnPrv,Shed,0,4,2010,WD,Normal,149900,0.08597862498006062,1078,1.5,53,0,0,0,1,0
1359,160,FV,69.0,2117,Pave,Grvl,Reg,Lvl,AllPub,Inside,Gtl,Somerst,Norm,Norm,Twnhs,2Story,6,5,2000,2000,Gable,CompShg,MetalSd,MetalSd,BrkFace,216.0,Gd,TA,PConc,Gd,TA,No,GLQ,378,Unf,0,378,756,GasA,Ex,Y,SBrkr,769,804,0,1573,0,0,2,1,3,1,Gd,5,Typ,0,Gd,Detchd,2000.0,Unf,2,440,TA,TA,Y,0,32,0,0,0,0,Gd,MnPrv,Shed,0,6,2010,WD,Normal,177500,0.7426817752596789,1573,2.5,24,3,0,0,0,0
1360,20,RL,129.0,16737,Pave,Grvl,Reg,Lvl,AllPub,FR3,Gtl,NridgHt,Norm,Norm,1Fam,1Story,9,5,2004,2005,Hip,CompShg,VinylSd,VinylSd,BrkFace,66.0,Gd,TA,PConc,Ex,TA,Av,GLQ,1447,Unf,0,533,1980,GasA,Ex,Y,SBrkr,1980,0,0,1980,1,0,2,0,3,1,Ex,8,Typ,1,Gd,Attchd,2004.0,Fin,3,770,TA,TA,Y,194,45,0,0,0,0,Gd,MnPrv,Shed,0,9,2006,WD,Normal,315000,0.11829370295136814,1980,2.0,20,0,0,0,0,0
1361,70,RL,51.0,9842,Pave,Grvl,Reg,Lvl,AllPub,Inside,Gtl,SWISU,Feedr,Norm,1Fam,2Story,5,6,1921,1998,Gable,CompShg,MetalSd,Wd Sdng,BrkFace,0.0,TA,TA,BrkTil,TA,Fa,No,Unf,0,Unf,0,612,612,GasA,Ex,Y,SBrkr,990,1611,0,2601,0,0,3,1,4,1,TA,8,Typ,0,Gd,BuiltIn,1998.0,RFn,2,621,TA,TA,Y,183,0,301,0,0,0,Gd,MnPrv,Shed,0,5,2008,WD,Normal,189000,0.26424870466321243,2601,3.5,103,0,0,0,0,0
1362,20,RL,124.0,16158,Pave,Grvl,IR1,Low,AllPub,Inside,Mod,StoneBr,Norm,Norm,1Fam,1Story,7,5,2005,2005,Hip,CompShg,VinylSd,VinylSd,Stone,16.0,Gd,TA,PConc,Ex,TA,Av,ALQ,1274,Unf,0,256,1530,GasA,Ex,Y,SBrkr,1530,0,0,1530,1,0,2,0,3,1,Gd,7,Typ,1,Gd,Attchd,2005.0,Fin,2,430,TA,TA,Y,168,36,0,0,0,0,Gd,MnPrv,Shed,0,6,2009,WD,Normal,260000,0.09468407698496194,1530,2.0,19,0,0,0,1,2
1363,50,RL,69.0,12513,Pave,Grvl,IR1,Lvl,AllPub,FR2,Gtl,NAmes,Feedr,Norm,1Fam,1.5Fin,4,4,1920,2007,Gable,CompShg,VinylSd,VinylSd,BrkFace,0.0,TA,Gd,BrkTil,TA,Fa,No,Unf,0,Unf,0,715,715,GasA,Gd,Y,SBrkr,1281,457,0,1738,0,0,2,0,4,1,TA,7,Typ,1,Gd,Attchd,1920.0,Unf,1,368,TA,TA,Y,55,0,0,0,0,0,Gd,MnPrv,Shed,0,6,2009,WD,Normal,104900,0.13888444941665334,1738,2.0,104,0,0,0,1,0
1364,60,RL,73.0,8499,Pave,Grvl,IR1,Lvl,AllPub,Inside,Gtl,Gilbert,Norm,Norm,1Fam,2Story,6,5,2006,2007,Gable,CompShg,VinylSd,VinylSd,BrkFace,0.0,TA,TA,PConc,Gd,TA,No,Unf,0,Unf,0,616,616,GasA,Ex,Y,SBrkr,616,796,0,1412,0,0,2,1,3,1,Gd,6,Typ,1,Gd,BuiltIn,2007.0,Fin,2,432,TA,TA,Y,0,36,0,0,0,0,Gd,MnPrv,Shed,0,3,2007,New,Partial,156932,0.16611764705882354,1412,2.5,18,0,0,0,1,0
1365,160,FV,30.0,3180,Pave,Pave,Reg,Lvl,AllPub,Inside,Gtl,Somerst,Norm,Norm,TwnhsE,2Story,7,5,2005,2005,Gable,CompShg,MetalSd,MetalSd,BrkFace,0.0,Gd,TA,PConc,Gd,TA,No,Unf,0,Unf,0,600,600,GasA,Ex,Y,SBrkr,520,600,80,1200,0,0,2,1,2,1,Gd,4,Typ,0,Gd,Detchd,2005.0,RFn,2,480,TA,TA,Y,0,166,0,0,0,0,Gd,MnPrv,Shed,0,4,2006,WD,Abnorml,144152,0.37723986167871737,1120,2.5,19,3,0,1,0,0
1366,60,FV,69.0,7500,Pave,Grvl,Reg,Lvl,AllPub,Inside,Gtl,Somerst,Norm,Norm,1Fam,2Story,7,5,2000,2000,Gable,CompShg,VinylSd,VinylSd,BrkFace,0.0,Gd,TA,PConc,Gd,TA,No,GLQ,533,Unf,0,281,814,GasA,Ex,Y,SBrkr,814,860,0,1674,1,0,2,1,3,1,Gd,7,Typ,0,Gd,Attchd,2000.0,RFn,2,663,TA,TA,Y,0,96,0,0,0,0,Gd,MnPrv,Shed,0,1,2010,WD,Normal,216000,0.223170243967471,1674,2.5,24,3,0,0,0,0
1367,60,RL,68.0,9179,Pave,Grvl,IR1,Lvl,AllPub,Inside,Gtl,CollgCr,Norm,Norm,1Fam,2Story,7,5,1999,1999,Gable,CompShg,VinylSd,VinylSd,BrkFace,158.0,Gd,TA,PConc,Gd,TA,No,GLQ,633,Unf,0,240,873,GasA,Ex,Y,SBrkr,882,908,0,1790,1,0,2,1,3,1,Gd,7,Typ,0,Gd,Attchd,1999.0,RFn,2,588,TA,TA,Y,0,88,0,0,0,0,Gd,MnPrv,Shed,0,6,2008,WD,Abnorml,193000,0.19498910675381265,1790,2.5,25,0,0,0,1,0
1368,160,RM,41.0,2665,Pave,Grvl,Reg,Lvl,AllPub,Inside,Gtl,MeadowV,Norm,Norm,TwnhsE,2Story,5,6,1977,1977,Gable,CompShg,CemntBd,CmentBd,BrkFace,0.0,TA,TA,PConc,TA,TA,No,ALQ,548,Rec,173,36,757,GasA,Ex,Y,SBrkr,925,550,0,1475,0,0,2,0,4,1,TA,6,Typ,1,TA,Attchd,1977.0,RFn,1,336,TA,TA,Y,104,26,0,0,0,0,Gd,MnPrv,Shed,0,7,2006,WD,Normal,127000,0.5532633158289573,1475,2.0,47,1,0,0,0,0
1369,120,RM,69.0,4435,Pave,Grvl,Reg,Lvl,AllPub,Inside,Gtl,CollgCr,Norm,Norm,TwnhsE,1Story,6,5,2003,2004,Gable,CompShg,VinylSd,VinylSd,BrkFace,170.0,Gd,TA,PConc,Gd,TA,Av,GLQ,685,Unf,0,163,848,GasA,Ex,Y,SBrkr,848,0,0,848,1,0,1,0,1,1,Gd,4,Typ,0,Gd,Attchd,2003.0,Fin,2,420,TA,TA,Y,140,0,0,0,0,0,Gd,MnPrv,Shed,0,6,2009,WD,Normal,144000,0.19116321009918846,848,1.0,21,1,0,0,0,0
1370,20,RL,48.0,10635,Pave,Grvl,IR2,Lvl,AllPub,FR2,Gtl,CollgCr,Norm,Norm,1Fam,1Story,8,5,2003,2003,Hip,CompShg,VinylSd,VinylSd,BrkFace,171.0,Gd,TA,PConc,Gd,TA,Av,BLQ,370,GLQ,972,315,1657,GasA,Ex,Y,SBrkr,1668,0,0,1668,1,0,2,0,3,1,Gd,8,Typ,1,TA,Attchd,2003.0,Fin,2,502,TA,TA,Y,0,262,0,0,0,0,Gd,MnPrv,Shed,0,5,2010,WD,Normal,232000,0.156825874388868,1668,2.0,21,0,0,0,2,0
1371,50,RL,90.0,5400,Pave,Grvl,Reg,Lvl,AllPub,Corner,Gtl,OldTown,Artery,Norm,1Fam,1.5Fin,4,6,1920,1950,Gable,CompShg,CBlock,CBlock,BrkFace,0.0,Fa,TA,PConc,TA,TA,No,ALQ,315,Rec,105,420,840,GasA,Ex,Y,SBrkr,840,534,0,1374,0,0,1,0,2,1,TA,6,Typ,0,Gd,Detchd,1967.0,Fin,1,338,TA,TA,Y,0,0,198,0,0,0,Gd,MnPrv,Shed,0,10,2009,WD,Normal,105000,0.2543973338270691,1374,1.0,104,0,0,0,0,0
1372,80,RL,80.0,9600,Pave,Grvl,Reg,Lvl,AllPub,Inside,Gtl,NAmes,Norm,Norm,1Fam,SLvl,6,6,1955,1996,Hip,CompShg,AsbShng,AsbShng,BrkFace,0.0,TA,TA,CBlock,TA,TA,Av,BLQ,831,Unf,0,161,992,GasA,Gd,Y,SBrkr,1661,0,0,1661,1,0,1,0,3,1,Gd,8,Typ,1,TA,BuiltIn,1955.0,RFn,1,377,TA,TA,Y,0,28,0,0,178,0,Gd,MnPrv,Shed,0,10,2008,WD,Normal,165500,0.17300281220706176,1661,1.0,69,0,0,0,0,0
1373,60,RL,75.0,9750,Pave,Grvl,Reg,Lvl,AllPub,Corner,Gtl,CollgCr,Norm,Norm,1Fam,2Story,7,6,1998,1998,Gable,CompShg,VinylSd,VinylSd,BrkFace,0.0,TA,TA,PConc,Gd,TA,Av,GLQ,975,Unf,0,133,1108,GasA,Ex,Y,SBrkr,1108,989,0,2097,1,0,2,1,3,1,Gd,8,Typ,1,TA,Detchd,1998.0,RFn,2,583,TA,TA,Y,253,170,0,0,0,0,Gd,MnPrv,Shed,0,6,2006,WD,Normal,274300,0.21505486616757255,2097,2.5,26,0,0,0,0,0
1374,20,RL,69.0,11400,Pave,Grvl,Reg,Lvl,AllPub,Inside,Gtl,NoRidge,Norm,Norm,1Fam,1Story,10,5,2001,2002,Hip,CompShg,VinylSd,VinylSd,BrkFace,705.0,Ex,TA,PConc,Ex,TA,Gd,GLQ,1282,Unf,0,1351,2633,GasA,Ex,Y,SBrkr,2633,0,0,2633,1,0,2,1,2,1,Ex,8,Typ,2,Gd,Attchd,2001.0,RFn,3,804,TA,TA,Y,314,140,0,0,0,0,Gd,MnPrv,Shed,0,3,2007,WD,Normal,466500,0.23094465397772126,2633,2.5,23,0,0,0,0,0
1375,60,FV,85.0,10625,Pave,Grvl,Reg,Lvl,AllPub,Inside,Gtl,Somerst,Norm,Norm,1Fam,2Story,7,5,2005,2005,Gable,CompShg,CemntBd,CmentBd,BrkFace,0.0,Gd,TA,PConc,Gd,TA,No,Unf,0,Unf,0,1026,1026,GasA,Ex,Y,SBrkr,1026,932,0,1958,0,0,2,1,3,1,Gd,9,Typ,1,Gd,Attchd,2005.0,Fin,3,936,TA,TA,Y,154,210,0,0,0,0,Gd,MnPrv,Shed,0,7,2008,WD,Normal,250000,0.18426501035196688,1958,2.5,19,3,0,0,0,0
1376,20,RL,89.0,10991,Pave,Grvl,IR1,HLS,AllPub,Inside,Gtl,Timber,Norm,Norm,1Fam,1Story,8,5,2007,2007,Gable,CompShg,VinylSd,VinylSd,BrkFace,80.0,Gd,TA,PConc,Gd,TA,Gd,Unf,0,Unf,0,1571,1571,GasA,Ex,Y,SBrkr,1571,0,0,1571,0,0,2,0,3,1,Gd,7,Typ,1,Gd,Attchd,2007.0,Fin,3,722,TA,TA,Y,100,36,0,0,0,0,Gd,MnPrv,Shed,0,12,2007,New,Partial,239000,0.14292212518195052,1571,2.0,17,0,0,0,1,3
1377,30,RL,52.0,6292,Pave,Grvl,Reg,Bnk,AllPub,Inside,Gtl,SWISU,Norm,Norm,1Fam,1Story,6,5,1930,1950,Gable,CompShg,Wd Sdng,Wd Sdng,BrkFace,0.0,TA,TA,BrkTil,Gd,TA,Mn,Rec,384,Unf,0,384,768,GasA,TA,N,SBrkr,790,0,0,790,0,0,1,0,2,1,TA,4,Typ,0,Gd,Detchd,1925.0,Unf,1,160,Fa,TA,Y,0,141,0,0,0,0,Gd,MnPrv,Shed,0,4,2008,WD,Normal,91000,0.12553631018592087,790,1.0,94,0,0,0,0,1
1378,50,RL,60.0,10998,Pave,Grvl,Reg,Lvl,AllPub,Inside,Gtl,Edwards,Norm,Norm,1Fam,1.5Fin,5,5,1941,1960,Gable,CompShg,Wd Sdng,Wd Sdng,BrkFace,0.0,TA,TA,CBlock,TA,TA,No,LwQ,408,BLQ,420,156,984,GasA,Ex,Y,SBrkr,984,620,0,1604,0,0,2,0,3,1,TA,6,Min2,0,Gd,Detchd,1977.0,Unf,2,660,TA,TA,Y,0,68,0,0,0,0,Gd,MnPrv,Shed,0,7,2009,WD,Normal,117000,0.14583143922174743,1604,2.0,83,0,0,0,0,0
1379,160,RM,21.0,1953,Pave,Grvl,Reg,Lvl,AllPub,Inside,Gtl,BrDale,Norm,Norm,Twnhs,2Story,6,5,1973,1973,Gable,CompShg,HdBoard,HdBoard,BrkFace,408.0,TA,TA,CBlock,TA,Fa,No,BLQ,309,Unf,0,174,483,GasA,TA,Y,SBrkr,483,504,0,987,0,0,1,1,2,1,TA,5,Typ,0,Gd,Detchd,1973.0,Unf,1,264,TA,TA,Y,72,0,0,0,0,0,Gd,MnPrv,Shed,0,6,2006,WD,Normal,83000,0.5051177072671443,987,1.5,51,1,0,0,0,0
1380,80,RL,73.0,9735,Pave,Grvl,Reg,Lvl,AllPub,Inside,Gtl,Timber,Norm,Norm,1Fam,SLvl,5,5,2006,2007,Gable,CompShg,VinylSd,VinylSd,BrkFace,0.0,TA,TA,PConc,Gd,TA,No,Unf,0,Unf,0,384,384,GasA,Gd,Y,SBrkr,754,640,0,1394,0,0,2,1,3,1,Gd,7,Typ,0,Gd,BuiltIn,2007.0,Fin,2,400,TA,TA,Y,100,0,0,0,0,0,Gd,MnPrv,Shed,0,5,2008,WD,Normal,167500,0.14317995069843878,1394,2.5,18,0,0,0,0,0
1381,30,RL,45.0,8212,Pave,Grvl,Reg,Lvl,AllPub,Inside,Gtl,Edwards,Norm,Norm,1Fam,1Story,3,3,1914,1950,Gable,CompShg,Stucco,Stucco,BrkFace,0.0,TA,Fa,BrkTil,TA,Fa,No,Rec,203,Unf,0,661,864,GasA,TA,N,FuseF,864,0,0,864,1,0,1,0,2,1,TA,5,Typ,0,Gd,Detchd,1938.0,Unf,1,200,TA,Fa,Y,0,0,96,0,0,0,Gd,MnPrv,Shed,0,6,2010,WD,Normal,58500,0.1051990746377694,864,1.0,110,0,0,0,0,0
1382,20,RL,69.0,12925,Pave,Grvl,IR1,Lvl,AllPub,Corner,Gtl,NAmes,Norm,Norm,1Fam,1Story,6,7,1970,1970,Gable,CompShg,BrkFace,Plywood,BrkFace,0.0,TA,TA,CBlock,TA,TA,Mn,BLQ,865,Unf,0,340,1205,GasA,Ex,Y,SBrkr,2117,0,0,2117,0,0,2,1,4,1,TA,7,Typ,2,Gd,Attchd,1970.0,Fin,2,550,TA,TA,Y,0,42,0,0,0,0,Gd,MnPrv,Shed,0,5,2008,WD,Normal,237500,0.16377843106916293,2117,2.5,54,0,0,0,1,0
1383,70,RM,60.0,7200,Pave,Grvl,Reg,Lvl,AllPub,Corner,Gtl,OldTown,Norm,Norm,1Fam,2Story,7,7,1920,1950,Hip,CompShg,Wd Sdng,Wd Sdng,BrkFace,0.0,TA,TA,BrkTil,Fa,TA,No,Unf,0,Unf,0,596,596,GasA,Ex,Y,SBrkr,998,764,0,1762,1,0,1,1,4,1,Gd,8,Typ,0,Gd,Detchd,1989.0,Unf,2,576,TA,TA,N,36,0,221,0,0,0,Gd,MnPrv,Shed,0,10,2006,WD,Normal,157000,0.24468823774475768,1762,1.5,104,1,0,0,0,0
1384,30,RL,69.0,25339,Pave,Grvl,Reg,Lvl,AllPub,Inside,Gtl,Sawyer,Norm,Norm,1Fam,1Story,5,7,1918,2007,Gable,CompShg,Wd Sdng,Wd Sdng,BrkFace,0.0,TA,Gd,BrkTil,TA,TA,No,Unf,0,Unf,0,816,816,GasA,Ex,Y,SBrkr,1416,0,0,1416,0,0,2,0,3,1,Gd,7,Typ,0,Gd,Attchd,2007.0,Unf,2,576,TA,TA,N,0,0,112,0,0,0,Gd,MnPrv,Shed,0,8,2007,WD,Normal,112000,0.0558800315706393,1416,2.0,106,0,0,0,0,0
1385,50,RL,60.0,9060,Pave,Grvl,Reg,Lvl,AllPub,Inside,Gtl,Edwards,Norm,Norm,1Fam,1.5Fin,6,5,1939,1950,Gable,CompShg,WdShing,Wd Shng,BrkFace,0.0,TA,TA,BrkTil,TA,TA,Mn,Rec,204,Unf,0,356,560,GasA,TA,Y,SBrkr,698,560,0,1258,0,0,1,0,2,1,TA,6,Typ,0,Gd,Detchd,1939.0,Unf,1,280,TA,TA,P,0,0,0,0,0,0,Gd,MnPrv,Shed,0,10,2009,WD,Normal,105000,0.13883677298311445,1258,1.0,85,0,0,0,0,0
1386,50,RM,40.0,5436,Pave,Grvl,Reg,Lvl,AllPub,Inside,Gtl,IDOTRR,Norm,Norm,1Fam,1.5Fin,4,8,1922,2007,Gable,CompShg,VinylSd,VinylSd,BrkFace,0.0,TA,Gd,BrkTil,TA,TA,No,BLQ,735,Unf,0,61,796,GasA,Gd,Y,SBrkr,796,358,0,1154,1,0,1,0,3,1,Gd,7,Typ,0,Gd,Detchd,1922.0,Unf,1,240,TA,TA,N,0,96,0,0,0,0,Gd,MnPrv,Shed,0,5,2010,WD,Normal,125500,0.2122494022438845,1154,1.0,102,1,0,0,0,0
1387,60,RL,80.0,16692,Pave,Grvl,IR1,Lvl,AllPub,Inside,Gtl,NWAmes,RRAn,Norm,1Fam,2Story,7,5,1978,1978,Gable,CompShg,Plywood,Plywood,BrkFace,184.0,TA,TA,CBlock,Gd,TA,No,BLQ,790,LwQ,469,133,1392,GasA,TA,Y,SBrkr,1392,1392,0,2784,1,0,3,1,5,1,Gd,12,Typ,2,TA,Attchd,1978.0,RFn,2,564,TA,TA,Y,0,112,0,0,440,519,Fa,MnPrv,TenC,2000,7,2006,WD,Normal,250000,0.16677649314083748,2784,3.5,46,0,0,0,1,0
1388,50,RM,60.0,8520,Pave,Grvl,Reg,Lvl,AllPub,Inside,Gtl,OldTown,Artery,Norm,1Fam,1.5Fin,6,7,1916,1950,Gable,CompShg,Stucco,Stucco,BrkFace,0.0,TA,Gd,BrkTil,TA,TA,No,Rec,168,LwQ,546,0,714,GasW,TA,N,SBrkr,1664,862,0,2526,0,0,2,0,5,1,Gd,10,Typ,1,Gd,Detchd,1916.0,Unf,1,216,TA,TA,Y,88,15,0,0,0,0,Gd,GdWo,Shed,0,8,2007,CWD,Family,136000,0.29644407933341155,2526,2.0,108,1,0,0,0,0
1389,20,RL,42.0,14892,Pave,Grvl,IR1,HLS,AllPub,CulDSac,Gtl,Gilbert,Norm,Norm,1Fam,1Story,9,5,2006,2007,Gable,CompShg,VinylSd,VinylSd,Stone,160.0,Ex,TA,PConc,Ex,TA,Gd,GLQ,1320,Unf,0,426,1746,GasA,Ex,Y,SBrkr,1746,0,0,1746,1,0,2,0,3,1,Ex,7,Typ,2,Gd,Attchd,2006.0,Fin,3,758,TA,TA,Y,201,39,0,0,0,0,Gd,MnPrv,Shed,0,10,2009,WD,Normal,377500,0.11723628550325656,1746,2.0,18,0,0,0,1,3
1390,50,RM,60.0,6000,Pave,Grvl,Reg,Lvl,AllPub,Inside,Gtl,BrkSide,Norm,Norm,1Fam,1.5Fin,6,6,1941,1950,Gable,CompShg,Wd Sdng,Wd Sdng,BrkFace,0.0,TA,Gd,BrkTil,TA,Gd,No,ALQ,375,Unf,0,360,735,GasA,Ex,Y,SBrkr,869,349,0,1218,0,1,1,0,3,1,TA,6,Typ,1,Gd,Detchd,2003.0,Unf,2,440,TA,TA,Y,0,0,0,0,0,0,Gd,MnPrv,Shed,0,3,2007,WD,Normal,131000,0.2029661723046159,1218,1.0,83,1,0,0,0,0
1391,20,RL,70.0,9100,Pave,Grvl,Reg,Lvl,AllPub,Inside,Gtl,CollgCr,Norm,Norm,1Fam,1Story,7,5,2000,2000,Gable,CompShg,VinylSd,VinylSd,BrkFace,244.0,Gd,TA,PConc,Gd,TA,Av,GLQ,1400,Unf,0,125,1525,GasA,Ex,Y,SBrkr,1525,0,0,1525,1,0,2,0,3,1,Gd,6,Typ,0,Gd,Attchd,2000.0,RFn,2,541,TA,TA,Y,219,36,0,0,0,0,Gd,MnPrv,Shed,0,9,2006,WD,Normal,235000,0.16756400395560928,1525,2.0,24,0,0,0,0,0
1392,90,RL,65.0,8944,Pave,Grvl,Reg,Lvl,AllPub,Inside,Gtl,NAmes,Norm,Norm,Duplex,1Story,5,5,1967,1967,Gable,CompShg,Plywood,Plywood,BrkFace,0.0,TA,TA,CBlock,TA,TA,No,Unf,0,Unf,0,1584,1584,GasA,TA,Y,SBrkr,1584,0,0,1584,0,0,2,0,4,2,TA,8,Mod,0,Gd,Detchd,1967.0,Unf,3,792,TA,TA,Y,0,152,0,0,0,0,Gd,MnPrv,Shed,0,4,2009,WD,Normal,124000,0.17708216880939073,1584,2.0,57,0,0,0,0,0
1393,85,RL,68.0,7838,Pave,Grvl,Reg,Lvl,AllPub,Inside,Gtl,NAmes,Norm,Norm,1Fam,SFoyer,5,5,1967,1967,Gable,CompShg,HdBoard,HdBoard,BrkFace,0.0,TA,TA,CBlock,TA,TA,Av,ALQ,769,Unf,0,95,864,GasA,TA,Y,SBrkr,900,0,0,900,1,0,1,0,3,1,TA,6,Typ,1,Po,Attchd,1967.0,RFn,1,288,TA,TA,Y,175,144,0,0,0,0,Gd,MnWw,Shed,0,12,2006,WD,Normal,123000,0.1148105625717566,900,1.0,57,0,0,0,0,0
1394,190,RM,60.0,10800,Pave,Pave,Reg,Lvl,AllPub,Inside,Gtl,OldTown,Norm,Norm,2fmCon,1.5Fin,6,7,1905,2000,Gable,CompShg,Wd Sdng,Wd Sdng,BrkFace,0.0,TA,TA,BrkTil,Fa,TA,No,Unf,0,Unf,0,482,482,GasA,Ex,N,SBrkr,1221,691,0,1912,0,0,2,0,3,2,TA,7,Typ,1,TA,Detchd,2003.0,Unf,2,672,Gd,TA,Y,0,25,212,0,0,0,Gd,MnPrv,Shed,0,4,2008,WD,Normal,163000,0.17702064623645958,1912,2.0,119,1,0,1,0,0
1395,120,RL,53.0,4045,Pave,Grvl,Reg,Lvl,AllPub,Inside,Gtl,Blmngtn,Norm,Norm,TwnhsE,1Story,7,5,2006,2006,Hip,CompShg,VinylSd,VinylSd,BrkFace,45.0,Gd,TA,PConc,Gd,TA,Av,GLQ,1070,Unf,0,286,1356,GasA,Ex,Y,SBrkr,1500,0,0,1500,1,0,2,0,2,1,Gd,6,Typ,1,Gd,Attchd,2006.0,Fin,3,648,TA,TA,Y,161,20,0,0,0,0,Gd,MnPrv,Shed,0,10,2006,New,Partial,246578,0.3707365299060801,1500,2.0,18,0,0,0,0,0
1396,60,RL,88.0,12665,Pave,Grvl,IR1,Lvl,AllPub,Inside,Gtl,Timber,Norm,Norm,1Fam,2Story,8,5,2005,2006,Hip,CompShg,VinylSd,VinylSd,BrkFace,245.0,Gd,TA,PConc,Gd,Gd,Gd,Unf,0,Unf,0,1094,1094,GasA,Ex,Y,SBrkr,1133,1349,0,2482,0,0,2,1,4,1,Gd,9,Typ,1,Gd,BuiltIn,2005.0,Fin,3,642,TA,TA,Y,144,39,0,0,0,0,Gd,MnPrv,Shed,0,2,2007,WD,Normal,281213,0.19595768198326227,2482,2.5,19,0,0,0,1,0
1397,20,RL,69.0,57200,Pave,Grvl,IR1,Bnk,AllPub,Inside,Sev,Timber,Norm,Norm,1Fam,1Story,5,5,1948,1950,Gable,CompShg,Wd Sdng,Wd Sdng,BrkFace,0.0,TA,TA,CBlock,TA,TA,Av,BLQ,353,Rec,334,60,747,GasA,TA,Y,SBrkr,1687,0,0,1687,1,0,1,0,3,1,TA,7,Min1,2,TA,Detchd,1966.0,Unf,2,572,TA,TA,N,0,0,50,0,0,0,Gd,MnPrv,Shed,0,6,2010,WD,Normal,160000,0.029492491390010665,1687,1.0,76,0,0,0,1,1
1398,70,RM,51.0,6120,Pave,Grvl,Reg,Lvl,AllPub,Inside,Gtl,BrkSide,Norm,Norm,1Fam,2Story,5,8,1920,2004,Gable,CompShg,MetalSd,MetalSd,BrkFace,0.0,TA,TA,BrkTil,TA,TA,Mn,Unf,0,Unf,0,939,939,GasA,Ex,Y,SBrkr,939,574,0,1513,0,0,1,1,4,1,TA,8,Typ,0,Gd,Detchd,1933.0,Unf,1,180,Fa,Fa,N,24,0,150,0,0,0,Gd,MnPrv,Shed,0,5,2007,WD,Normal,137500,0.247181833033818,1513,1.5,104,1,0,0,0,0
1399,50,RL,60.0,7200,Pave,Grvl,Reg,Lvl,AllPub,Inside,Gtl,NAmes,Norm,Norm,1Fam,1.5Fin,5,4,1950,1982,Gable,CompShg,VinylSd,Wd Sdng,BrkFace,0.0,TA,TA,CBlock,TA,TA,No,Rec,180,BLQ,352,676,1208,GasA,Gd,Y,FuseA,1136,768,0,1904,1,0,1,1,3,1,TA,7,Min1,0,Gd,Attchd,1950.0,Unf,1,240,TA,TA,Y,0,0,168,0,0,0,Gd,GdPrv,Shed,0,5,2009,WD,Normal,138000,0.2644077211498403,1904,1.5,74,0,0,0,0,0
1400,50,RL,51.0,6171,Pave,Grvl,Reg,Lvl,AllPub,Inside,Gtl,SWISU,Norm,Norm,1Fam,1.5Fin,6,6,1925,1990,Gable,CompShg,WdShing,Wd Shng,BrkFace,0.0,TA,TA,BrkTil,TA,TA,No,BLQ,264,Unf,0,712,976,GasA,Ex,Y,SBrkr,1160,448,0,1608,0,0,2,1,3,1,Gd,7,Typ,1,Gd,Detchd,1925.0,Unf,1,216,Fa,TA,Y,147,16,0,0,0,0,Gd,MnPrv,Shed,0,10,2009,WD,Normal,137450,0.26053143227478937,1608,2.5,99,0,0,0,0,0
1401,50,RM,50.0,6000,Pave,Grvl,Reg,Lvl,AllPub,Corner,Gtl,BrkSide,Norm,Norm,1Fam,1.5Fin,6,7,1929,1950,Gable,CompShg,WdShing,Wd Shng,BrkFace,0.0,TA,TA,BrkTil,TA,TA,No,Unf,0,Unf,0,862,862,GasA,TA,Y,SBrkr,950,208,0,1158,0,0,1,0,3,1,TA,5,Typ,1,Gd,BuiltIn,1929.0,RFn,1,208,TA,TA,Y,0,0,112,0,0,0,Gd,MnPrv,Shed,0,7,2008,WD,Normal,120000,0.19296783869355108,1158,1.0,95,1,0,0,0,0
1402,60,RL,62.0,7415,Pave,Grvl,IR1,Lvl,AllPub,Inside,Gtl,Gilbert,Norm,Norm,1Fam,2Story,6,5,2004,2004,Gable,CompShg,VinylSd,VinylSd,BrkFace,0.0,TA,TA,PConc,TA,TA,No,GLQ,759,Unf,0,80,839,GasA,Ex,Y,SBrkr,864,729,0,1593,1,0,2,1,3,1,TA,8,Typ,1,TA,Attchd,2004.0,Fin,2,398,TA,TA,Y,100,75,0,0,0,0,Gd,MnPrv,Shed,0,4,2008,WD,Normal,193000,0.21480582524271843,1593,2.5,20,0,0,0,1,0
1403,20,RL,64.0,6762,Pave,Grvl,Reg,Lvl,AllPub,Inside,Gtl,CollgCr,Norm,Norm,1Fam,1Story,7,5,2006,2006,Gable,CompShg,VinylSd,VinylSd,BrkFace,0.0,Gd,TA,PConc,Gd,Gd,Av,Unf,0,Unf,0,1286,1286,GasA,Ex,Y,SBrkr,1294,0,0,1294,0,0,2,0,2,1,Gd,6,Typ,1,Gd,Attchd,2006.0,RFn,2,662,TA,TA,Y,168,55,0,0,0,0,Gd,MnPrv,Shed,0,7,2006,New,Partial,193879,0.19133520626940706,1294,2.0,18,0,0,0,0,0
1404,20,RL,49.0,15256,Pave,Grvl,IR1,Lvl,AllPub,CulDSac,Gtl,Somerst,RRAn,Norm,1Fam,1Story,8,5,2007,2007,Gable,CompShg,VinylSd,VinylSd,Stone,84.0,Gd,TA,PConc,Gd,TA,Gd,GLQ,929,Unf,0,556,1485,GasA,Ex,Y,SBrkr,1464,0,0,1464,1,0,2,0,3,1,Gd,6,Typ,0,Gd,Attchd,2007.0,Unf,3,754,TA,TA,Y,168,160,0,0,0,0,Gd,MnPrv,Shed,0,8,2007,WD,Normal,282922,0.09595595464377007,1464,2.0,17,0,0,0,1,0
1405,50,RL,60.0,10410,Pave,Grvl,Reg,Lvl,AllPub,Corner,Gtl,OldTown,Artery,Norm,1Fam,1.5Fin,3,4,1915,1950,Gable,CompShg,Wd Sdng,Wd Sdng,BrkFace,0.0,TA,TA,PConc,TA,TA,No,Unf,0,Unf,0,672,672,GasA,TA,Y,SBrkr,694,520,0,1214,0,0,1,0,3,1,TA,6,Typ,0,Gd,Detchd,1998.0,Unf,3,936,TA,TA,Y,216,0,160,0,0,0,Gd,MnPrv,Shed,0,1,2006,WD,Family,105000,0.11660743444433772,1214,1.0,109,0,0,0,0,0
1406,120,RM,44.0,3842,Pave,Grvl,IR1,HLS,AllPub,Inside,Mod,Crawfor,Norm,Norm,TwnhsE,1Story,8,5,2004,2005,Hip,CompShg,CemntBd,CmentBd,Stone,174.0,Gd,TA,PConc,Ex,TA,Gd,GLQ,1373,Unf,0,221,1594,GasA,Ex,Y,SBrkr,1646,0,0,1646,1,1,2,0,2,1,Gd,5,Typ,1,Gd,Attchd,2004.0,Fin,2,482,TA,TA,Y,128,53,0,0,155,0,Gd,MnPrv,Shed,0,1,2008,WD,Normal,275000,0.4283112151964611,1646,2.0,20,1,0,0,1,3
1407,85,RL,70.0,8445,Pave,Grvl,Reg,Lvl,AllPub,Corner,Gtl,CollgCr,Norm,Norm,1Fam,SFoyer,5,7,1972,2007,Gable,CompShg,HdBoard,Wd Shng,BrkFace,0.0,TA,TA,CBlock,Gd,TA,Av,GLQ,656,Unf,0,112,768,GasA,TA,Y,SBrkr,768,0,0,768,1,0,1,0,2,1,TA,5,Typ,0,Gd,Detchd,1988.0,Unf,2,396,TA,TA,Y,58,0,0,0,0,0,Gd,MnPrv,Shed,0,3,2009,WD,Normal,133000,0.09093061804404452,768,1.0,52,0,0,0,0,0
1408,20,RL,69.0,8780,Pave,Grvl,IR1,Lvl,AllPub,Corner,Gtl,Mitchel,Norm,Norm,1Fam,1Story,5,5,1985,1985,Gable,CompShg,HdBoard,Plywood,BrkFace,0.0,TA,TA,CBlock,TA,TA,No,ALQ,625,Unf,0,208,833,GasA,Ex,Y,SBrkr,833,0,0,833,1,0,1,0,3,1,TA,5,Typ,0,Gd,Attchd,1980.0,Unf,0,0,TA,TA,Y,0,0,0,0,0,0,Gd,MnPrv,Shed,0,3,2009,WD,Normal,112000,0.09486391071631932,833,1.0,39,0,0,0,1,0
1409,70,RM,60.0,7740,Pave,Grvl,Reg,Lvl,AllPub,Inside,Gtl,OldTown,Norm,Norm,1Fam,2Story,4,7,1910,1950,Gable,CompShg,VinylSd,VinylSd,BrkFace,0.0,TA,TA,CBlock,Fa,TA,No,Unf,0,Unf,0,622,622,GasA,Gd,Y,SBrkr,741,622,0,1363,0,0,1,0,3,1,TA,6,Typ,0,Gd,Detchd,1966.0,Unf,2,528,TA,TA,Y,0,0,0,0,168,0,Gd,MnPrv,Shed,0,6,2010,WD,Normal,125500,0.17607544244929596,1363,1.0,114,1,0,0,0,0
1410,60,RL,46.0,20544,Pave,Grvl,IR1,Lvl,AllPub,CulDSac,Gtl,NWAmes,Norm,Norm,1Fam,2Story,7,6,1986,1991,Gable,CompShg,Plywood,Plywood,BrkFace,123.0,TA,Gd,CBlock,Gd,TA,No,Unf,0,Unf,0,791,791,GasA,Gd,Y,SBrkr,1236,857,0,2093,0,0,2,1,3,1,TA,7,Typ,1,TA,Attchd,1986.0,Fin,2,542,TA,TA,Y,364,63,0,0,0,0,Gd,MnPrv,Shed,0,11,2008,WD,Normal,215000,0.10187393526405451,2093,2.5,38,0,0,0,1,0
1411,60,RL,79.0,12420,Pave,Grvl,Reg,Lvl,AllPub,Inside,Gtl,CollgCr,Norm,Norm,1Fam,2Story,7,5,2001,2001,Gable,CompShg,VinylSd,VinylSd,BrkFace,0.0,Gd,TA,PConc,Gd,TA,No,GLQ,666,Unf,0,278,944,GasA,Ex,Y,SBrkr,944,896,0,1840,1,0,2,1,3,1,Gd,6,Typ,0,Gd,Attchd,2001.0,RFn,2,622,TA,TA,Y,0,45,0,0,0,0,Gd,MnPrv,Shed,0,6,2009,WD,Normal,230000,0.14813622091619033,1840,2.5,23,0,0,0,0,0
1412,50,RL,80.0,9600,Pave,Grvl,Reg,Lvl,AllPub,Inside,Gtl,NAmes,Norm,Norm,1Fam,1.5Fin,6,8,1950,2005,Gable,CompShg,VinylSd,VinylSd,BrkFace,0.0,TA,Gd,CBlock,TA,TA,No,BLQ,120,Unf,0,736,856,GasA,Ex,Y,SBrkr,1112,556,0,1668,0,0,1,1,3,1,TA,6,Min2,0,Gd,Attchd,1950.0,Unf,1,271,TA,TA,Y,0,0,0,0,0,0,Gd,MnPrv,Shed,0,9,2009,WD,Normal,140000,0.17373190292677845,1668,1.5,74,0,0,0,0,0
1413,90,RL,60.0,7200,Pave,Grvl,Reg,Lvl,AllPub,Inside,Gtl,NAmes,Norm,Norm,Duplex,1Story,4,5,1949,1950,Gable,CompShg,BrkFace,Stone,BrkFace,0.0,TA,TA,Slab,TA,TA,No,Unf,0,Unf,0,0,0,Wall,Fa,N,FuseF,1040,0,0,1040,0,0,2,0,2,2,TA,6,Typ,0,Gd,Detchd,1956.0,Unf,2,420,TA,TA,Y,0,0,0,0,0,0,Gd,MnPrv,Shed,0,6,2009,WD,Normal,90000,0.1444243855020136,1040,2.0,75,0,0,0,0,0
1414,20,RL,88.0,10994,Pave,Grvl,IR1,Lvl,AllPub,Corner,Gtl,SawyerW,Norm,Norm,1Fam,1Story,8,5,2005,2006,Gable,CompShg,VinylSd,VinylSd,Stone,366.0,Gd,TA,PConc,Gd,Gd,No,GLQ,976,Unf,0,868,1844,GasA,Ex,Y,SBrkr,1844,0,0,1844,1,0,2,0,2,1,Gd,7,Typ,1,Gd,Attchd,2005.0,Fin,2,620,TA,TA,Y,165,44,0,0,0,0,Gd,MnPrv,Shed,0,9,2009,COD,Abnorml,257000,0.167712596634834,1844,2.0,19,0,0,0,1,0
1415,50,RL,64.0,13053,Pave,Pave,Reg,Bnk,AllPub,Inside,Gtl,BrkSide,Norm,Norm,1Fam,1.5Fin,6,7,1923,2000,Gambrel,CompShg,Wd Sdng,Wd Sdng,BrkFace,0.0,TA,TA,BrkTil,TA,TA,No,Unf,0,Unf,0,833,833,GasA,Gd,Y,SBrkr,1053,795,0,1848,0,0,1,1,4,1,Gd,8,Typ,1,Gd,Detchd,1922.0,Unf,2,370,TA,TA,N,0,0,0,0,220,0,Gd,MnPrv,Shed,0,6,2008,WD,Normal,207000,0.141565803585108,1848,1.5,101,0,0,1,0,1
1416,120,RL,51.0,3635,Pave,Grvl,Reg,Lvl,AllPub,Inside,Gtl,Blmngtn,Norm,Norm,TwnhsE,1Story,7,5,2007,2007,Hip,CompShg,VinylSd,VinylSd,BrkFace,130.0,Gd,TA,PConc,Gd,TA,No,ALQ,988,Unf,0,398,1386,GasA,Ex,Y,SBrkr,1569,0,0,1569,0,1,2,0,1,1,Gd,7,Typ,1,TA,Attchd,2007.0,RFn,3,660,TA,TA,Y,143,20,0,0,0,0,Gd,MnPrv,Shed,0,5,2009,WD,Normal,175900,0.4315181518151815,1569,2.0,17,0,0,0,0,0
1417,190,RM,60.0,11340,Pave,Grvl,Reg,Lvl,AllPub,Inside,Gtl,OldTown,Norm,Norm,2fmCon,2Story,4,6,1885,1950,Gable,CompShg,VinylSd,AsbShng,BrkFace,0.0,TA,TA,PConc,TA,TA,No,Unf,0,Unf,0,777,777,GasA,Gd,Y,SBrkr,1246,1044,0,2290,0,0,2,0,4,2,TA,11,Typ,0,Gd,Detchd,1971.0,Unf,2,560,TA,TA,N,0,0,114,0,0,0,Gd,MnPrv,Shed,0,4,2010,WD,Normal,122500,0.201922229080328,2290,2.0,139,1,0,0,0,0
1418,60,RL,69.0,16545,Pave,Grvl,IR1,Lvl,AllPub,Inside,Gtl,NoRidge,Norm,Norm,1Fam,2Story,8,5,1998,1998,Gable,CompShg,VinylSd,VinylSd,BrkFace,731.0,Gd,TA,PConc,Gd,TA,Mn,GLQ,781,Unf,0,503,1284,GasA,Ex,Y,SBrkr,1310,1140,0,2450,1,0,2,1,3,1,Gd,7,Typ,1,TA,Attchd,1998.0,Fin,3,1069,TA,TA,Y,0,126,0,0,0,0,Gd,MnPrv,Shed,0,5,2009,WD,Normal,340000,0.14807204158104678,2450,2.5,26,0,0,0,1,0
1419,20,RL,71.0,9204,Pave,Grvl,Reg,Lvl,AllPub,Inside,Gtl,NAmes,Norm,Norm,1Fam,1Story,5,5,1963,1963,Gable,CompShg,HdBoard,HdBoard,BrkFace,0.0,TA,TA,CBlock,TA,TA,No,BLQ,25,Rec,872,247,1144,GasA,TA,Y,SBrkr,1144,0,0,1144,1,0,1,1,3,1,TA,6,Typ,0,Gd,Detchd,1962.0,Unf,1,336,TA,TA,Y,0,88,0,0,0,0,Gd,MnPrv,Shed,0,8,2008,COD,Normal,124000,0.1242802824551874,1144,1.5,61,0,0,0,0,0
1420,20,RL,69.0,16381,Pave,Grvl,IR1,Lvl,AllPub,Inside,Gtl,Crawfor,Norm,Norm,1Fam,1Story,6,5,1969,1969,Gable,CompShg,Plywood,Plywood,BrkFace,312.0,Gd,Gd,CBlock,TA,TA,Av,Rec,1110,Unf,0,734,1844,GasA,Gd,Y,SBrkr,1844,0,0,1844,1,0,2,0,3,1,Gd,7,Typ,1,TA,Attchd,1969.0,RFn,2,540,TA,TA,Y,0,73,216,0,0,0,Gd,MnPrv,Shed,0,12,2006,WD,Normal,223000,0.11256256867293371,1844,2.0,55,0,0,0,1,0
1421,60,RL,90.0,11700,Pave,Grvl,Reg,Lvl,AllPub,Corner,Gtl,NWAmes,Norm,Norm,1Fam,2Story,6,6,1968,1968,Gable,CompShg,HdBoard,HdBoard,BrkFace,420.0,TA,TA,CBlock,TA,TA,No,ALQ,404,Unf,0,304,708,GasA,Gd,Y,SBrkr,708,708,0,1416,0,0,2,1,3,1,TA,7,Typ,1,TA,Attchd,1968.0,RFn,2,776,TA,TA,Y,0,169,0,0,119,0,Gd,MnPrv,Shed,0,5,2006,WD,Normal,179900,0.12101529783779164,1416,2.5,56,0,0,0,0,0
1422,120,RL,53.0,4043,Pave,Grvl,Reg,Lvl,AllPub,Inside,Gtl,NPkVill,Norm,Norm,TwnhsE,1Story,6,5,1977,1977,Gable,CompShg,Plywood,Plywood,BrkFace,0.0,TA,TA,CBlock,Gd,TA,No,ALQ,360,Unf,0,709,1069,GasA,TA,Y,SBrkr,1069,0,0,1069,0,0,2,0,2,1,TA,4,Typ,1,Fa,Attchd,1977.0,RFn,2,440,TA,TA,Y,0,55,0,0,165,0,Gd,MnPrv,Shed,0,7,2010,WD,Normal,127500,0.2643422354104847,1069,2.0,47,0,0,0,0,0
1423,120,RM,37.0,4435,Pave,Grvl,Reg,Lvl,AllPub,Inside,Gtl,CollgCr,Norm,Norm,TwnhsE,1Story,6,5,2003,2003,Gable,CompShg,VinylSd,VinylSd,BrkFace,170.0,Gd,TA,PConc,Gd,TA,Av,GLQ,686,Unf,0,162,848,GasA,Ex,Y,SBrkr,848,0,0,848,1,0,1,0,1,1,Gd,3,Typ,0,Gd,Attchd,2003.0,Fin,2,420,TA,TA,Y,140,0,0,0,0,0,Gd,MnPrv,Shed,0,3,2008,WD,Normal,136500,0.19116321009918846,848,1.0,21,1,0,0,0,0
1424,80,RL,69.0,19690,Pave,Grvl,IR1,Lvl,AllPub,CulDSac,Gtl,Edwards,Norm,Norm,1Fam,SLvl,6,7,1966,1966,Flat,Tar&Grv,Plywood,Plywood,BrkFace,0.0,Gd,Gd,CBlock,Gd,TA,Av,Unf,0,Unf,0,697,697,GasA,TA,Y,SBrkr,1575,626,0,2201,0,0,2,0,4,1,Gd,8,Typ,1,Gd,Attchd,1966.0,Unf,2,432,Gd,Gd,Y,586,236,0,0,0,738,Gd,GdPrv,Shed,0,8,2006,WD,Alloca,274970,0.11177695393834747,2201,2.0,58,0,0,0,1,0
1425,20,RL,69.0,9503,Pave,Grvl,Reg,Lvl,AllPub,Inside,Gtl,NAmes,Norm,Norm,1Fam,1Story,5,5,1958,1983,Hip,CompShg,HdBoard,HdBoard,BrkFace,0.0,TA,TA,CBlock,TA,TA,No,ALQ,457,Rec,374,193,1024,GasA,TA,Y,SBrkr,1344,0,0,1344,1,0,1,0,2,1,TA,6,Min1,1,TA,Detchd,1970.0,Unf,1,484,TA,TA,Y,316,28,0,0,0,0,Gd,GdWo,Shed,0,6,2007,WD,Normal,144000,0.1414141414141414,1344,1.0,66,0,0,0,0,0
1426,20,RL,80.0,10721,Pave,Grvl,IR1,Lvl,AllPub,Inside,Gtl,NAmes,Norm,Norm,1Fam,1Story,6,6,1959,1959,Hip,CompShg,HdBoard,HdBoard,Stone,243.0,Gd,TA,CBlock,TA,TA,No,Unf,0,Unf,0,1252,1252,GasA,Ex,Y,SBrkr,1252,0,0,1252,0,0,1,0,3,1,Gd,7,Typ,0,Gd,Detchd,1960.0,Unf,2,528,TA,TA,Y,0,39,0,0,0,0,Gd,MnPrv,Shed,0,10,2008,WD,Normal,142000,0.11676925946651744,1252,1.0,65,0,0,0,1,0
1427,60,RL,81.0,10944,Pave,Grvl,IR1,Lvl,AllPub,Inside,Gtl,NoRidge,Norm,Norm,1Fam,2Story,7,5,1994,1994,Gable,CompShg,VinylSd,VinylSd,BrkFace,448.0,Gd,TA,PConc,Gd,TA,No,GLQ,1000,Unf,0,223,1223,GasA,Ex,Y,SBrkr,1223,904,0,2127,1,0,2,1,3,1,Gd,5,Typ,2,TA,Attchd,1994.0,RFn,2,525,TA,TA,Y,171,132,0,0,0,0,Gd,MnPrv,Shed,0,8,2008,WD,Normal,271000,0.19433531292827774,2127,2.5,30,0,0,0,1,0
1428,50,RL,60.0,10930,Pave,Grvl,Reg,Bnk,AllPub,Inside,Gtl,NAmes,Artery,Norm,1Fam,1.5Fin,5,6,1945,1950,Gable,CompShg,MetalSd,MetalSd,BrkFace,0.0,TA,TA,CBlock,TA,TA,No,BLQ,580,Unf,0,333,913,GasA,TA,Y,FuseA,1048,510,0,1558,1,0,1,1,3,1,TA,6,Typ,1,TA,Attchd,1962.0,Unf,1,288,TA,TA,Y,0,0,0,0,0,0,Gd,MnPrv,Shed,0,4,2008,WD,Normal,140000,0.14253041807702863,1558,1.5,79,0,0,0,0,1
1429,30,RM,60.0,7200,Pave,Grvl,Reg,Lvl,AllPub,Corner,Gtl,OldTown,Norm,Norm,1Fam,1Story,5,7,1940,1992,Gable,CompShg,MetalSd,MetalSd,Stone,294.0,TA,Gd,CBlock,TA,TA,No,BLQ,510,Unf,0,278,788,GasA,TA,Y,SBrkr,804,0,0,804,1,0,1,0,2,1,Gd,4,Typ,2,Gd,Attchd,1940.0,Unf,1,240,TA,TA,Y,0,0,154,0,0,0,Gd,MnPrv,Shed,0,2,2010,WD,Abnorml,119000,0.11165115956117205,804,1.0,84,1,0,0,0,0
1430,20,RL,69.0,12546,Pave,Grvl,IR1,Lvl,AllPub,Corner,Gtl,NWAmes,Norm,Norm,1Fam,1Story,6,7,1981,1981,Gable,CompShg,MetalSd,MetalSd,BrkFace,310.0,Gd,Gd,CBlock,Gd,TA,No,BLQ,678,Unf,0,762,1440,GasA,Ex,Y,SBrkr,1440,0,0,1440,0,0,2,0,3,1,Gd,7,Typ,1,TA,Attchd,1981.0,Fin,2,467,TA,TA,Y,0,0,99,0,0,0,Gd,MnPrv,Shed,0,4,2007,WD,Normal,182900,0.11476847055072925,1440,2.0,43,0,0,0,1,0
1431,60,RL,60.0,21930,Pave,Grvl,IR3,Lvl,AllPub,Inside,Gtl,Gilbert,RRAn,Norm,1Fam,2Story,5,5,2005,2005,Gable,CompShg,VinylSd,VinylSd,BrkFace,0.0,Gd,TA,PConc,Gd,Gd,Av,Unf,0,Unf,0,732,732,GasA,Ex,Y,SBrkr,734,1104,0,1838,0,0,2,1,4,1,TA,7,Typ,1,Gd,BuiltIn,2005.0,Fin,2,372,TA,TA,Y,100,40,0,0,0,0,Gd,MnPrv,Shed,0,7,2006,WD,Normal,192140,0.08380830787469791,1838,2.5,19,0,0,0,3,0
1432,120,RL,69.0,4928,Pave,Grvl,IR1,Lvl,AllPub,Inside,Gtl,NPkVill,Norm,Norm,TwnhsE,1Story,6,6,1976,1976,Gable,CompShg,Plywood,Plywood,BrkFace,0.0,TA,TA,CBlock,Gd,TA,No,LwQ,958,Unf,0,0,958,GasA,TA,Y,SBrkr,958,0,0,958,0,0,2,0,2,1,TA,5,Typ,0,Gd,Attchd,1976.0,RFn,2,440,TA,TA,Y,0,60,0,0,0,0,Gd,MnPrv,Shed,0,10,2009,WD,Normal,143750,0.19435991073240008,958,2.0,48,0,0,0,1,0
1433,30,RL,60.0,10800,Pave,Grvl,Reg,Lvl,AllPub,Inside,Gtl,OldTown,Norm,Norm,1Fam,1Story,4,6,1927,2007,Gable,CompShg,Wd Sdng,Wd Sdng,BrkFace,0.0,TA,TA,BrkTil,TA,TA,No,Unf,0,Unf,0,656,656,GasA,TA,Y,SBrkr,968,0,0,968,0,0,2,0,4,1,TA,5,Typ,0,Gd,Detchd,1928.0,Unf,1,216,Fa,Fa,Y,0,0,0,0,0,0,Gd,MnPrv,Shed,0,8,2007,WD,Normal,64500,0.08962133135820757,968,2.0,97,0,0,0,0,0
1434,60,RL,93.0,10261,Pave,Grvl,IR1,Lvl,AllPub,Inside,Gtl,Gilbert,Norm,Norm,1Fam,2Story,6,5,2000,2000,Gable,CompShg,VinylSd,VinylSd,BrkFace,318.0,TA,TA,PConc,Gd,TA,No,Unf,0,Unf,0,936,936,GasA,Ex,Y,SBrkr,962,830,0,1792,1,0,2,1,3,1,TA,8,Typ,1,TA,Attchd,2000.0,Fin,2,451,TA,TA,Y,0,0,0,0,0,0,Gd,MnPrv,Shed,0,5,2008,WD,Normal,186500,0.17462482946793997,1792,2.5,24,0,0,0,1,0
1435,20,RL,80.0,17400,Pave,Grvl,Reg,Low,AllPub,Inside,Mod,Mitchel,Norm,Norm,1Fam,1Story,5,5,1977,1977,Gable,CompShg,BrkFace,BrkFace,BrkFace,0.0,TA,TA,CBlock,TA,TA,No,ALQ,936,Unf,0,190,1126,GasA,Fa,Y,SBrkr,1126,0,0,1126,1,0,2,0,3,1,TA,5,Typ,1,Gd,Attchd,1977.0,RFn,2,484,TA,TA,P,295,41,0,0,0,0,Gd,MnPrv,Shed,0,5,2006,WD,Normal,160000,0.06470892477443825,1126,2.0,47,0,0,0,0,2
1436,20,RL,80.0,8400,Pave,Grvl,Reg,Lvl,AllPub,Inside,Gtl,NAmes,Norm,Norm,1Fam,1Story,6,9,1962,2005,Gable,CompShg,Wd Sdng,Wd Sdng,BrkFace,237.0,Gd,Gd,CBlock,TA,TA,No,Unf,0,Unf,0,1319,1319,GasA,TA,Y,SBrkr,1537,0,0,1537,1,0,1,1,3,1,Gd,7,Typ,1,Gd,Attchd,1962.0,RFn,2,462,TA,TA,Y,0,36,0,0,0,0,Gd,GdPrv,Shed,0,7,2008,COD,Abnorml,174000,0.18295441018926317,1537,1.5,62,0,0,0,0,0
1437,20,RL,60.0,9000,Pave,Grvl,Reg,Lvl,AllPub,FR2,Gtl,NAmes,Norm,Norm,1Fam,1Story,4,6,1971,1971,Gable,CompShg,HdBoard,HdBoard,BrkFace,0.0,TA,TA,PConc,TA,TA,No,ALQ,616,Unf,0,248,864,GasA,TA,Y,SBrkr,864,0,0,864,0,0,1,0,3,1,TA,5,Typ,0,Gd,Detchd,1974.0,Unf,2,528,TA,TA,Y,0,0,0,0,0,0,Gd,GdWo,Shed,0,5,2007,WD,Normal,120500,0.09598933451838684,864,1.0,53,0,0,0,0,0
1438,20,RL,96.0,12444,Pave,Grvl,Reg,Lvl,AllPub,FR2,Gtl,NridgHt,Norm,Norm,1Fam,1Story,8,5,2008,2008,Hip,CompShg,VinylSd,VinylSd,Stone,426.0,Ex,TA,PConc,Ex,TA,Av,GLQ,1336,Unf,0,596,1932,GasA,Ex,Y,SBrkr,1932,0,0,1932,1,0,2,0,2,1,Ex,7,Typ,1,Gd,Attchd,2008.0,Fin,3,774,TA,TA,Y,0,66,0,304,0,0,Gd,MnPrv,Shed,0,11,2008,New,Partial,394617,0.15524306950582564,1932,2.0,16,0,0,0,0,0
1439,20,RM,90.0,7407,Pave,Grvl,Reg,Lvl,AllPub,Inside,Gtl,OldTown,Artery,Norm,1Fam,1Story,6,7,1957,1996,Gable,CompShg,MetalSd,MetalSd,BrkFace,0.0,TA,TA,CBlock,TA,TA,No,GLQ,600,Unf,0,312,912,GasA,TA,Y,FuseA,1236,0,0,1236,1,0,1,0,2,1,TA,6,Typ,0,Gd,Attchd,1957.0,Unf,2,923,TA,TA,Y,0,158,158,0,0,0,Gd,MnPrv,Shed,0,4,2010,WD,Normal,149700,0.16684665226781858,1236,1.0,67,1,0,0,0,0
1440,60,RL,80.0,11584,Pave,Grvl,Reg,Lvl,AllPub,Inside,Gtl,NWAmes,Norm,Norm,1Fam,SLvl,7,6,1979,1979,Hip,CompShg,HdBoard,HdBoard,BrkFace,96.0,TA,TA,CBlock,TA,TA,No,GLQ,315,Rec,110,114,539,GasA,TA,Y,SBrkr,1040,685,0,1725,0,0,2,1,3,1,TA,6,Typ,1,TA,Attchd,1979.0,RFn,2,550,TA,TA,Y,0,88,216,0,0,0,Gd,MnPrv,Shed,0,11,2007,WD,Normal,197000,0.1488994389296504,1725,2.5,45,0,0,0,0,0
1441,70,RL,79.0,11526,Pave,Grvl,IR1,Bnk,AllPub,Inside,Mod,Crawfor,Norm,Norm,1Fam,2.5Fin,6,7,1922,1994,Gable,CompShg,MetalSd,MetalSd,BrkFace,0.0,TA,TA,BrkTil,Ex,TA,No,Unf,0,Unf,0,588,588,GasA,Fa,Y,SBrkr,1423,748,384,2555,0,0,2,0,3,1,TA,11,Min1,1,Gd,Detchd,1993.0,Fin,2,672,TA,TA,Y,431,0,0,0,0,0,Gd,MnPrv,Shed,0,9,2008,WD,Normal,191000,0.22165350915242474,2171,2.0,102,0,0,0,1,1
1442,120,RM,69.0,4426,Pave,Grvl,Reg,Lvl,AllPub,Inside,Gtl,CollgCr,Norm,Norm,TwnhsE,1Story,6,5,2004,2004,Gable,CompShg,VinylSd,VinylSd,BrkFace,147.0,Gd,TA,PConc,Gd,TA,Av,GLQ,697,Unf,0,151,848,GasA,Ex,Y,SBrkr,848,0,0,848,1,0,1,0,1,1,Gd,3,Typ,1,TA,Attchd,2004.0,RFn,2,420,TA,TA,Y,149,0,0,0,0,0,Gd,MnPrv,Shed,0,5,2008,WD,Normal,149300,0.19155184097583014,848,1.0,20,1,0,0,0,0
1443,60,FV,85.0,11003,Pave,Grvl,Reg,Lvl,AllPub,Inside,Gtl,Somerst,Norm,Norm,1Fam,2Story,10,5,2008,2008,Gable,CompShg,VinylSd,VinylSd,Stone,160.0,Ex,TA,PConc,Ex,TA,Av,GLQ,765,Unf,0,252,1017,GasA,Ex,Y,SBrkr,1026,981,0,2007,1,0,2,1,3,1,Ex,10,Typ,1,Ex,Attchd,2008.0,Fin,3,812,TA,TA,Y,168,52,0,0,0,0,Gd,MnPrv,Shed,0,4,2009,WD,Normal,310000,0.18238822246455835,2007,2.5,16,3,0,0,0,0
1444,30,RL,69.0,8854,Pave,Grvl,Reg,Lvl,AllPub,Inside,Gtl,BrkSide,Norm,Norm,1Fam,1.5Unf,6,6,1916,1950,Gable,CompShg,Wd Sdng,Wd Sdng,BrkFace,0.0,TA,TA,BrkTil,TA,TA,No,Unf,0,Unf,0,952,952,Grav,Fa,N,FuseF,952,0,0,952,0,0,1,0,2,1,Fa,4,Typ,1,Gd,Detchd,1916.0,Unf,1,192,Fa,Po,P,0,98,0,0,40,0,Gd,MnPrv,Shed,0,5,2009,WD,Normal,121000,0.1075098814229249,952,1.0,108,0,0,0,0,0
1445,20,RL,63.0,8500,Pave,Grvl,Reg,Lvl,AllPub,FR2,Gtl,CollgCr,Norm,Norm,1Fam,1Story,7,5,2004,2004,Gable,CompShg,VinylSd,VinylSd,BrkFace,106.0,Gd,TA,PConc,Gd,TA,Av,Unf,0,Unf,0,1422,1422,GasA,Ex,Y,SBrkr,1422,0,0,1422,0,0,2,0,3,1,Gd,7,Typ,0,Gd,Attchd,2004.0,RFn,2,626,TA,TA,Y,192,60,0,0,0,0,Gd,MnPrv,Shed,0,11,2007,WD,Normal,179600,0.1672744383013763,1422,2.0,20,0,0,0,0,0
1446,85,RL,70.0,8400,Pave,Grvl,Reg,Lvl,AllPub,Inside,Gtl,Sawyer,Norm,Norm,1Fam,SFoyer,6,5,1966,1966,Gable,CompShg,VinylSd,VinylSd,BrkFace,0.0,TA,TA,CBlock,TA,TA,Gd,LwQ,187,Rec,627,0,814,GasA,Gd,Y,SBrkr,913,0,0,913,1,0,1,0,3,1,TA,6,Typ,0,Gd,Detchd,1990.0,Unf,1,240,TA,TA,Y,0,0,252,0,0,0,Gd,MnPrv,Shed,0,5,2007,WD,Normal,129000,0.10867753838828711,913,1.0,58,0,0,0,0,0
1447,20,RL,69.0,26142,Pave,Grvl,IR1,Lvl,AllPub,CulDSac,Gtl,Mitchel,Norm,Norm,1Fam,1Story,5,7,1962,1962,Gable,CompShg,HdBoard,HdBoard,BrkFace,189.0,TA,TA,CBlock,TA,TA,No,Rec,593,Unf,0,595,1188,GasA,TA,Y,SBrkr,1188,0,0,1188,0,0,1,0,3,1,TA,6,Typ,0,Gd,Attchd,1962.0,Unf,1,312,TA,TA,P,261,39,0,0,0,0,Gd,MnPrv,Shed,0,4,2010,WD,Normal,157900,0.045442374631832615,1188,1.0,62,0,0,0,1,0
1448,60,RL,80.0,10000,Pave,Grvl,Reg,Lvl,AllPub,Inside,Gtl,CollgCr,Norm,Norm,1Fam,2Story,8,5,1995,1996,Gable,CompShg,VinylSd,VinylSd,BrkFace,438.0,Gd,TA,PConc,Gd,TA,No,GLQ,1079,Unf,0,141,1220,GasA,Ex,Y,SBrkr,1220,870,0,2090,1,0,2,1,3,1,Gd,8,Typ,1,TA,Attchd,1995.0,RFn,2,556,TA,TA,Y,0,65,0,0,0,0,Gd,MnPrv,Shed,0,12,2007,WD,Normal,240000,0.208979102089791,2090,2.5,29,0,0,0,0,0
1449,50,RL,70.0,11767,Pave,Grvl,Reg,Lvl,AllPub,Inside,Gtl,Edwards,Norm,Norm,1Fam,2Story,4,7,1910,2000,Gable,CompShg,MetalSd,HdBoard,BrkFace,0.0,TA,TA,CBlock,Fa,TA,No,Unf,0,Unf,0,560,560,GasA,Gd,N,SBrkr,796,550,0,1346,0,0,1,1,2,1,TA,6,Min2,0,Gd,Detchd,1950.0,Unf,1,384,Fa,TA,Y,168,24,0,0,0,0,Gd,GdWo,Shed,0,5,2007,WD,Normal,112000,0.11437797416723318,1346,1.5,114,0,0,0,0,0
1450,180,RM,21.0,1533,Pave,Grvl,Reg,Lvl,AllPub,Inside,Gtl,MeadowV,Norm,Norm,Twnhs,SFoyer,5,7,1970,1970,Gable,CompShg,CemntBd,CmentBd,BrkFace,0.0,TA,TA,CBlock,Gd,TA,Av,GLQ,553,Unf,0,77,630,GasA,Ex,Y,SBrkr,630,0,0,630,1,0,1,0,1,1,Ex,3,Typ,0,Gd,Attchd,1980.0,Unf,0,0,TA,TA,Y,0,0,0,0,0,0,Gd,MnPrv,Shed,0,8,2006,WD,Abnorml,92000,0.4106910039113429,630,1.0,54,1,0,0,0,0
1451,90,RL,60.0,9000,Pave,Grvl,Reg,Lvl,AllPub,FR2,Gtl,NAmes,Norm,Norm,Duplex,2Story,5,5,1974,1974,Gable,CompShg,VinylSd,VinylSd,BrkFace,0.0,TA,TA,CBlock,Gd,TA,No,Unf,0,Unf,0,896,896,GasA,TA,Y,SBrkr,896,896,0,1792,0,0,2,2,4,2,TA,8,Typ,0,Gd,Attchd,1980.0,Unf,0,0,TA,TA,Y,32,45,0,0,0,0,Gd,MnPrv,Shed,0,9,2009,WD,Normal,136000,0.19908899011220976,1792,3.0,50,0,0,0,0,0
1452,20,RL,78.0,9262,Pave,Grvl,Reg,Lvl,AllPub,Inside,Gtl,Somerst,Norm,Norm,1Fam,1Story,8,5,2008,2009,Gable,CompShg,CemntBd,CmentBd,Stone,194.0,Gd,TA,PConc,Gd,TA,No,Unf,0,Unf,0,1573,1573,GasA,Ex,Y,SBrkr,1578,0,0,1578,0,0,2,0,3,1,Ex,7,Typ,1,Gd,Attchd,2008.0,Fin,3,840,TA,TA,Y,0,36,0,0,0,0,Gd,MnPrv,Shed,0,5,2009,New,Partial,287090,0.17035517650869048,1578,2.0,16,0,0,0,0,0
1453,180,RM,35.0,3675,Pave,Grvl,Reg,Lvl,AllPub,Inside,Gtl,Edwards,Norm,Norm,TwnhsE,SLvl,5,5,2005,2005,Gable,CompShg,VinylSd,VinylSd,BrkFace,80.0,TA,TA,PConc,Gd,TA,Gd,GLQ,547,Unf,0,0,547,GasA,Gd,Y,SBrkr,1072,0,0,1072,1,0,1,0,2,1,TA,5,Typ,0,Gd,Basment,2005.0,Fin,2,525,TA,TA,Y,0,28,0,0,0,0,Gd,MnPrv,Shed,0,5,2006,WD,Normal,145000,0.2916213275299238,1072,1.0,19,1,0,0,0,0
1454,20,RL,90.0,17217,Pave,Grvl,Reg,Lvl,AllPub,Inside,Gtl,Mitchel,Norm,Norm,1Fam,1Story,5,5,2006,2006,Gable,CompShg,VinylSd,VinylSd,BrkFace,0.0,TA,TA,PConc,Gd,TA,No,Unf,0,Unf,0,1140,1140,GasA,Ex,Y,SBrkr,1140,0,0,1140,0,0,1,0,3,1,TA,6,Typ,0,Gd,Attchd,1980.0,Unf,0,0,TA,TA,Y,36,56,0,0,0,0,Gd,MnPrv,Shed,0,7,2006,WD,Abnorml,84500,0.06620978046230688,1140,1.0,18,0,0,0,0,0
1455,20,FV,62.0,7500,Pave,Pave,Reg,Lvl,AllPub,Inside,Gtl,Somerst,Norm,Norm,1Fam,1Story,7,5,2004,2005,Gable,CompShg,VinylSd,VinylSd,BrkFace,0.0,Gd,TA,PConc,Gd,TA,No,GLQ,410,Unf,0,811,1221,GasA,Ex,Y,SBrkr,1221,0,0,1221,1,0,2,0,2,1,Gd,6,Typ,0,Gd,Attchd,2004.0,RFn,2,400,TA,TA,Y,0,113,0,0,0,0,Gd,MnPrv,Shed,0,10,2009,WD,Normal,185000,0.16277829622716972,1221,2.0,20,3,0,1,0,0
1456,60,RL,62.0,7917,Pave,Grvl,Reg,Lvl,AllPub,Inside,Gtl,Gilbert,Norm,Norm,1Fam,2Story,6,5,1999,2000,Gable,CompShg,VinylSd,VinylSd,BrkFace,0.0,TA,TA,PConc,Gd,TA,No,Unf,0,Unf,0,953,953,GasA,Ex,Y,SBrkr,953,694,0,1647,0,0,2,1,3,1,TA,7,Typ,1,TA,Attchd,1999.0,RFn,2,460,TA,TA,Y,0,40,0,0,0,0,Gd,MnPrv,Shed,0,8,2007,WD,Normal,175000,0.2080070724930538,1647,2.5,25,0,0,0,0,0
1457,20,RL,85.0,13175,Pave,Grvl,Reg,Lvl,AllPub,Inside,Gtl,NWAmes,Norm,Norm,1Fam,1Story,6,6,1978,1988,Gable,CompShg,Plywood,Plywood,Stone,119.0,TA,TA,CBlock,Gd,TA,No,ALQ,790,Rec,163,589,1542,GasA,TA,Y,SBrkr,2073,0,0,2073,1,0,2,0,3,1,TA,7,Min1,2,TA,Attchd,1978.0,Unf,2,500,TA,TA,Y,349,0,0,0,0,0,Gd,MnPrv,Shed,0,2,2010,WD,Normal,210000,0.15733151183970856,2073,2.0,46,0,0,0,0,0
1458,70,RL,66.0,9042,Pave,Grvl,Reg,Lvl,AllPub,Inside,Gtl,Crawfor,Norm,Norm,1Fam,2Story,7,9,1941,2006,Gable,CompShg,CemntBd,CmentBd,BrkFace,0.0,Ex,Gd,Stone,TA,Gd,No,GLQ,275,Unf,0,877,1152,GasA,Ex,Y,SBrkr,1188,1152,0,2340,0,0,2,0,4,1,Gd,9,Typ,2,Gd,Attchd,1941.0,RFn,1,252,TA,TA,Y,0,60,0,0,0,0,Gd,GdPrv,Shed,2500,5,2010,WD,Normal,266500,0.25876368461793653,2340,2.0,83,0,0,0,0,0
1459,20,RL,68.0,9717,Pave,Grvl,Reg,Lvl,AllPub,Inside,Gtl,NAmes,Norm,Norm,1Fam,1Story,5,6,1950,1996,Hip,CompShg,MetalSd,MetalSd,BrkFace,0.0,TA,TA,CBlock,TA,TA,Mn,GLQ,49,Rec,1029,0,1078,GasA,Gd,Y,FuseA,1078,0,0,1078,1,0,1,0,2,1,Gd,5,Typ,0,Gd,Attchd,1950.0,Unf,1,240,TA,TA,Y,366,0,112,0,0,0,Gd,MnPrv,Shed,0,4,2010,WD,Normal,142125,0.11092817452150648,1078,1.0,74,0,0,0,0,0
1460,20,RL,75.0,9937,Pave,Grvl,Reg,Lvl,AllPub,Inside,Gtl,Edwards,Norm,Norm,1Fam,1Story,5,6,1965,1965,Gable,CompShg,HdBoard,HdBoard,BrkFace,0.0,Gd,TA,CBlock,TA,TA,No,BLQ,830,LwQ,290,136,1256,GasA,Gd,Y,SBrkr,1256,0,0,1256,1,0,1,1,3,1,TA,6,Typ,0,Gd,Attchd,1965.0,Fin,1,276,TA,TA,Y,736,68,0,0,0,0,Gd,MnPrv,Shed,0,6,2008,WD,Normal,147500,0.1263835781847454,1256,1.5,59,0,0,0,0,0
